-- MySQL dump 10.13  Distrib 5.5.9, for Win64 (x86)
--
-- Host: localhost    Database: gsm_test
-- ------------------------------------------------------
-- Server version	5.5.9

/*!40101 SET @OLD_CHARACTER_SET_CLIENT=@@CHARACTER_SET_CLIENT */;
/*!40101 SET @OLD_CHARACTER_SET_RESULTS=@@CHARACTER_SET_RESULTS */;
/*!40101 SET @OLD_COLLATION_CONNECTION=@@COLLATION_CONNECTION */;
/*!40101 SET NAMES utf8 */;
/*!40103 SET @OLD_TIME_ZONE=@@TIME_ZONE */;
/*!40103 SET TIME_ZONE='+00:00' */;
/*!40014 SET @OLD_UNIQUE_CHECKS=@@UNIQUE_CHECKS, UNIQUE_CHECKS=0 */;
/*!40014 SET @OLD_FOREIGN_KEY_CHECKS=@@FOREIGN_KEY_CHECKS, FOREIGN_KEY_CHECKS=0 */;
/*!40101 SET @OLD_SQL_MODE=@@SQL_MODE, SQL_MODE='NO_AUTO_VALUE_ON_ZERO' */;
/*!40111 SET @OLD_SQL_NOTES=@@SQL_NOTES, SQL_NOTES=0 */;

--
-- Table structure for table `auc_user`
--

DROP TABLE IF EXISTS `auc_user`;
/*!40101 SET @saved_cs_client     = @@character_set_client */;
/*!40101 SET character_set_client = utf8 */;
CREATE TABLE `auc_user` (
  `user_id` varchar(10) NOT NULL DEFAULT '',
  `desc_text` text,
  `last_login_time` datetime DEFAULT NULL,
  `version` decimal(10,0) DEFAULT NULL,
  `enc_pass` varchar(255) DEFAULT NULL,
  PRIMARY KEY (`user_id`)
) ENGINE=InnoDB DEFAULT CHARSET=utf8;
/*!40101 SET character_set_client = @saved_cs_client */;

--
-- Dumping data for table `auc_user`
--

LOCK TABLES `auc_user` WRITE;
/*!40000 ALTER TABLE `auc_user` DISABLE KEYS */;
INSERT INTO `auc_user` VALUES ('cndebbie',NULL,NULL,1,'1V8MJfvPbQzo7yLzZFIMDw==');
/*!40000 ALTER TABLE `auc_user` ENABLE KEYS */;
UNLOCK TABLES;

--
-- Table structure for table `auc_user_system`
--

DROP TABLE IF EXISTS `auc_user_system`;
/*!40101 SET @saved_cs_client     = @@character_set_client */;
/*!40101 SET character_set_client = utf8 */;
CREATE TABLE `auc_user_system` (
  `user_id` varchar(10) DEFAULT NULL,
  `system_name` varchar(25) DEFAULT NULL
) ENGINE=InnoDB DEFAULT CHARSET=utf8;
/*!40101 SET character_set_client = @saved_cs_client */;

--
-- Dumping data for table `auc_user_system`
--

LOCK TABLES `auc_user_system` WRITE;
/*!40000 ALTER TABLE `auc_user_system` DISABLE KEYS */;
INSERT INTO `auc_user_system` VALUES ('cndebbie','gsm');
/*!40000 ALTER TABLE `auc_user_system` ENABLE KEYS */;
UNLOCK TABLES;

--
-- Table structure for table `gsm_delivery`
--

DROP TABLE IF EXISTS `gsm_delivery`;
/*!40101 SET @saved_cs_client     = @@character_set_client */;
/*!40101 SET character_set_client = utf8 */;
CREATE TABLE `gsm_delivery` (
  `obj_id` bigint(20) NOT NULL,
  `send_date` datetime DEFAULT NULL,
  `status` varchar(10) DEFAULT NULL,
  `company` varchar(20) DEFAULT NULL,
  `number` varchar(30) DEFAULT NULL,
  `create_date` datetime DEFAULT NULL,
  `delivery_fee` decimal(10,2) DEFAULT NULL,
  `gross_weight` decimal(10,2) DEFAULT NULL,
  `obj_version` decimal(10,0) DEFAULT NULL,
  `order_id` bigint(20) DEFAULT NULL,
  `contact_phone` varchar(255) DEFAULT NULL,
  `contact_location` varchar(255) DEFAULT NULL,
  `contact_address` varchar(255) DEFAULT NULL,
  `contact_name` varchar(255) DEFAULT NULL,
  PRIMARY KEY (`obj_id`),
  KEY `FK_gsm_delivery_order_id` (`order_id`),
  CONSTRAINT `FK_gsm_delivery_order_id` FOREIGN KEY (`order_id`) REFERENCES `gsm_order` (`obj_id`)
) ENGINE=InnoDB DEFAULT CHARSET=utf8;
/*!40101 SET character_set_client = @saved_cs_client */;

--
-- Dumping data for table `gsm_delivery`
--

LOCK TABLES `gsm_delivery` WRITE;
/*!40000 ALTER TABLE `gsm_delivery` DISABLE KEYS */;
INSERT INTO `gsm_delivery` VALUES (2,NULL,'DELIVERED','中通','680142559122','2011-10-23 11:12:57',0.00,7.40,4,2,'13255523237',NULL,'徐晓霞 烟台莱州 山东省莱州市文泉路文泉花园1号楼3单元302# 13255523237 261400   ','徐晓霞'),(3,NULL,'DELIVERED','中通','680142559379','2011-10-23 11:12:57',0.00,1.10,3,3,'13915596644',NULL,'钱瑛 江苏苏州东环路1500号现代创展大厦6楼605室 215021 13915596644   ','钱瑛'),(10,NULL,'DELIVERED','中通','680142559406','2011-10-23 11:12:57',0.00,4.36,3,7,'13982081917',NULL,'收货地址：四川省成都市成华区万科路2号万科魅力之城3期27栋1单元401室余霞收电话13982081917 邮编610000','王新宏'),(11,NULL,'DELIVERED','中通','680142559407','2011-10-23 11:12:57',0.00,6.22,3,8,'13851420438',NULL,'王立武， 江苏省南京市龙蟠中路319号1幢101室，13851420438，210001   ','王莹'),(12,NULL,'DELIVERED','邮政','PA27032237931','2011-10-23 11:12:58',0.00,7.90,4,9,'13804947450',NULL,'孔德佳 13804947450 大连市中山区五五路30号名仕国际B2308 116001   ','孔德佳'),(13,NULL,'DELIVERED','中通','680142559131','2011-10-23 11:12:58',0.00,9.90,4,10,'13809559756',NULL,'齐旋；福建省福州市鼓楼区天泉路263号天泉丽景11#602 ，13809559756,350000   ','李杰'),(17,NULL,'DELIVERED','全峰','100001982694','2011-10-23 11:12:58',0.00,6.80,4,12,'13857133709',NULL,'收货人：宋小青+城市：杭州市+地址：浙江省杭州市天目山路398号古荡工业园10号楼2楼+电话：13857133709+邮编：310023 请在周一至周五工作日送货   ','宋洪涛'),(18,NULL,'DELIVERED','中通','680142559130','2011-10-23 11:12:58',0.00,4.70,4,13,'13871310299',NULL,'湖北省武汉市东西湖区金山大道万科高尔夫城市花园502-17B，电话：13871310299，邮编：430040   ','李卉玲'),(19,NULL,'CREATED','邮政',NULL,'2011-10-23 11:12:58',0.00,0.00,2,14,'15170039325',NULL,'张莉娜 江西省南昌市青云谱区南苑一路65号 15170039325 330001   ','张莉娜'),(22,NULL,'DELIVERED','中通','680142559408','2011-10-23 11:12:58',0.00,3.60,3,16,'13715370429',NULL,'罗敏 深圳市南山区文心二路海印长城10栋7A 13715370429 518054   ','罗敏'),(23,NULL,'DELIVERED','中通','680142559378','2011-10-23 11:12:58',0.00,10.20,3,17,'13152696198',NULL,'广西省南宁市广西大学生命科学与技术学院 13152696198 530005   ','莫柏立'),(24,NULL,'DELIVERED','全峰','100001982695','2011-10-23 11:12:58',0.00,4.50,4,18,'13906766766',NULL,'姓名：龚辉电话：13906766766 地址：浙江省台州市椒江区机场北路45号','龚辉'),(25,NULL,'DELIVERED','中通','680141051975','2011-10-23 11:12:58',0.00,9.80,3,19,'15905287933',NULL,'江苏省镇江市学府路 江苏大学本部一区单身教师宿舍3栋121室 王琳 收 15905287933','谢云海'),(26,NULL,'DELIVERED','邮政','PA27032234831','2011-10-23 11:12:58',0.00,5.52,4,20,'13548589080',NULL,'曾红 湖南省长沙市雨花区香樟路393号澧水公司806室 13548589080 0731-82918699 邮编:410004   ','曾红'),(27,NULL,'DELIVERED','全峰','100001982696','2011-10-23 11:12:59',0.00,5.66,4,52,'13913191946',NULL,'江苏省苏州市苏州工业园区若水路398号 中科院苏州纳米所 215123 陆晓鸣 13913191946','陆晓鸣'),(28,NULL,'DELIVERED','中通','680142559413','2011-10-23 11:12:59',0.00,2.52,3,53,'13701157711',NULL,'陈婧+北京+西城区三里河一区2号院2号楼1107+13701157711+100045','陈婧'),(31,NULL,'DELIVERED','中通','680142559397','2011-10-23 11:12:59',0.00,2.22,3,55,'13507197820',NULL,'赵定义 武汉市 汉口宝丰二路126号 13507197820 430030   ','赵定义'),(32,NULL,'DELIVERED','中通','680142559404','2011-10-23 11:12:59',0.00,3.02,3,56,'13501789103',NULL,'收货人姓名：叶玉莲城市：上海市地址：长宁区仙霞路423-2 宇通房地产电话：13501789103 邮编：200051   ','叶玉莲'),(33,NULL,'DELIVERED','中通','680142559437','2011-10-23 11:12:59',0.00,3.10,3,57,'13705510193',NULL,'潘峻 安徽合肥 包河区太宁花园紫兰苑13幢405室 13705510193 230011   ','吕培'),(34,NULL,'CREATED','邮政',NULL,'2011-10-23 11:12:59',0.00,0.00,2,58,'15181651828',NULL,'陈亚平 四川江油市马路湾四川幼专生活区 15181651828   ','陈亚平'),(37,NULL,'DELIVERED','全峰','700000418099','2011-10-23 11:12:59',0.00,12.00,3,60,'15825426758',NULL,'姓名:李炜瓯;城市：温州；地址：浙江省温州市惠民路温州职业中专 ；电话：15825426758；邮编：325000.送达请快递打电话确认，谢谢。','李炜瓯'),(38,NULL,'DELIVERED','中通','680142559400','2011-10-23 11:12:59',0.00,2.18,3,61,'13802582168',NULL,'王琳 +广东省深圳市福田区石厦北三街雅云轩10F 13802582168','周勇'),(39,NULL,'DELIVERED','中通','805000055291','2011-10-23 11:12:59',0.00,16.28,3,62,'',NULL,'张莹，江苏省镇江市京口区丁卯桥路沃得花园2期24栋502室，13815489826,0511-\r\n88893129 ','张莹'),(40,NULL,'DELIVERED','全峰','100001982697','2011-10-23 11:12:59',0.00,6.50,5,63,'13911916248',NULL,'北京市东城区东直门南大街7号 李洋收邮编：100007 电话：13911916248   ','李广博'),(41,NULL,'DELIVERED','全峰','100001982698','2011-10-23 11:13:00',0.00,5.30,4,64,'13701852615',NULL,'收货人姓名：刘蓓，城市：上海，地址：上海市古美西路631弄202号601室，电话：13701852615，邮编：201102   ','刘蓓'),(42,NULL,'DELIVERED','中通','680142559394','2011-10-23 11:13:00',0.00,4.72,3,65,'13605131533',NULL,'姓名：李焱 城市地址：江苏省连云港市新浦区小学路向阳公寓3号楼3单元602室 电话：13605131533 邮编：222002   ','唐善旺'),(43,NULL,'DELIVERED','全峰','100001982699','2011-10-23 11:13:00',0.00,3.30,4,66,'13816763211',NULL,'苏延静，上海，松江区泗陈公路1888弄436号，13816763211，201601   ','王玉玲'),(44,NULL,'DELIVERED','中通','680142559393','2011-10-23 11:13:00',0.00,2.30,3,67,'13598813073',NULL,'河南省郑州市上街区阳光小区东马固家园4号楼中门洞2楼韩延凤收，邮编450041 电话13598813073   ','韩延凤'),(45,NULL,'CREATED','邮政',NULL,'2011-10-23 11:13:00',0.00,0.00,2,68,'',NULL,'姜伟 天津南开天江格调花园3-3-801   ','姜伟'),(46,NULL,'DELIVERED','中通','680142559392','2011-10-23 11:13:00',0.00,2.34,3,69,'13588706849',NULL,'周萍，浙江省杭州市机神新村11幢3单元104室，13588706849，310004  ','周萍'),(47,NULL,'DELIVERED','邮政','PA27032230331','2011-10-23 11:13:00',0.00,5.26,4,70,'13807080813',NULL,'收货人：吴筠地址：江西省南昌市中山路铁街25号人民银行邮编：330008 电话：13807080813 使用平邮   ','吴筠'),(48,NULL,'DELIVERED','中通','680142559396','2011-10-23 11:13:00',0.00,1.60,3,102,'13714321656',NULL,'广东省深圳市福田区益田村104-2H TEL：13714321656 ZIP: 518048','胡蓉'),(49,NULL,'DELIVERED','邮政','PA27032228531','2011-10-23 11:13:00',0.00,5.40,4,103,'13772484716',NULL,'张莉 陕西省西安市西安交通大学外国语学院英语系 13772484716 邮编710049   ','张莉'),(50,NULL,'DELIVERED','邮政','PA27032226331','2011-10-23 11:13:00',0.00,1.84,4,104,'13235991992',NULL,'王剑辉 ，13235991992， ，福建省 邵武市 水北镇大漠村长窠28号 ，354000   ','刘峻'),(51,NULL,'DELIVERED','全峰','100001982584','2011-10-23 11:13:00',0.00,8.00,3,105,'13681766952',NULL,'陆扬,13681766952,上海市闵行区银都路3151弄58号101室,201108   ','陆扬'),(52,NULL,'DELIVERED','中通','680142559403','2011-10-23 11:13:00',0.00,4.15,3,106,'13880007761',NULL,'四川省成都市锦江区光明路69号蓉上坊一期二幢二单元2904 郑咏收 610000 13880007761   ','刘移'),(53,NULL,'DELIVERED','中通','680142559129','2011-10-23 11:13:00',0.00,10.90,4,107,'13396395360',NULL,'山东省青岛市海尔路1号海尔信息产业园S楼大厅 13396395360 266011   ','孙凤莲'),(54,NULL,'DELIVERED','邮政','PA27032406531','2011-10-23 11:13:00',0.00,18.12,3,108,'18695118330',NULL,'王红梅 宁夏银川市兴庆区宝湖东路星光华小区A区19号楼1单元502 18695118330 750001   ','王红梅'),(55,NULL,'CREATED','邮政',NULL,'2011-10-23 11:13:00',0.00,0.00,2,109,'13469986956',NULL,'湖北省武汉市武汉大学九区七栋4－601张帆（收）430072电话13469986956   ','张帆'),(56,NULL,'DELIVERED','全峰','100001982700','2011-10-23 11:13:00',0.00,3.62,4,110,'13701180330',NULL,'李潇潇 北京市西城区月坛北街18号楼1005室 13701180330 100045   ','李潇潇'),(57,NULL,'DELIVERED','中通','680142559395','2011-10-23 11:13:00',0.00,9.42,3,111,'13685871380',NULL,'收货人姓名:李银燕城市：宁波市地址：浙江省宁波市北仑大榭开发区海文东区21-202室电话：13685871380 邮编：315812   ','李银燕'),(58,NULL,'DELIVERED','中通','680142559402','2011-10-23 11:13:01',0.00,2.86,3,112,'15371058130',NULL,'钟萍江苏省无锡市滨湖区滴翠路100号530大厦2号楼18层 15371058130 214072   ','钟萍'),(59,NULL,'DELIVERED','邮政','PA27032408831','2011-10-23 11:13:01',0.00,23.90,3,113,'13488802009',NULL,'胡洋+北京市+东城区和平里中街16号北院新楼113室+13488802009+100013 平邮也是发挂号平邮吧？如果不是的话，请告知我，多谢！   ','胡洋'),(60,NULL,'DELIVERED','中通','680142559401','2011-10-23 11:13:01',0.00,2.40,3,114,'13866221692',NULL,'马辉+安徽省阜阳市颍东区刘西巷29号-104户（火车站工行后面）+13866221692+236000   ','马辉'),(61,NULL,'DELIVERED','中通','680142559399','2011-10-23 11:13:01',0.00,1.00,3,115,'13852785191',NULL,'严昕+江苏省扬州市+文昌中路541号中国银行+13852785191+225000   ','严昕'),(62,NULL,'DELIVERED','全峰','100001982701','2011-10-23 11:13:01',0.00,4.90,4,116,'13426311150',NULL,'收货人：罗礼北京市海淀区北太平庄村54号紫瑞嘉园2-5-901 电话：13426311150 邮编：100081 订单内容见邮件！   ','罗礼'),(63,NULL,'DELIVERED','中通','680142559128','2011-10-23 11:13:01',0.00,4.10,4,117,'13828252211',NULL,'叶国强，广东湛江市赤坎区寸金路10号市疾病预防控制中心21栋701，13828252211，524037   ','叶国强'),(64,NULL,'DELIVERED','全峰','100001982702','2011-10-23 11:13:01',0.00,3.30,4,118,NULL,NULL,'收件人：董小玉\n地址：浙江省杭州市上城区抚宁巷66号  邮编：310002\n电话：13958109270 ','董小玉'),(65,NULL,'DELIVERED','全峰','100001982585','2011-10-23 11:13:01',0.00,6.00,3,119,'13813089282',NULL,'江苏省南京市江宁区将军大道韩府路19号南航揽翠苑3幢603室，211100，彭星， 13813089282   ','彭星'),(66,NULL,'DELIVERED','中通','700000418098','2011-10-23 11:13:01',0.00,6.00,3,120,'13601691200',NULL,'收货人:余旭 地址：上海市黄浦区福建中路66号 电话：13601691200 邮编：200001   ','余旭'),(67,NULL,'CREATED','邮政',NULL,'2011-10-23 11:13:01',0.00,0.00,2,121,'18971561996',NULL,'湖北省武汉市武昌区中北路新安花园A栋2单元304 马楚岚 18971561996','马燕丽'),(68,NULL,'CREATED','邮政',NULL,'2011-10-23 11:13:01',0.00,0.00,2,152,'13560511329',NULL,'姓名:王燕+城市：广东省湛江市+地址:赤坎区人民大道北33号+电话:13560511329+邮编:3282043   ','王燕'),(69,NULL,'CREATED','邮政',NULL,'2011-10-23 11:13:01',0.00,0.00,2,153,'13911012139',NULL,'北京市东城区朝阳门北大街1号新保利大厦二十六层，收货人高宇庆，邮编100010，电话13911012139 书共165元+15元运费=180元   ','高宇庆'),(70,NULL,'DELIVERED','中通','680142559126','2011-10-23 11:13:01',0.00,3.10,4,154,'18688788426',NULL,'广东省深圳市南山区学府路学林雅苑5-604   电话18688788426','彭娟'),(71,NULL,'CREATED','邮政',NULL,'2011-10-23 11:13:01',0.00,0.00,2,155,'13651318168',NULL,'张连媛北京海淀区中关村丹棱街微软大厦2号楼电话:13651318168   ','蔡晓伟'),(72,NULL,'DELIVERED','中通','680142559125','2011-10-23 11:13:02',0.00,6.50,4,156,'13940317022',NULL,'贾颖　辽宁省沈阳市和平区十一纬路68号702室，110003　13940317022   ','贾颖'),(73,NULL,'DELIVERED','中通','680142559124','2011-10-23 11:13:02',0.00,5.20,4,157,'13872676010',NULL,'李晓丹 湖北省宜昌市西陵区东山大道95号清江大厦2203#湖北清江工程管理咨询有限公司 电话13872676010 邮编：443000   ','李晓丹'),(74,NULL,'DELIVERED','中通','680142559116','2011-10-23 11:13:02',0.00,8.50,4,158,'15840090507',NULL,'地址：辽宁省沈阳市和平区常德街69号 王馨 电话：15840090507 邮编110001   ','王馨'),(75,NULL,'DELIVERED','中通','680142559488','2011-10-23 11:13:02',0.00,2.10,3,159,'13645454235',NULL,'戴新义 山东省烟台市莱山区银海路566号南山世纪华府15号楼2单元601室 13645454235 264003   ','王麒麟'),(76,NULL,'CREATED','邮政',NULL,'2011-10-23 11:13:02',0.00,0.00,2,160,'13476184033',NULL,'魏兴 ，武汉，湖北省武汉市硚口区海军工程大学 训练部 教务处 ，13476184033，430033   ','简冰毳'),(77,NULL,'DELIVERED','中通','680142559485','2011-10-23 11:13:02',0.00,3.66,3,161,'13552580118',NULL,'北京市海淀区蓟门桥 国家专利局东门 王趁红 100088 13552580118   ','王趁红'),(78,NULL,'DELIVERED','全峰','100001982703','2011-10-23 11:13:02',0.00,4.50,4,162,'13701249103',NULL,'收货人：李静北京市海淀区安宁庄西路15号怡美家园8号楼5单元502 13701249103 100085 请在快递单上备注“平日下午2点前或5点后送货，周末不送货”，谢谢   ','李静'),(79,NULL,'DELIVERED','中通','680142559499','2011-10-23 11:13:02',0.00,3.60,3,163,'13509668940',NULL,'广东省深圳市深圳市南山区后海路海印长城3栋13H 室手机： 13509668940 邮编： 518054   ','郑雪辉'),(80,NULL,'DELIVERED','中通','680142559489','2011-10-23 11:13:02',0.00,3.10,3,164,'13805095991',NULL,'郑辉+ 福建福州+ 仓山三盛巴厘岛1#1005 +13805095991+350000   ','郑辉'),(81,NULL,'DELIVERED','邮政','PA27032224631','2011-10-23 11:13:02',0.00,4.19,4,165,'18654610977',NULL,'收货：胡珍华，山东省东营市东城曹州路10号东营烟草公司，18654610977,257091','肖静辉'),(82,NULL,'DELIVERED','全峰','100001982704','2011-10-23 11:13:02',0.00,5.90,4,166,'13521174076',NULL,'王妍，北京市，朝阳区北苑家园绣菊园南区20号楼1003，13521174076，100012   ','王妍'),(83,NULL,'DELIVERED','中通','680142559431','2011-10-23 11:13:02',0.00,4.10,3,167,'13701672535',NULL,'蔡菁菁+上海+虹口区中山北一路184号1602室+13701672535+邮编200083   ','蔡菁菁'),(84,NULL,'DELIVERED','中通','680142559425','2011-10-23 11:13:02',0.00,2.14,3,168,'13601405618',NULL,'江苏省南京市龙江月光广场4-2908 手机13601405618','张雯蓉'),(85,NULL,'CREATED','邮政','发平邮要重新检查，单子没打全','2011-10-23 11:13:02',0.00,0.00,2,169,'15006337373',NULL,'卢倩，山东日照菏泽路267#海德名庭1#1单元502,15006337373,276800   ','谭新伟'),(86,NULL,'DELIVERED','中通','680144678439','2011-10-23 11:13:02',0.00,5.20,3,170,'13811747251',NULL,'北京市东城区安外大街6号楼1408室邮编：100011 收件人：刘广英电话：13811747251   ','范修柏'),(87,NULL,'DELIVERED','中通','680142559123','2011-10-23 11:13:02',0.00,6.80,4,171,'13662220776',NULL,'施琴红+广东省深圳市南山区+向南西海花园玉兰阁2-8C+13662220776+邮编518057   ','施琴红'),(88,NULL,'CREATED',NULL,NULL,'2011-10-23 11:13:02',0.00,0.00,2,202,NULL,NULL,'收货人姓名杜馨昱、城市+地址：北京市海淀区建材城西二里小区（知本时代小区）15号楼2单元1201室电话：186-1128-1670 邮编：10096   ','杜馨昱'),(89,NULL,'DELIVERED','中通','680142559468','2011-10-23 11:13:03',0.00,4.60,3,203,'13917231333',NULL,'郭慧，上海，徐汇区虹梅路1801号凯科大厦5F，13917231333，邮编200233   ','郭慧'),(90,NULL,'DELIVERED','邮政','PA27032222931','2011-10-23 11:13:03',0.00,2.91,4,204,'18908236515',NULL,'郝晓琴；城市：四川成都；地址：青羊区小南街69号长城园3-1-14；电话：18908236515；邮编610000   ','郝晓琴'),(91,NULL,'DELIVERED','中通','680142559138','2011-10-23 11:13:03',0.00,2.00,3,205,'13983018010',NULL,'地址：重庆市沙坪坝区小龙坎正街369号 诺丁阳光7-10-3 姓名：闵芸倩 电话：13983018010  ','闵芸倩'),(92,NULL,'DELIVERED','全峰','100001982707','2011-10-23 11:13:03',0.00,18.00,4,206,'13795470429',NULL,'谢玉华 上海市浦东新区龙阳路2277号永达大厦6楼 13795470429 201204   ','谢玉华'),(93,NULL,'CREATED','邮政',NULL,'2011-10-23 11:13:03',0.00,0.00,2,207,'13629248797',NULL,'陕西省西安市未央区凤城四路明珠花园四号楼二单元0701# ； 收件人：魏颖；手机：13629248797；邮编：710021   ','魏俊梅'),(94,NULL,'DELIVERED','全峰','100001982705','2011-10-23 11:13:03',0.00,3.60,4,208,'13851537746',NULL,'张琦　（南京）江苏省南京市北京东路４号江苏广电城24楼网络公司　210008 13851537746   ','张琦'),(95,NULL,'CREATED','邮政',NULL,'2011-10-23 11:13:03',0.00,0.00,2,210,'13983560098',NULL,'重庆市黔江区黔龙街269号403办公室，佘丹收，13983560098,409000','佘丹'),(96,NULL,'DELIVERED','中通','680142559492','2011-10-23 11:13:03',0.00,2.10,3,211,'13917431130',NULL,'魏红芹+上海市+延安西路1740弄32号乙101室+200051+手机：13917431130   ','魏红芹'),(97,NULL,'CREATED','邮政',NULL,'2011-10-23 11:13:03',0.00,0.00,2,212,'15308637599',NULL,'赵莉+武汉+武汉理工大学工大路15亩地6栋2单元2楼+15308637599+430070   ','赵莉'),(98,NULL,'DELIVERED','全峰','100001982706','2011-10-23 11:13:03',0.00,3.96,4,213,'13701855954',NULL,'杨毅昕 上海市浦东南路528号南塔14楼 上海联创建筑设计有限公司 13701855954 200120   ','杨毅昕'),(99,NULL,'DELIVERED','邮政','PA27032249831','2011-10-23 11:13:03',0.00,5.31,4,214,'13965070550',NULL,'夏明静；安徽合肥；安徽合肥包河区文明办（包河大道118号/包河区政府北楼717房间）13965070550；邮编：230051   ','夏明静'),(100,NULL,'CREATED','中通','680142559118','2011-10-23 11:13:03',0.00,0.00,3,215,'13791059161',NULL,'山东济南市山大路183号 孙军 250014 13791059161 105号团品一套   ','孙军'),(101,NULL,'CREATED','邮政',NULL,'2011-10-23 11:13:03',0.00,0.00,2,216,'13554189510',NULL,'姓名：肖汉珍 城市：武汉市地址：湖北省武汉市洪山区珞喻路726号鲁巷广场购物中心总服务台电话：13554189510 邮编：430074   ','肖汉珍'),(102,NULL,'DELIVERED','中通','680142559432','2011-10-23 11:13:03',0.00,2.10,3,217,'13601807580',NULL,'张瑜芳 上海 肇嘉浜路1065(甲)号飞雕国际大厦1405室 13601807580， 200030 （周一到周五）   ','张瑜芳'),(103,NULL,'DELIVERED','全峰','100001982708','2011-10-23 11:13:03',0.00,9.60,4,218,'15857716111',NULL,'姓名：叶子城市：浙江温州地址：鹿城区牛山北路银竹花苑5幢304室电话：15857716111 邮编：325000   ','叶子'),(104,NULL,'DELIVERED','中通','680142559498','2011-10-23 11:13:03',0.00,17.26,3,219,'13918756909',NULL,'李雪，上海市虹口区欧阳路378弄16号502室，TEL：13918756909，邮编：200081   ','李雪'),(105,NULL,'DELIVERED','中通','680142559426','2011-10-23 11:13:04',0.00,3.60,3,220,'13564791669',NULL,'孙荣 上海 徐汇区 钦州北路1122号89号楼9楼 200233 电话：13564791669   ','孙荣'),(106,NULL,'DELIVERED','中通','680142559496','2011-10-23 11:13:04',0.00,2.10,3,221,'13862601222',NULL,'留言：收货人姓名：梁琴城市：江苏昆山地址：黑龙江北路55号电话：13862601222邮编：215300','梁琴'),(107,NULL,'DELIVERED','全峰','100001982268','2011-10-23 11:13:04',0.00,3.70,3,252,'',NULL,'许静，北京，北京市海淀区复兴路22号75号楼人民军医出版社，13581902806，100036\r\n\r\n顺丰到付','许静'),(108,NULL,'CREATED','邮政',NULL,'2011-10-23 11:13:04',0.00,0.00,2,253,'13419910282',NULL,'王宛玉+河南南阳+供电公司+13419910282+473000   ','尹进'),(109,NULL,'DELIVERED','中通','680142559495','2011-10-23 11:13:04',0.00,4.80,3,254,'13485113091',NULL,'马颖江苏省南通市太阳鑫城3#楼611室（邮编：226000）；手机：13485113091   ','马颖'),(110,NULL,'DELIVERED','中通','680142559454','2011-10-23 11:13:04',0.00,5.10,4,255,'',NULL,'上海市闵行区星中路1111弄26号201室','陈畅'),(111,NULL,'DELIVERED','全峰','100001982670','2011-10-23 11:13:04',0.00,6.86,3,256,'13916458686',NULL,'冯斌，上海，上海市淞虹路855弄11号601室，13916458686，200335 收货人','冯斌'),(112,NULL,'CREATED','中通','680142559119','2011-10-23 11:13:04',0.00,0.00,3,257,'',NULL,'辽宁','王玲'),(113,NULL,'DELIVERED','中通','805000055292','2011-10-23 11:13:04',0.00,7.20,3,258,'13152105825',NULL,'霍怡捷+陕西省西安市龙渠堡106号+13152105825+710048   ','霍怡捷'),(114,NULL,'DELIVERED','中通','680142559497','2011-10-23 11:13:04',0.00,2.10,3,259,'13702279933',NULL,'赵青云 广东省江门市蓬江区东华一路金华商业中心828 13702279933 529000   ','赵青云'),(117,NULL,'DELIVERED','全峰','100001982712','2011-10-23 11:13:04',0.00,3.30,4,261,'13861984468',NULL,'冯敬晶，江苏省南通市，外环北路88号南通市动物卫生监督所，13861984468，,226011   ','冯敬晶'),(118,NULL,'DELIVERED','中通','680142559494','2011-10-23 11:13:04',0.00,5.30,3,262,'13916218317',NULL,'姓名:周蔚城市地址：上海市闵行区山花路108弄31号902室电话：13916218317 邮编：201100   ','周蔚'),(119,NULL,'DELIVERED','全峰','100001982753','2011-10-23 11:13:04',0.00,6.80,3,263,'13913542117',NULL,'江苏省苏州工业园区胜浦镇金胜路1号资讯处 215126 13913542117   ','李云'),(120,NULL,'DELIVERED','中通','680142559433','2011-10-23 11:13:05',0.00,17.66,3,264,'13858457943',NULL,'丁婉芬 城市：浙江省绍兴市 地址：中兴北路339号华汇昌安大厦9楼计算中心 电话：13858457943 邮编：312000   ','丁婉芬'),(121,NULL,'DELIVERED','中通','680142559139','2011-10-23 11:13:05',0.00,7.62,3,265,'13933230501',NULL,'姓名 高鲁阳+地址：河北省涿州市甲秀路东方地球物理公司研究院设备物资部+电话13933230501+邮编072751   ','丁闫'),(122,NULL,'DELIVERED','全峰','100001982711','2011-10-23 11:13:05',0.00,3.40,4,266,'13884496107',NULL,'张筠 宁波 浙江省宁波市海曙区中山东路137#红帮大厦6楼 新世界百货财务部 13884496107 315000   ','张筠'),(123,NULL,'CREATED','邮政',NULL,'2011-10-23 11:13:05',0.00,0.00,2,267,'13006916967',NULL,'姓名：简洁城市：广西南宁地址：广西南宁市新竹路43号电话13006916967 邮编：530022','简洁'),(124,NULL,'DELIVERED','全峰','100001982710','2011-10-23 11:13:05',0.00,8.20,4,268,'13581955988',NULL,'江涛，北京，海淀区红山口甲3号，13581955988,100091   ','潘征'),(125,NULL,'DELIVERED','中通','680142559500','2011-10-23 11:13:05',0.00,1.76,3,269,'13701623881',NULL,'王珏+上海市+普陀区谈家渡路28号南区5楼B座+13701623881+200063 请工作日送到   ','王珏'),(126,NULL,'CREATED','中通','680142559117','2011-10-23 11:13:05',0.00,0.00,3,270,'15815219904',NULL,'许惠兰 广东汕头潮南区峡山广祥路694 号 15815219904 515144 平邮   ','许惠兰'),(127,NULL,'DELIVERED','全峰','100001982583','2011-10-23 11:13:05',0.00,2.30,3,271,'13959297101',NULL,'俞黎雯 ， ，福建省 厦门市 思明区 仙岳路558号联发花园一层爱婴室 ，13959297101 ，361000   ','王宗来'),(128,NULL,'DELIVERED','中通','680142559424','2011-10-23 11:13:05',0.00,3.10,3,302,'13670091503',NULL,'广东省 深圳 福田区 皇岗北路 5011号 九星印刷 财务部 13670091503 518035   ','刘晓小'),(129,NULL,'DELIVERED','中通','680142559474','2011-10-23 11:13:05',0.00,4.10,4,303,'13871605656',NULL,'姓名：赵艳平 +城市：湖北襄樊 +地址：湖北省襄樊市樊城区财政局（高庄街3号） +电话：13871605656 邮编：441002   ','赵艳平'),(130,NULL,'CREATED','中通','680142559112','2011-10-23 11:13:05',0.00,0.00,3,304,'13410498083',NULL,'梁红青 广东省深圳市福田区红荔西路上步工业区10栋 邮编518028 电话13410498083 （差3元钱）','宋小敏'),(131,NULL,'DELIVERED','中通','680142559493','2011-10-23 11:13:05',0.00,2.60,3,305,'15852481295',NULL,'收货人：陆少娟城市：江苏徐州地址：徐州市肿瘤医院儿科电话：15852481295 邮编：221005   ','陆少娟'),(132,NULL,'DELIVERED','邮政','PA27032235131','2011-10-23 11:13:05',0.00,7.91,4,306,'13513432273',NULL,'刘静+河北省涿州市+物探局2号院19号楼116房间+13513432273+072750   ','宋群会'),(133,NULL,'DELIVERED','全峰','100001982299','2011-10-23 11:13:05',0.00,2.90,3,307,'13509688320',NULL,'深圳市福田区园岭园东花园1栋28F 刘秋鹄 电话13509688320 邮编518000   ','刘秋鹄'),(134,NULL,'DELIVERED','邮政','PA27032241931','2011-10-23 11:13:05',0.00,2.72,4,310,'18980806184',NULL,'邓燕 成都市青羊大道8号成都花园望郡B区68-1-18 18980806184 610072   ','邓燕'),(135,NULL,'DELIVERED','中通','680142559415','2011-10-23 11:13:05',0.00,2.10,3,311,'15960699193',NULL,'陈碧茹漳州市福建省漳州市龙海市石码镇紫光路吉祥楼401室15960699193+363100   ','王志超'),(136,NULL,'DELIVERED','中通','680144678441','2011-10-23 11:13:05',0.00,6.40,3,312,'13725209216',NULL,'广东省广州经济技术开发区东区骏功路20号+13725209216+510530 请注明:一定要本人签收快递   ','廖日秀'),(137,NULL,'CREATED','邮政',NULL,'2011-10-23 11:13:05',0.00,0.00,2,313,'15901369787',NULL,'王悦琴，北京，北京市昌平区回龙观田园风光雅苑6号楼5单元-201，电话15901369787 邮编102208   ','别负远'),(138,NULL,'CREATED','邮政',NULL,'2011-10-23 11:13:06',0.00,0.00,2,314,'13510907975',NULL,'郭卫新广东省深圳市福田区下沙一坊81号203房邮编:518000 电话:13510907975   ','郭卫新'),(139,NULL,'CREATED','邮政',NULL,'2011-10-23 11:13:06',0.00,0.00,2,315,'13842669869',NULL,'辽宁省 大连市 金州区金石滩国家旅游度假区中心大街9号枫叶教育园区集团人力资源部  13842669869,116000   ','邓婉婷'),(140,NULL,'DELIVERED','全峰','100001982709','2011-10-23 11:13:06',0.00,10.60,4,316,'13666685292',NULL,'浙江省杭州市西湖区学院路58号华星创业大厦203 13666685292 310000   ','傅小龙'),(141,NULL,'DELIVERED','中通','680144678440','2011-10-23 11:13:06',0.00,5.20,3,317,NULL,NULL,'无地址信息','郑琦'),(142,NULL,'DELIVERED','中通','680142559486','2011-10-23 11:13:06',0.00,5.70,3,318,'13918028632',NULL,'上海浦东荷泽路418弄25-402室 13918028632 200129   ','陈可'),(145,NULL,'CREATED','邮政',NULL,'2011-10-23 11:13:06',0.00,0.00,2,321,NULL,NULL,'收货地址：湖南省长沙市韶山北路159号通程大酒店1512室邮编：410011 收货人：易 \n昕手机：13507318005 ','易昕'),(146,NULL,'CREATED','邮政',NULL,'2011-10-23 11:13:06',0.00,0.00,2,322,'13204171685',NULL,'辽宁省 营口市 站前区 万有街98号楼2单元5楼13号 115000 13204171685   ','高勇'),(147,NULL,'DELIVERED','圆通','1707544200','2011-10-23 11:13:06',0.00,4.96,3,702,'1392193799',NULL,'江苏省扬州市仪征区胥浦 东山二村 7栋504+13921937999+211900   ','孟艳'),(148,NULL,'CREATED','邮政',NULL,'2011-10-23 11:13:06',0.00,0.00,2,352,'18678899697',NULL,'山东省济南市天桥区东工商河路68号6楼 李艳敏 收电话：15615313319 18678899697 邮编：250031   ','李艳敏'),(149,NULL,'DELIVERED','全峰','100001982307','2011-10-23 11:13:06',0.00,2.20,3,353,'13241262235',NULL,'杨波，北京，石景山区鲁谷大街重兴园9号楼2单元402室，13241262235，100040   ','杨波'),(150,NULL,'DELIVERED','全峰','100001982713','2011-10-23 11:13:06',0.00,8.30,4,354,'13957329317',NULL,'浙江省杭州市下城区现代名苑6幢1单元402 电话号码：13957329317 邮编：310004   （多付了邮费）','徐君'),(151,NULL,'DELIVERED','全峰','100001982680','2011-10-23 11:13:06',0.00,4.12,3,355,'13701802425',NULL,'汤慧敏+上海+浦东新区南码头路1136弄35号乙5号窗口+13701802425+200125   ','汤慧敏'),(152,NULL,'DELIVERED','中通','680142559490','2011-10-23 11:13:06',0.00,3.10,3,552,'河北省石家庄市新石北路368号金石工业园软件大厦C-502 13785191301 13930199464 050081   ',NULL,'河北省石家庄市新石北路368号金石工业园软件大厦C-502 13785191301 13930199464 050081 ','孙亚莉'),(153,NULL,'DELIVERED','全峰','100001982580','2011-10-23 11:13:07',0.00,3.40,3,356,'13701567783',NULL,'地址：江苏省张家港市杨舍镇亨通花园53幢507室（新市河路）收货人：庞蔚邮编：215600 联系电话：13701567783','庞蔚'),(155,NULL,'DELIVERED','全峰','100001982303','2011-10-23 11:13:07',0.00,3.40,3,358,'13776583095',NULL,'江苏省徐州市中山北路231号北大众 庞芳 13776583095 221000   ','庞芳'),(156,NULL,'DELIVERED','全峰','100001982301','2011-10-23 11:13:07',0.00,1.36,3,359,'15605476896',NULL,'我的地址是山东济宁市新世界广场北舜泰园小区#7楼6楼A东朱含含 15605476896','朱含含'),(157,NULL,'DELIVERED','全峰','100001982363','2011-10-23 11:13:07',0.00,3.70,3,703,'13916631211',NULL,'上海市浦东新区成山路820号交运大厦1413室，季辛蕾，13916631211，邮编：200125 ','季辛蕾'),(158,NULL,'CREATED','邮政',NULL,'2011-10-23 11:13:07',0.00,0.00,2,360,'13213929538',NULL,'范爱霞 河南省濮阳市中原油田采油一厂地质研究所 13213929538 457071','范爱霞'),(159,NULL,'CREATED','邮政',NULL,'2011-10-23 11:13:07',0.00,0.00,2,361,'13054275060',NULL,'收货人：姜宁地址：哈尔滨市南岗区闽江小区一期18栋5单元603室邮编：15001 电话：13054275060   ','姜宁'),(160,NULL,'DELIVERED','全峰','700000418093','2011-10-23 11:13:07',0.00,3.68,3,362,NULL,NULL,'浙江省西湖区华星路12号1单元202室','顾雪飞'),(161,NULL,'DELIVERED','全峰','100001982298','2011-10-23 11:13:07',0.00,3.84,3,363,'13813481087',NULL,'贺琳+江苏省徐州市+南三环森活绿郡小区4-2-202室+13813481087+221008   ','胡强'),(162,NULL,'DELIVERED','全峰','100001982721','2011-10-23 11:13:08',0.00,10.76,4,366,'13516829752',NULL,'齐宏，杭州市滨江区泰安路199号浙江农资大厦1111室，电话13516829752，邮编310052   ','孙树森'),(163,NULL,'DELIVERED','中通','680144678442','2011-10-23 11:13:08',0.00,5.20,3,367,'13986905678',NULL,'杨宁+丹江口市+湖北省丹江口市汉江集团信息中心+13986905678+442700   ','杨宁'),(164,NULL,'DELIVERED','中通','680142559115','2011-10-23 11:13:08',0.00,4.50,4,368,NULL,NULL,'收货人：李俊梅地址：广西南宁秀灵路37号广西工业职业技术学院东区10栋701号邮编：5 \n30001 联系电话：13978814911 ','李俊梅'),(165,NULL,'DELIVERED','中通','100001982309','2011-10-23 11:13:08',0.00,2.30,3,369,'18927499695',NULL,'胡扬辉广东省深圳市龙岗区布吉龙威花园1栋5单元503 18927499695 518000   ','胡扬辉'),(166,NULL,'DELIVERED','全峰','100001982756','2011-10-23 11:13:08',0.00,6.50,3,402,'57422665568',NULL,'浙江省余姚市阳明东路264号，邮编：315400电话：13116775060或057422665568  （分两次付的 457+189) ','施华波'),(168,NULL,'DELIVERED','全峰','100001982362','2011-10-23 11:13:08',0.00,6.20,3,404,NULL,NULL,'留言：上海市普陀区绥德路128号 杨雅琦 13040626149 021-660800 \n','杨雅琦'),(169,NULL,'CREATED','邮政',NULL,'2011-10-23 11:13:08',0.00,0.00,2,405,'13977318826',NULL,'周漓云广西桂林七星花园世纪新城5号楼306 541004 13977318826  ','周漓云'),(170,NULL,'DELIVERED','全峰','100001982757','2011-10-23 11:13:08',0.00,6.60,4,704,'13852048360',NULL,'江苏省徐州市民主南路100号恩华连锁销售公司财务 王莹 221009 13852048360 ','王莹'),(171,NULL,'DELIVERED','邮政','PA27032239631','2011-10-23 11:13:08',0.00,2.02,4,406,'13643611390',NULL,'山西省 太原市 万柏林区 漪汾街53号200信箱7号 030027 13643611390','张忠峰'),(172,NULL,'DELIVERED','全峰','100001982727','2011-10-23 11:13:08',0.00,7.60,4,407,'13817632923',NULL,'上海市 七莘路 2288弄26号401室+13817632923+201101   ','李伟平'),(173,NULL,'CREATED','邮政',NULL,'2011-10-23 11:13:08',0.00,0.00,2,408,'15666705326',NULL,'徐文琦 山东省淄博市张店区远景花园滋欣苑3号楼2单元302室 15666705326 255000   ','徐文琦'),(174,NULL,'CREATED','全峰','100001982728','2011-10-23 11:13:08',0.00,0.00,3,409,'13586833876',NULL,'章迎华浙江宁波镇海庄市中兴中学 315201 13586833876  15好，已经补款 375，待核实  ','章迎华'),(175,NULL,'DELIVERED','邮政','PA27032425531','2011-10-23 11:13:08',0.00,2.88,3,410,'13387877620',NULL,'戴昕+辽宁省大连市中山区解放路604号小二楼左数第一家+13387877620+116013   ','戴亦晖'),(176,NULL,'DELIVERED','中通','680142559466','2011-10-23 11:13:09',0.00,3.50,4,452,'13799267180',NULL,'福建省厦门市集美区杏林街道杏东路33号楼401 张磊 13799267180 ，快递，','张磊'),(177,NULL,'DELIVERED','全峰','100001982755','2011-10-23 11:13:09',0.00,4.00,3,752,'13451846433 ',NULL,'胡莲玉 江苏省南京市鼓楼区清凉门大街296号馨瑰园8-2-503 电话：13451846433 ','胡莲玉'),(178,NULL,'DELIVERED','全峰','100001982304','2011-10-23 11:13:09',0.00,5.30,3,411,'13305929315',NULL,'福建省 福州市五一北路162号厦门国际银行福州分行电话：13305929315 邮编：350005   ','吴荣荣'),(179,NULL,'DELIVERED','中通','680142559114','2011-10-23 11:13:09',0.00,7.20,4,412,'15553301906',NULL,'高越 山东淄博 张店区王舍二区16#楼2单元3楼西户 15553301906 255000   ','吕国红'),(180,NULL,'DELIVERED','全峰','100001982311','2011-10-23 11:13:09',0.00,2.00,3,413,'13611757297',NULL,'收货人：洪妮地址：上海市长宁区幸福路88号906室电话：13611757297 62830269 邮编 ：200052   ','黄均祥'),(181,NULL,'DELIVERED','全峰','100001982752','2011-10-23 11:13:09',0.00,1.00,4,414,'13656227353',NULL,'江苏省苏州市新区阳山工业园旁西金芝路2号俊峰电子第1幢意迪特','陆颜萍'),(182,NULL,'DELIVERED','中通','100001982310','2011-10-23 11:13:09',0.00,2.70,3,415,'',NULL,'广东省佛山市顺德区容桂容奇大道中丽雅豪苑C座307 谢敏收 手机：1392 \r\n8229980 ','谢敏'),(183,NULL,'DELIVERED','全峰','100001982749','2011-10-23 11:13:09',0.00,12.00,3,416,'18962708355',NULL,'江苏省如皋市锦绣苑604幢307室 电话18962708355 邮编226500 请星期六星期日两天送货   ','田继武'),(184,NULL,'DELIVERED','中通','680142559472','2011-10-23 11:13:09',0.00,4.50,4,753,'18810456364',NULL,'北京市东城区东直门内南小街16号，中国中医科学院信息所图书馆后楼2-1，电话：18810456364','孙海舒'),(185,NULL,'DELIVERED','全峰','100001982305','2011-10-23 11:13:09',0.00,3.50,3,417,'13386279665',NULL,'陈雷+上海市+延安中路810号+13386279665+200041','李彦'),(186,NULL,'DELIVERED','全峰','100001982306','2011-10-23 11:13:09',0.00,2.30,3,502,'15553301906',NULL,'高越 山东淄博 张店区王舍二区16#楼2单元3楼西户 15553301906 255000   ','吕国红'),(187,NULL,'DELIVERED','全峰','100001982751','2011-10-23 11:13:10',0.00,5.40,4,503,'18611050841',NULL,'北京市 海淀区 温泉电话局 18611050841 100095   ','齐燕颖'),(188,NULL,'CREATED',NULL,NULL,'2011-10-23 11:13:10',0.00,0.00,2,754,'18017267526  ',NULL,'卢梅 上海市武川路75弄54号502室 邮编200434 联系电话18017267526  ','刘浩 卢梅'),(189,NULL,'CREATED','邮政',NULL,'2011-10-23 11:13:10',0.00,0.00,2,504,'13934639696',NULL,'王慧卿 山西太原迎泽区桃园正街2号万博电子 030002 13934639696   ','王慧卿'),(190,NULL,'CREATED','邮政',NULL,'2011-10-23 11:13:10',0.00,0.00,2,505,'13975489576',NULL,'姓名:梁玉泉 ; 城市: 湖南 衡阳市 ; 收货地址:湖南 衡阳市 常宁市松柏镇衡阳水口山金信铅业公司; 电话:13975489576 7582421. 邮编:421513   ','梁玉泉'),(191,NULL,'DELIVERED','全峰','100001982736','2011-10-23 11:13:10',0.00,4.00,3,755,'18918963386',NULL,'郑文雅+上海市+龙茗路1458弄99号602室+18918963386+201101   ','郑文雅'),(192,NULL,'DELIVERED','全峰','100001982737','2011-10-23 11:13:10',0.00,4.00,3,756,'13917447576',NULL,'上海市大连西路261号2306 苏博 电话：13917447576 邮编：200081 ','苏博'),(193,NULL,'DELIVERED','全峰','700000418094','2011-10-23 11:13:10',0.00,4.30,3,652,'13439446139',NULL,'北京市朝阳区亚运村安慧北里逸园8号楼 睿智创想（北京）科技有限公司','郭奕芳'),(194,NULL,'DELIVERED','全峰','100001982302','2011-10-23 11:13:10',0.00,1.20,3,506,'13719675260',NULL,'收货人：吴林燕（惠州）地址：广东省惠州市惠城区三环南路16号河南岸威廉城邦家园1栋A座2201 电话：13719675260 邮编：516007   ','吴小姐'),(195,NULL,'DELIVERED','全峰','100001982722','2011-10-23 11:13:10',0.00,4.70,4,507,'15906421159',NULL,'浙江省 丽水市莲都区寿尔福路28号丽水市疾病预防控制中心+15906421159+323000 （仅书款，快递费稍后补上）   ','陈秀英'),(196,NULL,'DELIVERED','邮政','PA27032431831','2011-10-23 11:13:10',0.00,2.30,3,508,NULL,NULL,'胡玲娟 武汉市东湖开发区关山一路1号光谷软件园A11栋5楼 安思达信息技术有限公司开发部二办公 \n室 13507182874 邮编：430074 ','叶猛'),(197,NULL,'CREATED',NULL,NULL,'2011-10-23 11:13:10',0.00,0.00,2,509,NULL,NULL,'无信息','卢惠'),(198,NULL,'DELIVERED','全峰','100001982674','2011-10-23 11:13:10',0.00,3.00,3,510,'13675328710',NULL,'宋秀丽 青岛市崂山区株洲路192号（昌硕电子有限公司） 13675328710 邮编266101 69#团书，购书清单见892楼   ','宋秀丽'),(199,NULL,'DELIVERED','全峰','100001982312','2011-10-23 11:13:10',0.00,2.00,3,511,'13862374113',NULL,'地址：江苏省太仓市郑和西路246号城管城西中队 王晓艳收 电话：13862374113 邮编215400   ','王志红'),(200,NULL,'DELIVERED','中通','680142559111','2011-10-23 11:13:10',0.00,7.28,4,512,'13554928788',NULL,'广东省深圳市福田区梅林一村84幢29F 手机13554928788 邮编518049   ','罗红'),(201,NULL,'DELIVERED','全峰','100001982308','2011-10-23 11:13:10',0.00,2.00,3,513,'13917520449',NULL,'陈璐，上海市松江区文翔路3088弄116号402室，13917520449，201620   ','陈璐'),(202,NULL,'DELIVERED','全峰','100001982760','2011-10-23 11:13:10',0.00,3.30,3,802,'13611197402 ',NULL,'北京市朝阳区幸福三村东兴里11号C座101 ； 邮编：100027 ； 电话：13611197402   ','陈虎'),(203,NULL,'CREATED','邮政','100001982300\n100001982677（补）','2011-10-23 11:13:11',0.00,0.00,2,514,'13706481237',NULL,'马杰 山东青岛四方区金华支路9号2号楼3单元402 电话：13706481237 邮编266044    ','马杰'),(204,NULL,'DELIVERED','全峰','100001982724','2011-10-23 11:13:11',0.00,7.10,4,515,NULL,NULL,'姓名:夏焱，城市：上海，地址：上海浦东东方路969号907房间，电话：138175556 \n73，邮编：200122 ','夏焱'),(205,NULL,'DELIVERED','中通','680142559104','2011-10-23 11:13:11',0.00,15.40,4,516,'13906928466',NULL,'李杰辉 福建省福州市金山大道金山大景城1号楼905 邮编：350008 电话：13906928466    ','朱辉'),(206,NULL,'CREATED','邮政',NULL,'2011-10-23 11:13:11',0.00,0.00,2,517,'',NULL,'附加单','程美系'),(207,NULL,'CREATED','邮政',NULL,'2011-10-23 11:13:11',0.00,0.00,2,518,'15053336037',NULL,'山东省淄博市周村区爱国新村25号 沈麟育 15053336037 255300 （欠11元）','沈麟育'),(208,NULL,'DELIVERED','中通','680142559464','2011-10-23 11:13:11',0.00,4.96,4,804,'13517492756',NULL,'湖南省长沙市雨花区体院路510号，邮编：410014，电话：13517492756 \"\r\n','李颖'),(209,NULL,'CREATED','中通','680142559103','2011-10-23 11:13:11',0.00,0.00,3,519,NULL,NULL,'无信息','肖鹰'),(211,NULL,'DELIVERED','邮政','PA27032750431','2011-10-23 11:13:11',0.00,1.54,3,521,'13990001990',NULL,'文茂旻四川省自贡市自井区自贡鸿鹤化工股份有限公司规划技术处13990001990 邮编643000   ','文茂旻'),(212,NULL,'CREATED','邮政',NULL,'2011-10-23 11:13:11',0.00,0.00,2,522,'15275915778',NULL,'王蕊芯 山东淄博临淄齐兴花园5号楼6单元301 255400 电话：15964471778，15275915778   ','王蕊芯'),(213,NULL,'DELIVERED','中通','680142559465','2011-10-23 11:13:11',0.00,0.01,4,523,'13311162675',NULL,'北京市海淀区建西苑中里2号楼5单元503(石景山游乐园北100米) 13311162675 100043  ','杨继生'),(214,NULL,'DELIVERED','中通','680142559102','2011-10-23 11:13:11',0.00,7.10,4,524,'15933285858',NULL,'河北省沧州市运河区浮阳南大道13号运河公安分局出入境管理科 赵颖 15832751616,15933285858,061001   ','赵颖'),(215,NULL,'CREATED','邮政',NULL,'2011-10-23 11:13:11',0.00,0.00,2,525,'18637120103',NULL,'河南郑州互助路1号中讯邮电咨询设计院建筑处王璐收 18637120103   ','苏惠'),(216,NULL,'CREATED','邮政',NULL,'2011-10-23 11:13:11',0.00,0.00,2,526,'13936190111',NULL,'哈尔滨市南岗区保健路大众嘉园3号楼7单元501室，秦春波收电话：13936190111，邮编150080   ','秦春波'),(217,NULL,'DELIVERED','全峰','100001982738','2011-10-23 11:13:11',0.00,9.50,4,805,'13917589766',NULL,'上海市+地址：杨浦区国顺东路179弄55号501室+电话：13917589766+邮编：200433 楼定单订购（追加了110品 450元+3元快递）    \r\n','张彦瑾'),(218,NULL,'DELIVERED','全峰','100001982732','2011-10-23 11:13:11',0.00,3.40,4,527,NULL,NULL,' 田晓珍地址： 上海长宁路10 \n27号兆丰广场9楼 200050 电话：18917610962 ','田晓珍'),(219,NULL,'DELIVERED','全峰','100001982750','2011-10-23 11:13:12',0.00,5.20,3,528,'13957382348',NULL,'浙江省嘉兴市秀洲区新洲路亚厦风和苑康宁居9幢602室+电话:13957382348+邮编:314000 ','匡颖'),(220,NULL,'CREATED','邮政',NULL,'2011-10-23 11:13:12',0.00,0.00,2,529,'13903802204',NULL,'453000 河南新乡市人民东路环卫处家属院6号楼3单元3层东户洪亮 13903802204    （内部人员，优惠30元？） ','马庆华 '),(221,NULL,'CREATED',NULL,NULL,'2011-10-23 11:13:12',0.00,0.00,2,806,'123',NULL,'武汉','孟晓莹'),(222,NULL,'DELIVERED','全峰','100001982739','2011-10-23 11:13:12',0.00,3.30,3,807,'13916929416',NULL,'上海市黄浦区333号金融广场1403室  电话：13916929416 邮编：200001    ','杨颖'),(274,NULL,'DELIVERED','中通','680142559127','2011-10-24 00:48:44',0.00,8.90,2,4,'15986123124 ',NULL,'广东省佛山市顺德区顺德碧桂园西苑听涛居三街三座T02房','李晶'),(324,NULL,'DELIVERED','中通','680142559106','2011-10-24 01:03:39',0.00,5.10,3,520,'13318828801',NULL,'广东省广州市北较场17号之一303','关洁映'),(374,NULL,'DELIVERED','全峰','100001982758','2011-10-24 21:28:46',0.00,14.92,3,319,'13857461599 ',NULL,'浙江省宁波市北仑区长江路都会经典3幢801室 315800','蒲晓勤'),(375,NULL,'DELIVERED','全峰','100001982759','2011-10-24 21:31:13',0.00,4.00,3,357,'15952943059 ',NULL,'江苏省丹阳市司徒镇丹伏路88号海昌隐形眼镜有限公司 邮编：212331   ','洪晓玲 '),(424,NULL,'DELIVERED','中通','680142559473','2011-10-24 21:46:28',0.00,3.80,2,403,'13699257144 ',NULL,'北京市朝阳区首都机场老候机楼国航客舱服务部N309 100621   ','白小进 '),(474,NULL,'DELIVERED','全峰','100001982627','2011-10-26 01:13:14',0.00,3.80,2,364,'',NULL,'广东省广州市竹丝岗三马路8号701楼 13903011388   ','章舜慧'),(524,NULL,'DELIVERED','中通','680142559411','2011-10-26 01:42:32',0.00,1.10,2,852,'13986081167',NULL,'湖北省武汉市洪山区雄楚大道709号楚韵路华城新都6号楼1单元202室+13986081167+430074','叶晓卉'),(574,NULL,'DELIVERED','中通','680141051977','2011-10-26 01:59:41',0.00,5.82,2,11,'',NULL,'江苏省 南京市 鼓楼区 龙园西路120号金陵名人居13-2-702 ，210036  13915596644 ','姜梅'),(575,NULL,'DELIVERED','中通','680142559377','2011-10-26 02:04:53',0.00,11.80,2,5,'',NULL,'湖北省武汉市江汉区发展大道188号市公安局姓名：张丽；邮编：430022；电话：13296664596 027-85396481 （这个单付的是平邮的钱36，后来因为地址一开始弄错了，所以让会员补5元，发了快递）','张丽'),(624,NULL,'CREATED','中通','','2011-10-26 09:14:45',0.00,0.00,1,15,'',NULL,'刘悦+城市：辽宁沈阳+地址：沈阳市浑南新区浑南东路9号+ 邮编：110168 +电话：13940215405   ','刘悦'),(625,NULL,'CREATED','中通','','2011-10-26 09:15:10',0.00,0.00,1,54,'',NULL,'汪涛+广州+海珠区石榴岗路信步东街28号103+13316078261+510350   ','汪涛'),(627,NULL,'CREATED','中通','','2011-10-26 09:16:03',0.00,0.00,1,260,'',NULL,'四川省成都市高升桥路9号罗浮世家 2-4-203 董蓉 13084418480 （走平邮）   ','董蓉'),(674,NULL,'DELIVERED','中通','680142559491','2011-10-26 19:25:28',0.00,7.10,2,309,'',NULL,'上海市 普陀区真华路388弄14号1102 张健 收 联系电话：13917869333   ','张健'),(675,NULL,'DELIVERED','中通','680142559398','2011-10-26 20:15:53',0.00,4.26,2,59,'13671789101',NULL,'上海市浦东新区博山东路553弄32号602室','顾怡芳'),(676,NULL,'DELIVERED','全峰','700000418076','2011-10-26 20:43:38',0.00,24.00,2,320,'13917522293',NULL,'一共两笔付款4812元，这是第二笔 上海市浦东南路256号1102室邮编200120','朱健芳'),(677,NULL,'DELIVERED','全峰','100001982734','2011-10-26 20:45:32',0.00,2.00,2,320,'13917522293   ',NULL,'上海市浦东南路256号1102室 邮编200120 ','朱健芳'),(678,NULL,'DELIVERED','全峰','100001982692','2011-10-26 20:50:27',0.00,3.40,2,6,'13915585210',NULL,'江苏省苏州市十梓街188号苏州大学附属第一医院信息处','程东萍');
/*!40000 ALTER TABLE `gsm_delivery` ENABLE KEYS */;
UNLOCK TABLES;

--
-- Table structure for table `gsm_delivery_item`
--

DROP TABLE IF EXISTS `gsm_delivery_item`;
/*!40101 SET @saved_cs_client     = @@character_set_client */;
/*!40101 SET character_set_client = utf8 */;
CREATE TABLE `gsm_delivery_item` (
  `obj_id` bigint(20) NOT NULL,
  `item_count` decimal(5,0) DEFAULT NULL,
  `header_id` bigint(20) DEFAULT NULL,
  `order_item_id` bigint(20) DEFAULT NULL,
  PRIMARY KEY (`obj_id`),
  KEY `FK_gsm_delivery_item_order_item_id` (`order_item_id`),
  KEY `FK_gsm_delivery_item_header_id` (`header_id`),
  CONSTRAINT `FK_gsm_delivery_item_header_id` FOREIGN KEY (`header_id`) REFERENCES `gsm_delivery` (`obj_id`),
  CONSTRAINT `FK_gsm_delivery_item_order_item_id` FOREIGN KEY (`order_item_id`) REFERENCES `gsm_order_item` (`obj_id`)
) ENGINE=InnoDB DEFAULT CHARSET=utf8;
/*!40101 SET character_set_client = @saved_cs_client */;

--
-- Dumping data for table `gsm_delivery_item`
--

LOCK TABLES `gsm_delivery_item` WRITE;
/*!40000 ALTER TABLE `gsm_delivery_item` DISABLE KEYS */;
INSERT INTO `gsm_delivery_item` VALUES (2,1,2,2),(3,1,2,3),(4,1,2,4),(5,1,2,5),(6,1,2,6),(7,1,3,7),(8,1,3,8),(33,1,10,21),(34,1,10,22),(35,1,10,23),(36,1,10,24),(37,1,10,25),(38,1,11,26),(39,1,11,27),(40,1,11,28),(41,1,11,29),(42,1,11,30),(43,1,11,31),(44,1,11,32),(45,1,11,33),(46,1,11,34),(47,1,11,35),(48,1,11,36),(49,1,12,37),(50,1,12,38),(51,1,12,39),(52,1,12,40),(53,1,12,41),(54,1,12,42),(55,1,12,43),(56,1,12,44),(57,1,12,45),(58,1,12,46),(59,1,12,47),(60,1,12,48),(61,1,12,49),(62,1,13,50),(63,1,13,51),(64,1,13,52),(65,1,13,53),(66,1,13,54),(67,1,13,55),(68,1,13,56),(69,1,13,57),(70,1,13,58),(71,2,13,59),(72,1,13,60),(73,1,13,61),(83,1,17,65),(84,1,17,66),(85,1,17,67),(86,1,18,68),(87,1,18,69),(88,1,19,70),(89,1,19,71),(90,1,19,72),(91,1,19,73),(92,1,19,74),(93,1,19,75),(100,1,22,79),(101,1,22,80),(102,1,23,81),(103,1,23,82),(104,1,23,83),(105,1,23,84),(106,1,23,85),(107,1,23,86),(108,1,24,87),(109,1,24,88),(110,1,25,89),(111,1,25,90),(112,1,25,91),(113,1,25,92),(114,1,25,93),(115,1,25,94),(116,1,25,95),(117,1,25,96),(118,1,25,97),(119,1,25,98),(120,1,25,99),(121,1,25,100),(122,1,26,101),(123,1,26,102),(124,1,26,103),(125,1,26,104),(126,1,27,152),(127,1,27,153),(128,1,27,154),(129,1,27,155),(130,1,27,156),(131,1,27,157),(132,1,27,158),(133,1,27,159),(134,1,28,160),(135,1,28,161),(136,1,28,162),(137,1,28,163),(138,1,28,164),(139,1,28,165),(140,1,28,166),(141,1,28,167),(142,1,28,168),(143,1,28,169),(190,1,31,193),(191,1,32,194),(192,1,32,195),(193,1,32,196),(194,1,32,197),(195,1,33,198),(196,1,33,199),(197,1,33,200),(198,1,33,201),(199,1,33,202),(200,1,33,203),(201,1,33,204),(202,1,33,205),(203,1,34,206),(216,1,37,208),(217,1,37,1157),(218,1,37,1158),(219,1,37,1159),(220,1,37,1160),(221,1,37,1161),(222,1,37,1162),(223,1,37,1163),(224,1,37,1164),(225,1,37,1165),(226,1,38,209),(227,1,39,210),(228,1,39,1166),(229,1,39,1167),(230,1,39,1169),(231,1,39,1170),(232,1,39,1171),(233,1,39,1172),(234,1,39,1173),(235,1,39,1174),(236,1,39,1175),(237,1,39,1176),(238,1,39,1177),(239,1,39,1178),(240,1,39,1179),(241,1,39,1180),(242,1,39,1181),(243,1,39,1182),(244,1,39,1183),(245,1,40,211),(246,1,40,212),(247,1,40,213),(248,1,40,214),(249,1,40,215),(250,1,40,216),(251,1,41,217),(252,1,41,218),(253,1,41,219),(254,1,41,220),(255,1,41,221),(256,1,41,222),(257,1,42,223),(258,1,42,1184),(259,1,42,1185),(260,1,42,1186),(261,1,42,1187),(262,1,42,1188),(263,1,42,1189),(264,1,42,1190),(265,1,43,224),(266,1,43,225),(267,1,44,226),(268,6,45,227),(269,1,45,228),(270,1,45,229),(271,1,46,230),(272,1,46,231),(273,1,47,232),(274,1,47,1191),(275,1,47,1192),(276,1,47,1193),(277,1,47,1194),(278,1,47,1195),(279,1,48,252),(280,1,49,253),(281,1,49,254),(282,1,49,256),(283,1,49,257),(284,1,49,259),(285,1,49,261),(286,1,49,263),(287,1,50,264),(288,1,50,265),(289,1,50,266),(290,1,50,267),(291,1,50,268),(292,1,50,269),(293,1,50,270),(294,1,51,271),(295,1,51,1196),(296,1,51,1197),(297,1,51,1198),(298,1,51,1199),(299,1,51,1200),(300,1,51,1201),(301,1,51,1202),(302,1,51,1203),(303,1,51,1204),(304,1,51,1205),(305,1,51,1206),(306,1,51,1207),(307,1,51,1208),(308,1,51,1209),(309,1,52,272),(310,1,52,273),(311,1,52,274),(312,1,52,275),(313,1,52,276),(314,1,52,1210),(315,1,52,1211),(316,1,52,1652),(317,1,53,277),(318,1,53,1212),(319,1,53,1213),(320,1,53,1214),(321,1,53,1215),(322,1,53,1216),(323,1,53,1217),(324,1,53,1218),(325,1,53,1219),(326,1,53,1220),(327,1,54,278),(328,1,54,279),(329,1,54,280),(330,1,54,281),(331,1,54,282),(332,1,54,283),(333,1,54,284),(334,1,54,285),(335,1,54,286),(336,1,54,287),(337,1,54,288),(338,1,54,289),(339,1,54,290),(340,1,54,291),(341,1,54,292),(342,1,54,293),(343,1,55,294),(344,1,55,295),(345,1,55,296),(346,1,55,297),(347,1,55,298),(348,1,56,299),(349,1,56,300),(350,1,57,301),(351,1,57,1221),(352,1,57,1222),(353,1,57,1223),(354,1,57,1224),(355,1,57,1225),(356,1,57,1226),(357,1,57,1227),(358,1,58,302),(359,1,58,1228),(360,1,58,1229),(361,1,59,303),(362,1,59,304),(363,1,59,305),(364,1,59,306),(365,1,59,307),(366,1,59,308),(367,1,59,309),(368,1,59,310),(369,1,59,311),(370,1,59,312),(371,1,59,313),(372,1,59,314),(373,1,59,315),(374,1,59,316),(375,1,59,317),(376,1,59,318),(377,1,59,319),(378,1,59,320),(379,1,59,321),(380,1,59,322),(381,1,59,323),(382,1,59,324),(383,1,59,325),(384,1,59,326),(385,1,60,327),(386,1,60,328),(387,1,60,329),(388,1,61,330),(389,1,61,1230),(390,1,62,331),(391,1,62,332),(392,0,62,333),(393,1,62,334),(394,0,62,335),(395,1,62,336),(396,1,62,337),(397,0,62,338),(398,1,62,339),(399,0,62,340),(400,1,63,341),(401,1,63,342),(402,1,64,343),(403,1,65,344),(404,1,65,1231),(405,1,65,1232),(406,1,65,1233),(407,1,65,1234),(408,1,65,1235),(409,1,65,1236),(410,1,65,1237),(411,1,65,1238),(412,1,65,1239),(413,1,65,1240),(414,1,65,1241),(415,1,65,1242),(416,1,65,1243),(417,1,65,1244),(418,1,65,1245),(419,1,65,1246),(420,1,65,1247),(421,1,65,1248),(422,1,66,345),(423,1,66,1249),(424,1,66,1250),(425,1,66,1251),(426,1,66,1252),(427,1,66,1253),(428,1,66,1254),(429,1,66,1255),(430,1,67,346),(431,1,68,352),(432,1,68,353),(433,1,68,354),(434,1,69,355),(435,1,69,356),(436,1,69,357),(437,1,69,358),(438,1,69,359),(439,1,69,361),(440,1,69,362),(441,1,69,363),(442,1,69,364),(443,1,69,365),(444,1,70,366),(445,1,71,367),(446,1,71,368),(447,1,71,369),(448,1,71,370),(449,1,71,371),(450,1,71,372),(451,1,71,373),(452,1,71,374),(453,1,71,376),(454,1,71,377),(455,1,72,378),(456,1,72,379),(457,1,72,380),(458,1,72,381),(459,1,72,382),(460,1,72,384),(461,1,73,385),(462,1,73,387),(463,1,73,388),(464,1,74,389),(465,1,74,390),(466,1,75,391),(467,1,76,392),(468,1,76,393),(469,1,77,395),(470,1,77,1256),(471,1,77,1257),(472,1,77,1258),(473,1,78,396),(474,1,78,397),(475,1,79,398),(476,1,79,399),(477,1,79,401),(478,1,80,402),(479,1,80,1259),(480,1,80,1260),(481,1,81,403),(482,1,81,404),(483,1,81,405),(484,1,81,406),(485,1,81,407),(486,1,82,408),(487,1,82,409),(488,1,82,410),(489,1,82,411),(490,1,83,412),(491,1,83,413),(492,1,83,414),(493,1,83,415),(494,1,83,416),(495,1,83,417),(496,1,83,418),(497,1,83,419),(498,1,83,420),(499,1,83,421),(500,1,83,422),(501,1,83,424),(502,1,84,425),(503,1,85,426),(504,1,85,427),(505,1,85,428),(506,1,85,429),(507,1,85,430),(508,1,85,431),(509,1,85,432),(510,1,85,433),(511,1,85,434),(512,1,85,435),(513,1,85,436),(514,1,85,437),(515,1,85,438),(516,1,85,440),(517,1,85,441),(518,1,85,442),(519,1,85,443),(520,1,85,444),(521,1,85,445),(522,1,85,447),(523,1,85,448),(524,1,85,449),(525,1,85,450),(526,1,85,451),(527,1,85,452),(528,1,86,453),(529,1,86,454),(530,1,86,455),(531,1,87,456),(532,1,87,457),(533,1,87,458),(534,1,87,459),(535,1,87,460),(536,1,87,461),(537,1,87,463),(538,1,87,464),(539,1,87,466),(540,1,87,467),(541,1,87,468),(542,1,88,502),(543,1,88,503),(544,1,88,504),(545,1,88,505),(546,1,88,506),(547,1,88,507),(548,1,88,508),(549,1,88,509),(550,1,88,510),(551,1,88,511),(552,1,88,512),(553,1,88,513),(554,1,89,514),(555,1,89,515),(556,1,89,516),(557,1,89,517),(558,1,90,518),(559,1,90,519),(560,1,90,520),(561,1,90,521),(562,1,90,522),(563,1,90,524),(564,1,90,525),(565,1,90,526),(566,1,91,527),(567,1,92,528),(568,1,92,529),(569,2,92,530),(570,1,92,531),(571,1,92,532),(572,1,92,533),(573,1,92,534),(574,1,92,535),(575,2,92,536),(576,2,92,537),(577,1,92,538),(578,1,92,539),(579,1,92,540),(580,1,92,541),(581,1,92,542),(582,1,92,543),(583,1,92,544),(584,1,92,545),(585,1,92,547),(586,1,92,548),(587,1,92,549),(588,1,92,551),(589,1,92,552),(590,1,93,553),(591,1,94,554),(592,1,94,555),(593,1,94,556),(594,1,94,557),(595,1,94,558),(596,1,94,559),(597,1,95,564),(598,1,95,1261),(599,1,96,565),(600,1,97,566),(601,1,98,567),(602,1,98,1262),(603,1,99,568),(604,1,99,569),(605,1,99,570),(606,1,99,572),(607,1,100,575),(608,1,101,576),(609,1,101,577),(610,1,101,578),(611,1,101,579),(612,1,101,580),(613,1,101,581),(614,1,101,582),(615,1,101,583),(616,1,101,584),(617,1,101,585),(618,1,101,586),(619,1,101,587),(620,1,101,588),(621,1,101,589),(622,1,101,590),(623,1,101,591),(624,1,101,592),(625,1,101,593),(626,1,102,594),(627,1,103,595),(628,1,103,596),(629,1,103,597),(630,1,103,598),(631,1,103,599),(632,1,103,600),(633,1,103,601),(634,1,103,602),(635,1,104,603),(636,1,104,604),(637,1,104,605),(638,1,104,606),(639,1,104,607),(640,1,104,608),(641,1,104,609),(642,1,104,610),(643,1,104,611),(644,1,104,612),(645,1,104,613),(646,1,105,614),(647,1,105,615),(648,1,105,616),(649,1,105,617),(650,1,105,618),(651,1,105,619),(652,1,105,620),(653,1,105,621),(654,1,106,623),(655,1,107,652),(656,1,107,653),(657,1,107,654),(658,1,107,655),(659,1,107,656),(660,1,107,658),(661,1,107,659),(662,1,107,660),(663,1,107,662),(664,1,107,663),(665,1,107,665),(666,1,107,666),(667,1,107,667),(668,1,107,668),(669,1,107,669),(670,1,108,670),(671,1,108,671),(672,1,108,672),(673,1,108,673),(674,1,108,674),(675,1,108,675),(676,1,108,1263),(677,1,109,676),(678,1,109,677),(679,1,110,678),(680,1,110,679),(681,1,110,680),(682,1,111,681),(683,1,111,682),(684,1,111,683),(685,1,111,684),(686,1,111,685),(687,1,111,686),(688,1,111,687),(689,1,111,688),(690,1,111,689),(691,1,111,690),(692,1,111,691),(693,1,111,692),(694,1,111,694),(695,1,111,696),(696,1,111,697),(697,1,111,699),(698,1,111,700),(699,1,111,701),(700,1,111,702),(701,1,112,703),(702,1,112,1302),(703,0,112,1303),(704,1,112,1304),(705,1,112,1305),(706,1,112,1306),(707,1,112,1307),(708,1,113,704),(709,1,113,705),(710,1,113,706),(711,1,114,707),(712,1,114,708),(740,1,117,723),(741,1,118,724),(742,1,118,725),(743,1,118,726),(744,1,118,727),(745,1,118,728),(746,1,118,729),(747,1,118,730),(748,1,118,731),(749,1,118,732),(750,1,118,733),(751,1,118,734),(752,1,118,735),(753,1,118,736),(754,1,118,738),(755,1,118,739),(756,1,118,740),(757,1,119,742),(758,1,119,743),(759,1,119,744),(760,1,119,745),(761,1,119,746),(762,1,119,747),(763,1,119,748),(764,1,119,749),(765,1,119,750),(766,1,119,753),(767,1,119,754),(768,1,119,755),(769,1,119,756),(770,1,119,757),(771,1,119,758),(772,1,119,759),(773,1,119,760),(774,1,120,761),(775,1,120,1308),(776,1,120,1312),(777,1,120,1313),(778,1,120,1314),(779,1,120,1315),(780,1,120,1316),(781,1,120,1317),(782,1,120,1318),(783,1,120,1320),(784,1,120,1321),(785,1,121,762),(786,2,121,763),(787,1,121,764),(788,1,121,765),(789,1,121,766),(790,1,121,767),(791,1,121,768),(792,1,121,769),(793,1,121,771),(794,2,121,772),(795,1,121,773),(796,2,121,775),(797,1,121,778),(798,1,121,779),(799,2,121,780),(800,1,121,781),(801,1,121,782),(802,1,121,783),(803,1,121,784),(804,1,121,785),(805,1,121,786),(806,1,121,787),(807,1,121,788),(808,1,121,789),(809,1,122,790),(810,1,123,791),(811,1,123,792),(812,1,123,794),(813,1,123,796),(814,1,124,797),(815,1,124,798),(816,1,124,799),(817,1,125,800),(818,1,126,801),(819,1,126,802),(820,1,126,803),(821,1,126,804),(822,1,127,805),(823,1,128,852),(824,1,129,853),(825,1,129,854),(826,1,129,855),(827,1,129,857),(828,1,130,859),(829,1,130,860),(830,1,130,861),(831,1,131,862),(832,1,131,863),(833,1,131,864),(834,1,131,865),(835,1,131,866),(836,1,131,867),(837,1,131,869),(838,1,132,870),(839,1,132,871),(840,1,132,872),(841,1,132,873),(842,1,132,875),(843,1,132,876),(844,1,132,877),(845,1,132,878),(846,1,132,880),(847,1,132,881),(848,1,132,882),(849,1,132,883),(850,1,132,885),(851,1,132,886),(852,1,132,887),(853,1,132,888),(854,1,132,889),(855,1,133,890),(856,1,133,891),(857,1,133,892),(858,1,133,893),(859,1,133,894),(860,1,133,895),(861,1,133,897),(862,1,133,898),(863,1,133,899),(864,1,134,916),(865,1,134,919),(866,1,134,920),(867,1,134,921),(868,1,135,922),(869,1,135,923),(870,1,135,925),(871,1,135,926),(872,1,135,927),(873,1,136,928),(874,1,136,929),(875,1,136,932),(876,1,136,933),(877,1,137,934),(878,1,138,935),(879,1,138,936),(880,1,138,937),(881,1,138,938),(882,1,138,939),(883,1,138,940),(884,1,138,942),(885,1,138,943),(886,1,139,944),(887,1,139,945),(888,1,139,946),(889,1,140,949),(890,1,140,950),(891,1,140,951),(892,1,140,952),(893,1,140,953),(894,1,140,954),(895,1,140,955),(896,1,140,956),(897,1,140,957),(898,1,140,959),(899,1,140,960),(900,1,140,961),(901,1,140,963),(902,1,140,965),(903,1,140,968),(904,0,140,1455),(905,1,141,971),(906,1,141,972),(907,1,141,974),(908,1,141,976),(909,1,141,977),(910,1,142,978),(911,1,142,979),(935,1,145,1011),(936,1,145,1012),(937,1,145,1013),(938,1,145,1014),(939,1,145,1015),(940,1,145,1016),(941,1,145,1018),(942,1,145,1019),(943,1,145,1020),(944,1,145,1021),(945,1,146,1022),(946,1,146,1026),(947,2,146,1027),(948,1,147,1802),(949,1,147,1803),(950,1,147,1804),(951,1,147,1805),(952,1,147,1806),(953,1,147,1807),(954,1,147,1808),(955,2,148,1052),(956,1,148,1053),(957,1,149,1054),(958,1,150,1055),(959,1,150,1056),(960,1,150,1057),(961,1,150,1058),(962,1,150,1059),(963,1,150,1060),(964,1,150,1061),(965,1,150,1062),(966,1,150,1064),(967,1,150,1065),(968,2,151,1067),(969,1,152,1653),(970,1,153,1068),(971,1,153,1069),(972,1,153,1070),(973,1,153,1071),(974,1,153,1072),(975,1,153,1073),(976,1,153,1075),(977,1,153,1076),(978,1,153,1077),(979,1,153,1078),(981,1,155,1085),(982,1,156,1086),(983,1,156,1087),(984,1,156,1088),(985,1,156,1089),(986,1,156,1090),(987,1,157,1809),(988,1,157,1810),(989,1,157,1811),(990,1,157,1812),(991,1,157,1813),(992,1,157,1815),(993,1,157,1816),(994,1,157,1817),(995,1,158,1092),(996,1,158,1093),(997,1,158,1094),(998,1,159,1095),(999,1,159,1096),(1000,1,159,1097),(1001,1,159,1098),(1002,1,160,1099),(1003,1,160,1100),(1004,1,160,1103),(1005,1,161,1105),(1006,1,161,1106),(1007,1,161,1107),(1008,1,161,1108),(1009,1,161,1109),(1010,1,161,1110),(1011,1,161,1111),(1012,1,161,1112),(1013,1,161,1113),(1014,1,161,1117),(1015,1,162,1125),(1016,1,162,1126),(1017,1,162,1127),(1018,1,162,1128),(1019,1,162,1129),(1020,1,163,1130),(1021,1,163,1131),(1022,1,163,1132),(1023,1,163,1133),(1024,1,163,1135),(1025,1,163,1136),(1026,1,164,1137),(1027,1,164,1138),(1028,1,165,1139),(1029,1,166,1352),(1030,1,166,1353),(1031,2,166,1354),(1032,1,166,1355),(1033,1,166,1356),(1034,1,166,1359),(1037,1,168,1363),(1038,1,168,1364),(1039,1,168,1365),(1040,1,168,1366),(1041,1,168,1368),(1042,1,168,1369),(1043,1,168,1370),(1044,1,168,1371),(1045,1,168,1372),(1046,1,168,1373),(1047,1,168,1374),(1048,1,169,1375),(1049,1,169,1376),(1050,1,170,1821),(1051,1,170,1822),(1052,1,170,1823),(1053,1,170,1824),(1054,1,170,1825),(1055,1,171,1378),(1056,1,171,1379),(1057,1,172,1380),(1058,1,172,1381),(1059,1,173,1386),(1060,1,173,1387),(1061,1,173,1388),(1062,1,174,1389),(1063,1,174,1390),(1064,1,175,1391),(1065,1,175,1393),(1066,1,175,1394),(1067,1,175,1395),(1068,1,175,1396),(1069,1,175,1397),(1070,1,176,1452),(1071,1,177,1852),(1072,1,177,1853),(1073,1,177,1854),(1074,1,177,1855),(1075,1,177,1856),(1076,1,178,1398),(1077,1,178,1399),(1078,1,178,1400),(1079,1,178,1401),(1080,1,178,1402),(1081,1,178,1403),(1082,1,178,1404),(1083,1,178,1406),(1084,1,179,1407),(1085,1,179,1408),(1086,1,179,1409),(1087,1,179,1410),(1088,1,179,1411),(1089,1,179,1412),(1090,1,179,1413),(1091,1,179,1414),(1092,1,179,1415),(1093,1,179,1416),(1094,1,179,1417),(1095,1,180,1419),(1096,1,181,1420),(1097,1,181,1421),(1098,1,182,1424),(1099,1,183,1425),(1100,1,183,1426),(1101,1,183,1427),(1102,1,183,1428),(1103,1,183,1429),(1104,1,183,1430),(1105,1,183,1434),(1106,1,183,1435),(1107,1,183,1437),(1108,1,183,1438),(1109,1,183,1439),(1110,1,183,1440),(1111,1,184,1857),(1112,1,184,1858),(1113,1,184,1860),(1114,1,185,1441),(1115,1,185,1442),(1116,1,185,1443),(1117,1,185,1444),(1118,1,185,1445),(1119,1,185,1448),(1120,1,185,1450),(1121,1,185,1451),(1122,2,186,1502),(1123,1,186,1503),(1124,1,186,1504),(1125,1,186,1505),(1126,1,186,1506),(1127,1,186,1507),(1128,1,186,1508),(1129,1,187,1510),(1130,1,187,1511),(1131,1,187,1512),(1132,1,187,1513),(1133,1,187,1514),(1134,1,188,1861),(1135,1,188,1862),(1136,1,188,1863),(1137,1,189,1515),(1138,1,190,1516),(1139,1,191,1864),(1140,1,192,1865),(1141,1,193,1752),(1142,1,193,1753),(1143,1,193,1754),(1144,1,193,1755),(1145,1,193,1756),(1146,1,193,1757),(1147,1,193,1758),(1148,1,193,1759),(1149,1,193,1760),(1150,1,193,1761),(1151,1,193,1762),(1152,1,193,1764),(1153,1,194,1517),(1154,1,194,1518),(1155,1,195,1520),(1156,1,195,1522),(1157,1,196,1524),(1158,1,196,1527),(1159,1,196,1528),(1160,1,196,1529),(1161,1,196,1531),(1162,1,197,1532),(1163,1,198,1533),(1164,1,198,1534),(1165,1,198,1535),(1166,1,198,1536),(1167,1,198,1537),(1168,1,198,1538),(1169,1,198,1539),(1170,1,198,1541),(1171,1,198,1546),(1172,1,199,1548),(1173,1,200,1549),(1174,1,200,1550),(1175,1,200,1551),(1176,1,201,1553),(1177,1,202,1902),(1178,1,203,1554),(1179,1,203,1555),(1180,1,203,1556),(1181,1,203,1557),(1182,1,203,1558),(1183,1,203,1559),(1184,1,203,1561),(1185,1,203,1562),(1186,1,203,1563),(1187,1,203,1564),(1188,1,204,1565),(1189,1,204,1566),(1190,1,204,1567),(1191,3,205,1569),(1192,1,205,1570),(1193,1,206,1571),(1194,1,206,1572),(1195,1,206,1574),(1196,1,206,1575),(1197,1,207,1576),(1198,1,207,1577),(1199,1,208,1908),(1200,1,208,1909),(1201,1,208,1910),(1202,1,209,1578),(1203,1,209,1579),(1204,1,209,1581),(1205,1,209,1582),(1206,1,209,1584),(1209,1,211,1588),(1210,1,211,1589),(1211,1,211,1590),(1212,1,211,1591),(1213,1,211,1592),(1214,1,211,1593),(1215,1,211,1594),(1216,1,212,1597),(1217,1,212,1599),(1218,1,213,1600),(1219,1,214,1601),(1220,1,214,1602),(1221,1,215,1603),(1222,1,216,1604),(1223,1,216,1605),(1224,2,217,1911),(1225,1,217,1912),(1226,1,217,1913),(1227,1,218,1606),(1228,1,219,1607),(1229,1,219,1608),(1230,1,219,1609),(1231,1,219,1610),(1232,1,219,1611),(1233,1,219,1612),(1234,1,219,1614),(1235,1,220,1615),(1236,1,220,1616),(1237,1,220,1617),(1238,1,221,1914),(1239,1,221,1915),(1240,1,221,1916),(1241,1,222,1917),(1293,1,274,9),(1294,1,274,10),(1295,1,274,11),(1343,1,324,1585),(1344,1,324,1586),(1393,4,374,980),(1394,4,374,981),(1395,1,374,982),(1396,1,375,1084),(1443,1,424,1360),(1444,1,424,1361),(1493,1,474,1118),(1494,1,474,2003),(1495,1,474,2004),(1496,1,474,2005),(1497,1,474,2007),(1543,1,524,2052),(1544,1,524,2053),(1545,1,524,2054),(1593,1,574,62),(1594,1,574,63),(1595,1,574,64),(1596,1,575,12),(1597,1,575,13),(1598,1,575,14),(1599,1,575,15),(1600,1,575,16),(1601,1,575,17),(1602,1,575,18),(1603,1,575,19),(1643,1,624,76),(1644,1,624,77),(1645,1,624,78),(1646,1,625,170),(1647,1,625,171),(1648,1,625,172),(1649,1,625,173),(1650,1,625,174),(1651,1,625,175),(1652,1,625,176),(1653,1,625,177),(1654,1,625,178),(1655,1,625,179),(1656,1,625,180),(1657,1,625,181),(1658,1,625,182),(1659,1,625,183),(1660,1,625,184),(1661,1,625,185),(1662,1,625,186),(1663,1,625,187),(1664,1,625,188),(1665,1,625,189),(1666,1,625,190),(1667,1,625,191),(1668,1,625,192),(1675,2,627,709),(1676,3,627,710),(1677,1,627,711),(1678,5,627,712),(1679,5,627,713),(1680,1,627,714),(1681,1,627,715),(1682,1,627,716),(1683,1,627,717),(1684,1,627,718),(1685,1,627,719),(1686,1,627,720),(1687,1,627,721),(1688,1,627,722),(1693,1,674,901),(1694,1,674,902),(1695,1,674,903),(1696,1,674,905),(1697,1,674,906),(1698,1,674,907),(1699,1,674,908),(1700,1,674,909),(1701,1,674,910),(1702,1,674,912),(1703,1,674,914),(1704,1,674,1453),(1705,1,674,1768),(1706,1,675,207),(1707,1,675,1152),(1708,1,675,1153),(1709,1,675,1154),(1710,1,675,1155),(1711,1,675,1156),(1712,1,676,983),(1713,1,676,984),(1714,1,676,985),(1715,2,676,986),(1716,1,676,987),(1717,2,676,988),(1718,1,676,989),(1719,1,676,990),(1720,1,676,991),(1721,1,676,993),(1722,1,676,997),(1723,1,676,998),(1724,1,676,999),(1725,1,676,1000),(1726,1,676,1001),(1727,2,676,1002),(1728,1,677,1006),(1729,1,677,1009),(1730,1,677,1010),(1731,1,678,20);
/*!40000 ALTER TABLE `gsm_delivery_item` ENABLE KEYS */;
UNLOCK TABLES;

--
-- Table structure for table `gsm_group`
--

DROP TABLE IF EXISTS `gsm_group`;
/*!40101 SET @saved_cs_client     = @@character_set_client */;
/*!40101 SET character_set_client = utf8 */;
CREATE TABLE `gsm_group` (
  `obj_id` bigint(20) NOT NULL,
  `status` varchar(30) DEFAULT NULL,
  `desc_text` text,
  `name` varchar(40) DEFAULT NULL,
  `code` varchar(10) DEFAULT NULL,
  `obj_version` decimal(10,0) DEFAULT NULL,
  PRIMARY KEY (`obj_id`),
  UNIQUE KEY `uk_code` (`code`)
) ENGINE=InnoDB DEFAULT CHARSET=utf8;
/*!40101 SET character_set_client = @saved_cs_client */;

--
-- Dumping data for table `gsm_group`
--

LOCK TABLES `gsm_group` WRITE;
/*!40000 ALTER TABLE `gsm_group` DISABLE KEYS */;
INSERT INTO `gsm_group` VALUES (1,'IN_PROGRESS',NULL,'爸妈网第69号团购',NULL,1);
/*!40000 ALTER TABLE `gsm_group` ENABLE KEYS */;
UNLOCK TABLES;

--
-- Table structure for table `gsm_order`
--

DROP TABLE IF EXISTS `gsm_order`;
/*!40101 SET @saved_cs_client     = @@character_set_client */;
/*!40101 SET character_set_client = utf8 */;
CREATE TABLE `gsm_order` (
  `obj_id` bigint(20) NOT NULL,
  `status` varchar(20) DEFAULT NULL,
  `remark` text,
  `customer` varchar(30) DEFAULT NULL,
  `ref_number` varchar(30) DEFAULT NULL,
  `obj_version` decimal(10,0) DEFAULT NULL,
  `gross_weight` decimal(10,2) DEFAULT NULL,
  `expect_delivery_method` varchar(10) DEFAULT NULL,
  `adjust` decimal(10,2) DEFAULT NULL,
  `total_amount` decimal(10,2) DEFAULT NULL,
  `paid_amount` decimal(10,2) DEFAULT NULL,
  `pay_date` datetime DEFAULT NULL,
  `create_date` datetime DEFAULT NULL,
  `group_code` varchar(20) DEFAULT NULL,
  `delivery_status` varchar(20) DEFAULT NULL,
  `delivery` bigint(20) DEFAULT NULL,
  `cont_phone` varchar(255) DEFAULT NULL,
  `cont_location` varchar(255) DEFAULT NULL,
  `cont_address` varchar(255) DEFAULT NULL,
  `cont_name` varchar(255) DEFAULT NULL,
  PRIMARY KEY (`obj_id`),
  KEY `FK_gsm_order_delivery` (`delivery`),
  CONSTRAINT `FK_gsm_order_delivery` FOREIGN KEY (`delivery`) REFERENCES `gsm_delivery` (`obj_id`)
) ENGINE=InnoDB DEFAULT CHARSET=utf8;
/*!40101 SET character_set_client = @saved_cs_client */;

--
-- Dumping data for table `gsm_order`
--

LOCK TABLES `gsm_order` WRITE;
/*!40000 ALTER TABLE `gsm_order` DISABLE KEYS */;
INSERT INTO `gsm_order` VALUES (2,'CONFIRMED',' 已备货','69#caroltsui96楼','1',8,8.42,'EXPRESS',48.00,1022.00,1022.00,NULL,'2011-10-16 23:50:02','爸妈网第69号团购','DELIVERED',2,NULL,NULL,'徐晓霞 烟台莱州 山东省莱州市文泉路文泉花园1号楼3单元302# 13255523237 261400   ','徐晓霞'),(3,'CONFIRMED',' 中通680142559379 ','69#qyaeon175楼','2',8,2.20,'EXPRESS',7.00,90.00,90.00,NULL,'2011-10-16 23:50:03','爸妈网第69号团购','DELIVERED',3,NULL,NULL,'钱瑛 江苏苏州东环路1500号现代创展大厦6楼605室 215021 13915596644   ','钱瑛'),(4,'CONFIRMED',' 已备货','69#jingzog99楼','3',17,9.90,'EXPRESS',53.00,1226.00,1226.00,NULL,'2011-10-16 23:50:03','爸妈网第69号团购','DELIVERED',274,'',NULL,'广东省佛山市顺德区顺德碧桂园西苑听涛居三街三座T02房 15986123124 528312','李晶'),(5,'CONFIRMED',' 中通：\n680142559377','69#萤火虫慢慢飞129#','4',18,10.56,'POST',36.00,1319.00,1319.00,NULL,'2011-10-16 23:50:03','爸妈网第69号团购','DELIVERED',575,'',NULL,'湖北省武汉市江汉区发展大道188号市公安局姓名：张丽；邮编：430022；电话：13296664596 027-85396481 （这个单付的是平邮的钱36，后来因为地址一开始弄错了，所以让会员补5元，发了快递）','张丽'),(6,'CONFIRMED',' 已备货','69#+socat_c+83','5',18,4.50,'EXPRESS',9.00,434.00,434.00,NULL,'2011-10-16 23:50:03','爸妈网第69号团购','DELIVERED',678,NULL,NULL,'程东萍+江苏省苏州市+十梓街188号苏州大学附属第一医院信息处+13915585210+215006   ','程东萍'),(7,'CONFIRMED','更改了书单，，需退款。（实际支付额待核） 中通680142559406','69#宏兴102楼','6',10,5.38,'EXPRESS',45.00,336.00,472.00,NULL,'2011-10-16 23:50:03','爸妈网第69号团购','DELIVERED',10,NULL,NULL,'收货地址：四川省成都市成华区万科路2号万科魅力之城3期27栋1单元401室余霞收电话13982081917 邮编610000','王新宏'),(8,'CONFIRMED',' 中通680142559407','69#carolyn92楼','7',8,6.90,'EXPRESS',11.00,165.00,165.00,NULL,'2011-10-16 23:50:03','爸妈网第69号团购','DELIVERED',11,NULL,NULL,'王立武， 江苏省南京市龙蟠中路319号1幢101室，13851420438，210001   ','王莹'),(9,'CONFIRMED',' 发邮局','69#蕴涵妈妈147楼','8',8,8.44,'POST',18.00,283.00,283.00,NULL,'2011-10-16 23:50:03','爸妈网第69号团购','DELIVERED',12,NULL,NULL,'孔德佳 13804947450 大连市中山区五五路30号名仕国际B2308 116001   ','孔德佳'),(10,'CONFIRMED',' 已备货','69#大宝MM178楼','9',9,10.70,'EXPRESS',60.00,743.00,743.00,NULL,'2011-10-16 23:50:03','爸妈网第69号团购','DELIVERED',13,'',NULL,'齐旋；福建省福州市鼓楼区天泉路263号天泉丽景11#602 ，13809559756,350000   ','李杰'),(11,'CONFIRMED',' 中通680141051977','69#villay163','10',18,5.96,'EXPRESS',10.00,270.00,270.00,NULL,'2011-10-16 23:50:03','爸妈网第69号团购','DELIVERED',574,'',NULL,'江苏省 南京市 鼓楼区 龙园西路120号金陵名人居13-2-702 ，210036  13915596644 ','姜梅'),(12,'CONFIRMED',' 已备货','69#xqsong2007  227#','11',8,7.52,'EXPRESS',12.00,913.00,913.00,NULL,'2011-10-16 23:50:03','爸妈网第69号团购','DELIVERED',17,NULL,NULL,'收货人：宋小青+城市：杭州市+地址：浙江省杭州市天目山路398号古荡工业园10号楼2楼+电话：13857133709+邮编：310023 请在周一至周五工作日送货   ','宋洪涛'),(13,'CONFIRMED',' 已备货','69#huhu87楼','12',9,4.62,'EXPRESS',30.00,467.00,467.00,NULL,'2011-10-16 23:50:03','爸妈网第69号团购','DELIVERED',18,'13871310299',NULL,'湖北省武汉市东西湖区金山大道万科高尔夫城市花园502-17B，电话：13871310299，邮编：430040   ','李卉玲'),(14,'CONFIRMED',' 已备货','69#  _▂上善若水.  93楼','13',7,6.62,'POST',25.00,523.00,523.00,NULL,'2011-10-16 23:50:03','爸妈网第69号团购','PREPARED',19,NULL,NULL,'张莉娜 江西省南昌市青云谱区南苑一路65号 15170039325 330001   ','张莉娜'),(15,'CONFIRMED',' 已备货','69#+liuyue19811+81楼（补）','14',15,5.34,'POST',25.00,486.00,486.00,NULL,'2011-10-16 23:50:03','爸妈网第69号团购','PREPARED',624,NULL,NULL,'刘悦+城市：辽宁沈阳+地址：沈阳市浑南新区浑南东路9号+ 邮编：110168 +电话：13940215405   ','刘悦'),(16,'CONFIRMED',' 中通680142559408','69#moonmoon300楼','15',8,4.26,'POST',25.00,513.00,513.00,NULL,'2011-10-16 23:50:03','爸妈网第69号团购','DELIVERED',22,NULL,NULL,'罗敏 深圳市南山区文心二路海印长城10栋7A 13715370429 518054   ','罗敏'),(17,'CONFIRMED',' 中通:680142559378','69#moluelue137楼','16',10,10.04,'POST',18.00,298.00,298.00,NULL,'2011-10-16 23:50:03','爸妈网第69号团购','DELIVERED',23,'',NULL,'广西省南宁市广西大学生命科学与技术学院 13152696198 530005   ','莫柏立'),(18,'CONFIRMED',' 已备货','购书221','17',8,5.60,'EXPRESS',10.00,750.00,750.00,NULL,'2011-10-16 23:50:03','爸妈网第69号团购','DELIVERED',24,NULL,NULL,'姓名：龚辉电话：13906766766 地址：浙江省台州市椒江区机场北路45号','龚辉'),(19,'CONFIRMED',' 单号：中通680141051975','69#旺才MAMA265楼','19',10,9.70,'EXPRESS',14.00,1674.00,1674.00,NULL,'2011-10-16 23:50:03','爸妈网第69号团购','DELIVERED',25,NULL,NULL,'江苏省镇江市学府路 江苏大学本部一区单身教师宿舍3栋121室 王琳 收 15905287933','谢云海'),(20,'CONFIRMED',' 发邮局','69#vividzeng179楼','20',8,6.20,'POST',18.00,292.00,292.00,NULL,'2011-10-16 23:50:03','爸妈网第69号团购','DELIVERED',26,NULL,NULL,'曾红 湖南省长沙市雨花区香樟路393号澧水公司806室 13548589080 0731-82918699 邮编:410004   ','曾红'),(52,'CONFIRMED',' 已备货','69#绿色柠檬片# 309楼','21',9,6.60,'EXPRESS',11.00,510.00,510.00,NULL,'2011-10-16 23:50:54','爸妈网第69号团购','DELIVERED',27,'',NULL,'江苏省苏州市苏州工业园区若水路398号 中科院苏州纳米所 215123 陆晓鸣 13913191946','陆晓鸣'),(53,'CONFIRMED',' 680142559413','69#+cjing1+324楼','22',8,4.66,'EXPRESS',28.00,145.00,145.00,NULL,'2011-10-16 23:50:55','爸妈网第69号团购','DELIVERED',28,NULL,NULL,'陈婧+北京+西城区三里河一区2号院2号楼1107+13701157711+100045','陈婧'),(54,'CONFIRMED',' 已备货','69#婷嫂380楼','23',16,24.50,'POST',36.00,4013.00,4000.00,NULL,'2011-10-16 23:50:55','爸妈网第69号团购','PREPARED',625,'',NULL,'汪涛+广州+海珠区石榴岗路信步东街28号103+13316078261+510350   ','汪涛'),(55,'CONFIRMED',' 680142559397','69# w6z6jn  339','24',8,3.30,'POST',15.00,213.00,213.00,NULL,'2011-10-16 23:50:55','爸妈网第69号团购','DELIVERED',31,NULL,NULL,'赵定义 武汉市 汉口宝丰二路126号 13507197820 430030   ','赵定义'),(56,'CONFIRMED',' 680142559404','69#+穿靴子的猫001+320楼','25',8,4.14,'EXPRESS',9.00,247.00,247.00,NULL,'2011-10-16 23:50:55','爸妈网第69号团购','DELIVERED',32,NULL,NULL,'收货人姓名：叶玉莲城市：上海市地址：长宁区仙霞路423-2 宇通房地产电话：13501789103 邮编：200051   ','叶玉莲'),(57,'CONFIRMED',' 发邮局','69# cabexon 419楼','26',8,3.92,'POST',15.00,152.00,152.00,NULL,'2011-10-16 23:50:55','爸妈网第69号团购','DELIVERED',33,NULL,NULL,'潘峻 安徽合肥 包河区太宁花园紫兰苑13幢405室 13705510193 230011   ','吕培'),(58,'CONFIRMED',' 已备货','69#fanfanyangzhou192楼','27',7,4.50,'POST',25.00,450.00,450.00,NULL,'2011-10-16 23:50:55','爸妈网第69号团购','PREPARED',34,NULL,NULL,'陈亚平 四川江油市马路湾四川幼专生活区 15181651828   ','陈亚平'),(59,'CONFIRMED',' 680142559398','62#peagirlgu142楼','28',19,5.26,'EXPRESS',10.00,801.00,801.00,NULL,'2011-10-16 23:50:55','爸妈网第69号团购','DELIVERED',675,'13671789101',NULL,'上海市浦东新区博山东路553弄32号602室','顾怡芳'),(60,'CONFIRMED',' 700000418099','69#roben382楼','29',9,11.60,'EXPRESS',16.00,1646.00,1646.00,NULL,'2011-10-16 23:50:55','爸妈网第69号团购','DELIVERED',37,'',NULL,'姓名:李炜瓯;城市：温州；地址：浙江省温州市惠民路温州职业中专 ；电话：15825426758；邮编：325000.送达请快递打电话确认，谢谢。','李炜瓯'),(61,'CONFIRMED',' 680142559400','69#shalala128楼','30',9,3.30,'EXPRESS',23.00,221.00,221.00,NULL,'2011-10-16 23:50:55','爸妈网第69号团购','DELIVERED',38,'13802582168',NULL,'王琳 +广东省深圳市福田区石厦北三街雅云轩10F 13802582168','周勇'),(62,'CONFIRMED',' 805000055291','69#+之妍+247楼','31',8,17.72,'EXPRESS',22.00,1403.00,1403.00,NULL,'2011-10-16 23:50:55','爸妈网第69号团购','PARTIALLY_DELIVERED',39,'',NULL,'张莹，江苏省镇江市京口区丁卯桥路沃得花园2期24栋502室，13815489826,0511-\r\n88893129 ','张莹'),(63,'CONFIRMED',' 已备货','69#+larkbaby+268','32',7,6.84,'EXPRESS',38.00,622.00,622.00,NULL,'2011-10-16 23:50:55','爸妈网第69号团购','DELIVERED',40,NULL,NULL,'北京市东城区东直门南大街7号 李洋收邮编：100007 电话：13911916248   ','李广博'),(64,'CONFIRMED',' 已备货','69#bessieliu 397楼','33',7,5.84,'EXPRESS',10.00,529.00,529.00,NULL,'2011-10-16 23:50:55','爸妈网第69号团购','DELIVERED',41,NULL,NULL,'收货人姓名：刘蓓，城市：上海，地址：上海市古美西路631弄202号601室，电话：13701852615，邮编：201102   ','刘蓓'),(65,'CONFIRMED',' 680142559394','69#woaithr123楼','34',8,5.66,'EXPRESS',10.00,283.00,283.00,NULL,'2011-10-16 23:50:55','爸妈网第69号团购','DELIVERED',42,'',NULL,'姓名：李焱 城市地址：江苏省连云港市新浦区小学路向阳公寓3号楼3单元602室 电话：13605131533 邮编：222002   ','唐善旺'),(66,'CONFIRMED',' 已备货','69#+幸运鱼+420楼','35',7,4.20,'EXPRESS',9.00,308.00,308.00,NULL,'2011-10-16 23:50:55','爸妈网第69号团购','DELIVERED',43,NULL,NULL,'苏延静，上海，松江区泗陈公路1888弄436号，13816763211，201601   ','王玉玲'),(67,'CONFIRMED',' 680142559393','69#淇淇田田208楼','36',7,3.30,'POST',15.00,213.00,213.00,NULL,'2011-10-16 23:50:55','爸妈网第69号团购','DELIVERED',44,NULL,NULL,'河南省郑州市上街区阳光小区东马固家园4号楼中门洞2楼韩延凤收，邮编450041 电话13598813073   ','韩延凤'),(68,'CONFIRMED',' 发邮局','69#jwlqc  283楼','37',7,6.34,'POST',10.00,104.00,104.00,NULL,'2011-10-16 23:50:55','爸妈网第69号团购','PREPARED',45,'',NULL,'姜伟 天津南开天江格调花园3-3-801   ','姜伟'),(69,'CONFIRMED',' 680142559392','69#萍踪侠影504楼','38',8,4.20,'EXPRESS',9.00,197.00,197.00,NULL,'2011-10-16 23:50:55','爸妈网第69号团购','DELIVERED',46,'',NULL,'周萍，浙江省杭州市机神新村11幢3单元104室，13588706849，310004  ','周萍'),(70,'CONFIRMED',' 发邮局','69#+小思妈+523楼','39',8,6.38,'POST',25.00,451.00,451.00,NULL,'2011-10-16 23:50:55','爸妈网第69号团购','DELIVERED',47,'',NULL,'收货人：吴筠地址：江西省南昌市中山路铁街25号人民银行邮编：330008 电话：13807080813 使用平邮   ','吴筠'),(71,'CONFIRMED',' 已备货','69# sy_jijin 楼层463','40',1,6.62,'POST',30.00,609.00,609.00,NULL,'2011-10-16 23:50:55','爸妈网第69号团购','NOT_PREPARED',NULL,NULL,NULL,'收货人:王悦 城市：辽宁省沈阳市 地址：和平区集贤街55-2号1-3-1 电话：15140008623 024-23393734 邮编：110000   ','王悦'),(72,'CONFIRMED','无误 已备货','69# sy_jijin 楼层463','40',2,3.90,'EXPRESS',33.00,483.00,456.00,NULL,'2011-10-16 23:50:55','爸妈网第69号团购','NOT_PREPARED',NULL,'',NULL,'收货人:王悦 城市：辽宁省沈阳市 地址：和平区集贤街55-2号1-3-1 电话：15140008623 024-23393734 邮编：110000 需要跟进','王悦'),(102,'CONFIRMED',' 680142559396','69# dodo99 124楼','41',8,2.70,'EXPRESS',18.00,178.00,178.00,NULL,'2011-10-16 23:51:11','爸妈网第69号团购','DELIVERED',48,'',NULL,'广东省深圳市福田区益田村104-2H TEL：13714321656 ZIP: 518048','胡蓉'),(103,'CONFIRMED',' 发邮局','69# Lillian第478楼','42',11,5.79,'POST',25.00,514.00,514.00,NULL,'2011-10-16 23:51:12','爸妈网第69号团购','DELIVERED',49,'',NULL,'张莉 陕西省西安市西安交通大学外国语学院英语系 13772484716 邮编710049   ','张莉'),(104,'CONFIRMED','已备货 发邮局','69#小虎丫丫465楼','43',7,3.00,'POST',10.00,47.00,47.00,NULL,'2011-10-16 23:51:12','爸妈网第69号团购','DELIVERED',50,NULL,NULL,'王剑辉 ，13235991992， ，福建省 邵武市 水北镇大漠村长窠28号 ，354000   ','刘峻'),(105,'CONFIRMED',' 100001982584','69#maggieluyang358楼','44',8,8.64,'EXPRESS',13.00,230.00,230.00,NULL,'2011-10-16 23:51:12','爸妈网第69号团购','DELIVERED',51,'',NULL,'陆扬,13681766952,上海市闵行区银都路3151弄58号101室,201108   ','陆扬'),(106,'CONFIRMED','漏写了两本书，书款36，编号24,Olover 和27  Only Dream，货已发，来不及补了，和会员协商下 680142559403','69#珍珠鱼宝宝592楼','45',11,5.62,'POST',15.00,132.00,164.00,NULL,'2011-10-16 23:51:12','爸妈网第69号团购','DELIVERED',52,'',NULL,'四川省成都市锦江区光明路69号蓉上坊一期二幢二单元2904 郑咏收 610000 13880007761   ','刘移'),(107,'CONFIRMED',' 已备货','69#小勺子409楼','46',8,12.54,'EXPRESS',68.00,1779.00,1779.00,NULL,'2011-10-16 23:51:12','爸妈网第69号团购','DELIVERED',53,'',NULL,'山东省青岛市海尔路1号海尔信息产业园S楼大厅 13396395360 266011   ','孙凤莲'),(108,'CONFIRMED','应退款 发邮局','69#xsj071016 344楼','47',7,19.62,'POST',25.00,476.00,851.00,NULL,'2011-10-16 23:51:12','爸妈网第69号团购','DELIVERED',54,NULL,NULL,'王红梅 宁夏银川市兴庆区宝湖东路星光华小区A区19号楼1单元502 18695118330 750001   ','王红梅'),(109,'CONFIRMED',' 已备货','69#saillily 239楼','48',6,5.82,'POST',25.00,501.00,501.00,NULL,'2011-10-16 23:51:12','爸妈网第69号团购','PREPARED',55,NULL,NULL,'湖北省武汉市武汉大学九区七栋4－601张帆（收）430072电话13469986956   ','张帆'),(110,'CONFIRMED',' 已备货','69#lemurialxx127楼','49',7,4.94,'EXPRESS',28.00,471.00,471.00,NULL,'2011-10-16 23:51:12','爸妈网第69号团购','DELIVERED',56,NULL,NULL,'李潇潇 北京市西城区月坛北街18号楼1005室 13701180330 100045   ','李潇潇'),(111,'CONFIRMED',' 680142559395','69#+icecoffee1980+607楼','50',8,10.72,'EXPRESS',15.00,287.00,287.00,NULL,'2011-10-16 23:51:12','爸妈网第69号团购','DELIVERED',57,'',NULL,'收货人姓名:李银燕城市：宁波市地址：浙江省宁波市北仑大榭开发区海文东区21-202室电话：13685871380 邮编：315812   ','李银燕'),(112,'CONFIRMED',' 680142559402','69#hotberry364楼','51',8,4.78,'EXPRESS',9.00,222.00,222.00,NULL,'2011-10-16 23:51:12','爸妈网第69号团购','DELIVERED',58,'',NULL,'钟萍江苏省无锡市滨湖区滴翠路100号530大厦2号楼18层 15371058130 214072   ','钟萍'),(113,'CONFIRMED','平邮也是发挂号平邮吧？如果不是的话，请告知我，多谢！  \n 发邮局','69#+xp930+606楼','52',7,29.00,'POST',36.00,1306.00,1306.00,NULL,'2011-10-16 23:51:12','爸妈网第69号团购','DELIVERED',59,NULL,NULL,'胡洋+北京市+东城区和平里中街16号北院新楼113室+13488802009+100013 平邮也是发挂号平邮吧？如果不是的话，请告知我，多谢！   ','胡洋'),(114,'CONFIRMED',' 680142559401','69#  夸父追爱 603楼','53',7,3.64,'EXPRESS',15.00,75.00,75.00,NULL,'2011-10-16 23:51:12','爸妈网第69号团购','DELIVERED',60,NULL,NULL,'马辉+安徽省阜阳市颍东区刘西巷29号-104户（火车站工行后面）+13866221692+236000   ','马辉'),(115,'CONFIRMED',' 680142559399','69#arisensun605楼','54',8,2.20,'EXPRESS',7.00,90.00,90.00,NULL,'2011-10-16 23:51:12','爸妈网第69号团购','DELIVERED',61,'',NULL,'严昕+江苏省扬州市+文昌中路541号中国银行+13852785191+225000   ','严昕'),(116,'CONFIRMED',' 已备货','69#+pmint+616','55',8,5.94,'EXPRESS',33.00,524.00,524.00,NULL,'2011-10-16 23:51:12','爸妈网第69号团购','DELIVERED',62,'',NULL,'收货人：罗礼北京市海淀区北太平庄村54号紫瑞嘉园2-5-901 电话：13426311150 邮编：100081 订单内容见邮件！   ','罗礼'),(117,'CONFIRMED',' 已备货','69#琳琪琳琪388楼','56',7,4.94,'EXPRESS',28.00,481.00,481.00,NULL,'2011-10-16 23:51:12','爸妈网第69号团购','DELIVERED',63,NULL,NULL,'叶国强，广东湛江市赤坎区寸金路10号市疾病预防控制中心21栋701，13828252211，524037   ','叶国强'),(118,'CONFIRMED',' 已备货','转账（620楼）','57',7,4.50,'EXPRESS',9.00,434.00,434.00,NULL,'2011-10-16 23:51:12','爸妈网第69号团购','DELIVERED',64,NULL,NULL,'收件人：董小玉\n地址：浙江省杭州市上城区抚宁巷66号  邮编：310002\n电话：13958109270 ','董小玉'),(119,'CONFIRMED','有缺货：35号All Around Farm 缺货，退书款25 100001982585','69#+misxy328+630楼','58',14,7.96,'EXPRESS',12.00,301.00,301.00,NULL,'2011-10-16 23:51:12','爸妈网第69号团购','DELIVERED',65,'',NULL,'江苏省南京市江宁区将军大道韩府路19号南航揽翠苑3幢603室，211100，彭星， 13813089282   ','彭星'),(120,'CONFIRMED',' 700000418098','69#ROSY妈妈579楼','59',8,6.86,'EXPRESS',11.00,1102.00,1102.00,NULL,'2011-10-16 23:51:12','爸妈网第69号团购','DELIVERED',66,'',NULL,'收货人:余旭 地址：上海市黄浦区福建中路66号 电话：13601691200 邮编：200001   ','余旭'),(121,'CONFIRMED',' 已备货','69#+晨光熹微+590','60',6,4.50,'POST',25.00,450.00,450.00,NULL,'2011-10-16 23:51:12','爸妈网第69号团购','PREPARED',67,NULL,NULL,'湖北省武汉市武昌区中北路新安花园A栋2单元304 马楚岚 18971561996','马燕丽'),(152,'CONFIRMED','无误  ','69#+sleet+634','61',6,10.50,'POST',36.00,1461.00,1461.00,NULL,'2011-10-16 23:51:22','爸妈网第69号团购','PREPARED',68,NULL,NULL,'姓名:王燕+城市：广东省湛江市+地址:赤坎区人民大道北33号+电话:13560511329+邮编:3282043   ','王燕'),(153,'CONFIRMED','无误 ','69#daydreaming+641楼','62',6,4.46,'POST',15.00,180.00,180.00,NULL,'2011-10-16 23:51:23','爸妈网第69号团购','PARTIALLY_PREPARED',69,NULL,NULL,'北京市东城区朝阳门北大街1号新保利大厦二十六层，收货人高宇庆，邮编100010，电话13911012139 书共165元+15元运费=180元   ','高宇庆'),(154,'CONFIRMED','无误 ','69#+摇摇妈+647楼（646）','63',8,3.90,'EXPRESS',23.00,483.00,483.00,NULL,'2011-10-16 23:51:23','爸妈网第69号团购','DELIVERED',70,'18688788426',NULL,'广东省深圳市南山区学府路学林雅苑5-604   电话18688788426','彭娟'),(155,'CONFIRMED','补款20 ','69#+bjzly+648楼','64',7,6.04,'POST',15.00,199.00,179.00,NULL,'2011-10-16 23:51:23','爸妈网第69号团购','PARTIALLY_PREPARED',71,'',NULL,'张连媛北京海淀区中关村丹棱街微软大厦2号楼电话:13651318168   ','蔡晓伟'),(156,'CONFIRMED','无误  ','69#goodluckapple682楼','65',8,6.66,'EXPRESS',54.00,540.00,540.00,NULL,'2011-10-16 23:51:23','爸妈网第69号团购','PARTIALLY_DELIVERED',72,'',NULL,'贾颖　辽宁省沈阳市和平区十一纬路68号702室，110003　13940317022   ','贾颖'),(157,'CONFIRMED','无误  ','69#笑天使008 193楼','66',7,5.74,'EXPRESS',35.00,498.00,498.00,NULL,'2011-10-16 23:51:23','爸妈网第69号团购','PARTIALLY_DELIVERED',73,NULL,NULL,'李晓丹 湖北省宜昌市西陵区东山大道95号清江大厦2203#湖北清江工程管理咨询有限公司 电话13872676010 邮编：443000   ','李晓丹'),(158,'CONFIRMED','无误  ','69#+最爱小臭宝+217楼','67',7,7.90,'EXPRESS',61.00,1036.00,1036.00,NULL,'2011-10-16 23:51:23','爸妈网第69号团购','DELIVERED',74,NULL,NULL,'地址：辽宁省沈阳市和平区常德街69号 王馨 电话：15840090507 邮编110001   ','王馨'),(159,'CONFIRMED','无误  ','69#甜甜妈妈668楼','68',8,2.80,'EXPRESS',18.00,228.00,228.00,NULL,'2011-10-16 23:51:23','爸妈网第69号团购','DELIVERED',75,NULL,NULL,'戴新义 山东省烟台市莱山区银海路566号南山世纪华府15号楼2单元601室 13645454235 264003   ','王麒麟'),(160,'CONFIRMED','无误  ','69#janeandapple 725楼','69',6,5.36,'POST',25.00,488.00,488.00,NULL,'2011-10-16 23:51:23','爸妈网第69号团购','PARTIALLY_PREPARED',76,NULL,NULL,'魏兴 ，武汉，湖北省武汉市硚口区海军工程大学 训练部 教务处 ，13476184033，430033   ','简冰毳'),(161,'CONFIRMED','无误 ','69# wch_xx 694楼','70',8,4.74,'EXPRESS',28.00,542.00,542.00,NULL,'2011-10-16 23:51:23','爸妈网第69号团购','DELIVERED',77,'',NULL,'北京市海淀区蓟门桥 国家专利局东门 王趁红 100088 13552580118   ','王趁红'),(162,'CONFIRMED','无误  ','69#tea_zzzz427楼','71',7,5.60,'EXPRESS',33.00,763.00,763.00,NULL,'2011-10-16 23:51:23','爸妈网第69号团购','DELIVERED',78,NULL,NULL,'收货人：李静北京市海淀区安宁庄西路15号怡美家园8号楼5单元502 13701249103 100085 请在快递单上备注“平日下午2点前或5点后送货，周末不送货”，谢谢   ','李静'),(163,'CONFIRMED','无误 ','69#mmlovess281楼','72',8,5.16,'EXPRESS',33.00,551.00,551.00,NULL,'2011-10-16 23:51:23','爸妈网第69号团购','PARTIALLY_DELIVERED',79,'',NULL,'广东省深圳市深圳市南山区后海路海印长城3栋13H 室手机： 13509668940 邮编： 518054   ','郑雪辉'),(164,'CONFIRMED','无误  ','69# huizheng 599楼','73',8,3.82,'EXPRESS',25.00,257.00,257.00,NULL,'2011-10-16 23:51:23','爸妈网第69号团购','DELIVERED',80,'',NULL,'郑辉+ 福建福州+ 仓山三盛巴厘岛1#1005 +13805095991+350000   ','郑辉'),(165,'CONFIRMED','无误  ','69#懒洋洋 311楼','74',7,5.34,'POST',22.00,412.00,412.00,NULL,'2011-10-16 23:51:23','爸妈网第69号团购','DELIVERED',81,NULL,NULL,'收货：胡珍华，山东省东营市东城曹州路10号东营烟草公司，18654610977,257091','肖静辉'),(166,'CONFIRMED','无误  ','69#laisla728楼','75',7,6.94,'EXPRESS',38.00,685.00,685.00,NULL,'2011-10-16 23:51:23','爸妈网第69号团购','DELIVERED',82,NULL,NULL,'王妍，北京市，朝阳区北苑家园绣菊园南区20号楼1003，13521174076，100012   ','王妍'),(167,'CONFIRMED','无误  ','69#YUNNI+721(805)','76',7,5.92,'EXPRESS',10.00,209.00,209.00,NULL,'2011-10-16 23:51:23','爸妈网第69号团购','PARTIALLY_DELIVERED',83,NULL,NULL,'蔡菁菁+上海+虹口区中山北一路184号1602室+13701672535+邮编200083   ','蔡菁菁'),(168,'CONFIRMED','无误 ','69#长空飞雪+288楼','77',8,3.30,'EXPRESS',8.00,206.00,206.00,NULL,'2011-10-16 23:51:23','爸妈网第69号团购','DELIVERED',84,'13601405618',NULL,'江苏省南京市龙江月光广场4-2908 手机13601405618','张雯蓉'),(169,'CONFIRMED','无误  ','69#美妞妈670楼','78',6,17.16,'POST',36.00,1393.00,1393.00,NULL,'2011-10-16 23:51:23','爸妈网第69号团购','PARTIALLY_PREPARED',85,NULL,NULL,'卢倩，山东日照菏泽路267#海德名庭1#1单元502,15006337373,276800   ','谭新伟'),(170,'CONFIRMED','无误  ','69#liuguangying800楼','79',7,5.40,'EXPRESS',33.00,541.00,541.00,NULL,'2011-10-16 23:51:23','爸妈网第69号团购','DELIVERED',86,NULL,NULL,'北京市东城区安外大街6号楼1408室邮编：100011 收件人：刘广英电话：13811747251   ','范修柏'),(171,'CONFIRMED','无误  ','69#+lelenc+669楼（832）','80',7,8.90,'EXPRESS',48.00,632.00,632.00,NULL,'2011-10-16 23:51:23','爸妈网第69号团购','PARTIALLY_DELIVERED',87,NULL,NULL,'施琴红+广东省深圳市南山区+向南西海花园玉兰阁2-8C+13662220776+邮编518057   ','施琴红'),(202,'CONFIRMED','无误 ','69#+dxylucky+276','81',6,14.94,'POST',36.00,1813.00,1810.00,NULL,'2011-10-16 23:51:35','爸妈网第69号团购','PREPARED',88,NULL,NULL,'收货人姓名杜馨昱、城市+地址：北京市海淀区建材城西二里小区（知本时代小区）15号楼2单元1201室电话：186-1128-1670 邮编：10096   ','杜馨昱'),(203,'CONFIRMED','见邮件 ','69#ikea9921第759楼','82',7,6.50,'EXPRESS',11.00,505.00,505.00,NULL,'2011-10-16 23:51:35','爸妈网第69号团购','DELIVERED',89,NULL,NULL,'郭慧，上海，徐汇区虹梅路1801号凯科大厦5F，13917231333，邮编200233   ','郭慧'),(204,'CONFIRMED','无误 ','69#+祯祯妈+122楼','83',7,4.66,'POST',15.00,151.00,151.00,NULL,'2011-10-16 23:51:35','爸妈网第69号团购','PARTIALLY_DELIVERED',90,NULL,NULL,'郝晓琴；城市：四川成都；地址：青羊区小南街69号长城园3-1-14；电话：18908236515；邮编610000   ','郝晓琴'),(205,'CONFIRMED','无误  ','69# COLUU 825楼','84',7,3.30,'POST',15.00,213.00,213.00,NULL,'2011-10-16 23:51:35','爸妈网第69号团购','DELIVERED',91,NULL,NULL,'地址：重庆市沙坪坝区小龙坎正街369号 诺丁阳光7-10-3 姓名：闵芸倩 电话：13983018010  ','闵芸倩'),(206,'CONFIRMED','无误  ','69#jennyx_2008 784楼','85',8,19.26,'EXPRESS',24.00,2755.00,2755.00,NULL,'2011-10-16 23:51:35','爸妈网第69号团购','PARTIALLY_DELIVERED',92,'',NULL,'谢玉华 上海市浦东新区龙阳路2277号永达大厦6楼 13795470429 201204   ','谢玉华'),(207,'CONFIRMED','补款 ','69#+Eddie+楼层357','86',6,4.50,'POST',25.00,450.00,442.00,NULL,'2011-10-16 23:51:35','爸妈网第69号团购','PREPARED',93,NULL,NULL,'陕西省西安市未央区凤城四路明珠花园四号楼二单元0701# ； 收件人：魏颖；手机：13629248797；邮编：710021   ','魏俊梅'),(208,'CONFIRMED','见邮件 ','69#olivia_ch738 楼','87',7,5.76,'EXPRESS',10.00,491.00,491.00,NULL,'2011-10-16 23:51:35','爸妈网第69号团购','DELIVERED',94,NULL,NULL,'张琦　（南京）江苏省南京市北京东路４号江苏广电城24楼网络公司　210008 13851537746   ','张琦'),(209,'CONFIRMED','无误 ','转账','88',1,9.70,'EXPRESS',75.00,151.00,105.00,NULL,'2011-10-16 23:51:35','爸妈网第69号团购','NOT_PREPARED',NULL,NULL,NULL,'辽宁省 沈阳市 沈河区文艺路 1 \n9-1-12 地王国际大厦12楼 英格瓷阿斯创公司 李威威 收 电话 024 83963392 \n手机：18640058729 ','李威威'),(210,'CONFIRMED','无误  ','69#+睿妈空间+806楼','89',7,7.10,'POST',36.00,921.00,921.00,NULL,'2011-10-16 23:51:35','爸妈网第69号团购','PREPARED',95,'',NULL,'重庆市黔江区黔龙街269号403办公室，佘丹收，13983560098,409000','佘丹'),(211,'CONFIRMED','无误 ','69#+deepautumn+843楼','90',7,3.30,'EXPRESS',8.00,206.00,206.00,NULL,'2011-10-16 23:51:35','爸妈网第69号团购','DELIVERED',96,NULL,NULL,'魏红芹+上海市+延安西路1740弄32号乙101室+200051+手机：13917431130   ','魏红芹'),(212,'CONFIRMED','无误 ','69#+yixuan200609+530楼','91',6,4.50,'POST',25.00,450.00,450.00,NULL,'2011-10-16 23:51:35','爸妈网第69号团购','PREPARED',97,NULL,NULL,'赵莉+武汉+武汉理工大学工大路15亩地6栋2单元2楼+15308637599+430070   ','赵莉'),(213,'CONFIRMED','无误  ','69#MJYYX837楼','92',8,5.00,'EXPRESS',9.00,487.00,487.00,NULL,'2011-10-16 23:51:35','爸妈网第69号团购','DELIVERED',98,'',NULL,'杨毅昕 上海市浦东南路528号南塔14楼 上海联创建筑设计有限公司 13701855954 200120   ','杨毅昕'),(214,'CONFIRMED','无误  ','69#魏玛妈791楼','93',7,13.56,'POST',22.00,362.00,362.00,NULL,'2011-10-16 23:51:36','爸妈网第69号团购','PARTIALLY_DELIVERED',99,NULL,NULL,'夏明静；安徽合肥；安徽合肥包河区文明办（包河大道118号/包河区政府北楼717房间）13965070550；邮编：230051   ','夏明静'),(215,'CONFIRMED','无误  ','69#我的小可爱884楼','94',6,3.85,'EXPRESS',23.00,403.00,403.00,NULL,'2011-10-16 23:51:36','爸妈网第69号团购','PREPARED',100,NULL,NULL,'山东济南市山大路183号 孙军 250014 13791059161 105号团品一套   ','孙军'),(216,'CONFIRMED','无误  ','69#笑在我心282楼','95',6,16.38,'POST',36.00,1631.00,1631.00,NULL,'2011-10-16 23:51:36','爸妈网第69号团购','PREPARED',101,NULL,NULL,'姓名：肖汉珍 城市：武汉市地址：湖北省武汉市洪山区珞喻路726号鲁巷广场购物中心总服务台电话：13554189510 邮编：430074   ','肖汉珍'),(217,'CONFIRMED','无误  ','69#肥皂泡泡272楼','96',7,3.30,'EXPRESS',8.00,206.00,206.00,NULL,'2011-10-16 23:51:36','爸妈网第69号团购','DELIVERED',102,NULL,NULL,'张瑜芳 上海 肇嘉浜路1065(甲)号飞雕国际大厦1405室 13601807580， 200030 （周一到周五）   ','张瑜芳'),(218,'CONFIRMED','无误  ','69#肥葉子Queen 395#','97',8,10.58,'EXPRESS',15.00,1820.00,1839.00,NULL,'2011-10-16 23:51:36','爸妈网第69号团购','DELIVERED',103,'',NULL,'姓名：叶子城市：浙江温州地址：鹿城区牛山北路银竹花苑5幢304室电话：15857716111 邮编：325000   ','叶子'),(219,'CONFIRMED','见邮件 ','69#lx_ynb413楼','98',7,19.08,'EXPRESS',24.00,459.00,459.00,NULL,'2011-10-16 23:51:36','爸妈网第69号团购','DELIVERED',104,NULL,NULL,'李雪，上海市虹口区欧阳路378弄16号502室，TEL：13918756909，邮编：200081   ','李雪'),(220,'CONFIRMED','无误  ','69#+yuanfang+908#','99',8,5.20,'EXPRESS',10.00,181.00,199.00,NULL,'2011-10-16 23:51:36','爸妈网第69号团购','PARTIALLY_DELIVERED',105,'',NULL,'孙荣 上海 徐汇区 钦州北路1122号89号楼9楼 200233 电话：13564791669   ','孙荣'),(221,'CONFIRMED','无误  ','69#+yayaliang+902#','100',7,3.30,'EXPRESS',8.00,206.00,208.00,NULL,'2011-10-16 23:51:36','爸妈网第69号团购','DELIVERED',106,NULL,NULL,'留言：收货人姓名：梁琴城市：江苏昆山地址：黑龙江北路55号电话：13862601222邮编：215300','梁琴'),(252,'CONFIRMED','退款 ','69#xjalypiao896楼','101',8,9.80,'POST',18.00,317.00,317.00,NULL,'2011-10-16 23:51:45','爸妈网第69号团购','PARTIALLY_DELIVERED',107,'',NULL,'许静，北京，北京市海淀区复兴路22号75号楼人民军医出版社，13581902806，100036\r\n\r\n顺丰到付','许静'),(253,'CONFIRMED','无误 ','69#+金宝宝1212+312楼','102',7,5.72,'POST',25.00,510.00,510.00,NULL,'2011-10-16 23:51:46','爸妈网第69号团购','PREPARED',108,'',NULL,'王宛玉+河南南阳+供电公司+13419910282+473000   ','尹进'),(254,'CONFIRMED','无误  ','69#maiomaont159层','103',7,5.90,'EXPRESS',10.00,658.00,658.00,NULL,'2011-10-16 23:51:46','爸妈网第69号团购','DELIVERED',109,NULL,NULL,'马颖江苏省南通市太阳鑫城3#楼611室（邮编：226000）；手机：13485113091   ','马颖'),(255,'CONFIRMED','见邮件 ','69#+幸福的小熊熊+921层','104',7,5.60,'EXPRESS',0.00,633.00,643.00,NULL,'2011-10-16 23:51:46','爸妈网第69号团购','DELIVERED',110,NULL,NULL,'姓名+城市+地址+电话+邮编','陈畅'),(256,'CONFIRMED','见邮件 ','69#食疗551','105',7,10.14,'EXPRESS',15.00,321.00,321.00,NULL,'2011-10-16 23:51:46','爸妈网第69号团购','PARTIALLY_DELIVERED',111,NULL,NULL,'冯斌，上海，上海市淞虹路855弄11号601室，13916458686，200335 收货人','冯斌'),(257,'CONFIRMED','无误  ','69#美智690楼','106',8,10.92,'EXPRESS',82.00,2238.00,2238.00,NULL,'2011-10-16 23:51:46','爸妈网第69号团购','PREPARED',112,'',NULL,'辽宁','王玲'),(258,'CONFIRMED','无误 ','69#+baoer+796楼','107',8,7.42,'EXPRESS',59.00,1071.00,1071.00,NULL,'2011-10-16 23:51:46','爸妈网第69号团购','DELIVERED',113,'',NULL,'霍怡捷+陕西省西安市龙渠堡106号+13152105825+710048   ','霍怡捷'),(259,'CONFIRMED','无误  ','69#cloversan810楼','108',7,2.94,'EXPRESS',18.00,231.00,231.00,NULL,'2011-10-16 23:51:46','爸妈网第69号团购','DELIVERED',114,NULL,NULL,'赵青云 广东省江门市蓬江区东华一路金华商业中心828 13702279933 529000   ','赵青云'),(260,'CONFIRMED','缺快递费 ','69#+dongrong327+941','109',14,36.54,'POST',36.00,6991.00,6955.00,NULL,'2011-10-16 23:51:46','爸妈网第69号团购','PREPARED',627,'',NULL,'四川省成都市高升桥路9号罗浮世家 2-4-203 董蓉 13084418480 （走平邮）   ','董蓉'),(261,'CONFIRMED','无误  ','69#+fjj82+960楼','110',7,4.50,'EXPRESS',9.00,434.00,434.00,NULL,'2011-10-16 23:51:46','爸妈网第69号团购','DELIVERED',117,NULL,NULL,'冯敬晶，江苏省南通市，外环北路88号南通市动物卫生监督所，13861984468，,226011   ','冯敬晶'),(262,'CONFIRMED','无误 ','69# hhxx 932楼','111',7,9.86,'EXPRESS',14.00,286.00,286.00,NULL,'2011-10-16 23:51:46','爸妈网第69号团购','PARTIALLY_DELIVERED',118,NULL,NULL,'姓名:周蔚城市地址：上海市闵行区山花路108弄31号902室电话：13916218317 邮编：201100   ','周蔚'),(263,'CONFIRMED','见邮件 ','69#+cyndafu+937#','112',8,8.98,'EXPRESS',13.00,636.00,636.00,NULL,'2011-10-16 23:51:46','爸妈网第69号团购','PARTIALLY_DELIVERED',119,'',NULL,'江苏省苏州工业园区胜浦镇金胜路1号资讯处 215126 13913542117   ','李云'),(264,'CONFIRMED','无误 ','69#千顷秋950#','113',9,21.22,'EXPRESS',26.00,283.00,304.00,NULL,'2011-10-16 23:51:46','爸妈网第69号团购','PARTIALLY_DELIVERED',120,'',NULL,'丁婉芬 城市：浙江省绍兴市 地址：中兴北路339号华汇昌安大厦9楼计算中心 电话：13858457943 邮编：312000   ','丁婉芬'),(265,'CONFIRMED','无误 ','69#+论坛ID meimeiadou+楼层597','114',8,14.14,'POST',25.00,519.00,519.00,NULL,'2011-10-16 23:51:46','爸妈网第69号团购','PARTIALLY_DELIVERED',121,'',NULL,'姓名 高鲁阳+地址：河北省涿州市甲秀路东方地球物理公司研究院设备物资部+电话13933230501+邮编072751   ','丁闫'),(266,'CONFIRMED','无误  ','69#fate811,933楼','115',7,4.50,'EXPRESS',9.00,434.00,434.00,NULL,'2011-10-16 23:51:46','爸妈网第69号团购','DELIVERED',122,NULL,NULL,'张筠 宁波 浙江省宁波市海曙区中山东路137#红帮大厦6楼 新世界百货财务部 13884496107 315000   ','张筠'),(267,'CONFIRMED','无误  ','69#+论坛ID栗子冰冰+楼层948#','116',6,8.70,'POST',36.00,985.00,985.00,NULL,'2011-10-16 23:51:46','爸妈网第69号团购','PARTIALLY_PREPARED',123,NULL,NULL,'姓名：简洁城市：广西南宁地址：广西南宁市新竹路43号电话13006916967 邮编：530022','简洁'),(268,'CONFIRMED','无误  ','69#librapig321楼','117',7,9.10,'EXPRESS',53.00,1126.00,1126.00,NULL,'2011-10-16 23:51:46','爸妈网第69号团购','DELIVERED',124,NULL,NULL,'江涛，北京，海淀区红山口甲3号，13581955988,100091   ','潘征'),(269,'CONFIRMED','见邮件 ','#69爱小宝820楼','118',7,2.70,'EXPRESS',7.00,167.00,167.00,NULL,'2011-10-16 23:51:46','爸妈网第69号团购','DELIVERED',125,NULL,NULL,'王珏+上海市+普陀区谈家渡路28号南区5楼B座+13701623881+200063 请工作日送到   ','王珏'),(270,'CONFIRMED','退款 ','69#+蕙质兰心+879','119',7,6.94,'EXPRESS',38.00,685.00,682.00,NULL,'2011-10-16 23:51:46','爸妈网第69号团购','PREPARED',126,'',NULL,'许惠兰 广东汕头潮南区峡山广祥路694 号 15815219904 515144 平邮   ','许惠兰'),(271,'CONFIRMED','无误  ','69#znlai842楼','120',7,3.30,'POST',15.00,213.00,213.00,NULL,'2011-10-16 23:51:46','爸妈网第69号团购','DELIVERED',127,NULL,NULL,'俞黎雯 ， ，福建省 厦门市 思明区 仙岳路558号联发花园一层爱婴室 ，13959297101 ，361000   ','王宗来'),(302,'CONFIRMED','无误  ','69# kedge 995楼','121',9,3.30,'EXPRESS',23.00,221.00,221.00,NULL,'2011-10-16 23:51:57','爸妈网第69号团购','DELIVERED',128,'',NULL,'广东省 深圳 福田区 皇岗北路 5011号 九星印刷 财务部 13670091503 518035   ','刘晓小'),(303,'CONFIRMED','见邮件 ','69#+hbmiaomiao11+476楼','122',7,5.86,'EXPRESS',35.00,581.00,581.00,NULL,'2011-10-16 23:51:58','爸妈网第69号团购','PARTIALLY_DELIVERED',129,NULL,NULL,'姓名：赵艳平 +城市：湖北襄樊 +地址：湖北省襄樊市樊城区财政局（高庄街3号） +电话：13871605656 邮编：441002   ','赵艳平'),(304,'CONFIRMED','退款 ','69#  redmouseliang05  742楼','123',7,6.26,'EXPRESS',38.00,724.00,721.00,NULL,'2011-10-16 23:51:58','爸妈网第69号团购','PREPARED',130,'13410498083',NULL,'梁红青 广东省深圳市福田区红荔西路上步工业区10栋 邮编518028 电话13410498083 （差3元钱）','宋小敏'),(305,'CONFIRMED','见邮件 ','69#  陆阳阳20070213   988楼','124',10,5.20,'EXPRESS',10.00,196.00,196.00,NULL,'2011-10-16 23:51:58','爸妈网第69号团购','PARTIALLY_DELIVERED',131,'',NULL,'收货人：陆少娟城市：江苏徐州地址：徐州市肿瘤医院儿科电话：15852481295 邮编：221005   ','陆少娟'),(306,'CONFIRMED','无误 ','69#婷婷妈妈532楼','125',7,13.16,'POST',25.00,457.00,457.00,NULL,'2011-10-16 23:51:58','爸妈网第69号团购','PARTIALLY_DELIVERED',132,NULL,NULL,'刘静+河北省涿州市+物探局2号院19号楼116房间+13513432273+072750   ','宋群会'),(307,'CONFIRMED','无误 ','69# lqhu 768楼','126',7,4.28,'POST',15.00,163.00,163.00,NULL,'2011-10-16 23:51:58','爸妈网第69号团购','PARTIALLY_DELIVERED',133,NULL,NULL,'深圳市福田区园岭园东花园1栋28F 刘秋鹄 电话13509688320 邮编518000   ','刘秋鹄'),(308,'CANCELLED','无误 ','69#勤劳的小懒洋197楼','127',5,1.30,'EXPRESS',8.00,0.00,0.00,NULL,'2011-10-16 23:51:58','爸妈网第69号团购','NOT_PREPARED',NULL,'',NULL,'上海市 普陀区真华路388弄14号1102 张健 收 联系电话：13917869333   （合并到另一个订单里）','张健'),(309,'CONFIRMED','无误 ','69#勤劳的小懒洋197楼','127',14,13.18,'EXPRESS',18.00,549.00,498.00,NULL,'2011-10-16 23:51:58','爸妈网第69号团购','PARTIALLY_DELIVERED',674,'',NULL,'上海市 普陀区真华路388弄14号1102 张健 收 联系电话：13917869333   ','张健'),(310,'CONFIRMED','无误 ','69#diana_d585楼','128',7,5.38,'POST',15.00,153.00,153.00,NULL,'2011-10-16 23:51:58','爸妈网第69号团购','PARTIALLY_DELIVERED',134,NULL,NULL,'邓燕 成都市青羊大道8号成都花园望郡B区68-1-18 18980806184 610072   ','邓燕'),(311,'CONFIRMED','无误 ','69#榕树海411楼','129',7,3.46,'POST',10.00,93.00,93.00,NULL,'2011-10-16 23:51:58','爸妈网第69号团购','PARTIALLY_DELIVERED',135,NULL,NULL,'陈碧茹漳州市福建省漳州市龙海市石码镇紫光路吉祥楼401室15960699193+363100   ','王志超'),(312,'CONFIRMED','见邮件 ','69#+693111992+490楼','130',8,8.56,'EXPRESS',48.00,1002.00,1002.00,NULL,'2011-10-16 23:51:58','爸妈网第69号团购','PARTIALLY_DELIVERED',136,'',NULL,'广东省广州经济技术开发区东区骏功路20号+13725209216+510530 请注明:一定要本人签收快递   ','廖日秀'),(313,'CONFIRMED','无误  ','69#+lazycat1976+999#','131',6,3.00,'POST',18.00,298.00,298.00,NULL,'2011-10-16 23:51:58','爸妈网第69号团购','PREPARED',137,NULL,NULL,'王悦琴，北京，北京市昌平区回龙观田园风光雅苑6号楼5单元-201，电话15901369787 邮编102208   ','别负远'),(314,'CONFIRMED','无误  ','69#B0909卓卓妈1030#','132',6,7.42,'POST',30.00,622.00,622.00,NULL,'2011-10-16 23:51:58','爸妈网第69号团购','PARTIALLY_PREPARED',138,NULL,NULL,'郭卫新广东省深圳市福田区下沙一坊81号203房邮编:518000 电话:13510907975   ','郭卫新'),(315,'CONFIRMED','无误  ','69# +littlebat+925楼','133',11,6.06,'POST',25.00,525.00,525.00,NULL,'2011-10-16 23:51:58','爸妈网第69号团购','PARTIALLY_PREPARED',139,'',NULL,'辽宁省 大连市 金州区金石滩国家旅游度假区中心大街9号枫叶教育园区集团人力资源部  13842669869,116000   ','邓婉婷'),(316,'CONFIRMED','见邮件 ','69#yingshanhongkai 1032楼','134',8,20.92,'EXPRESS',25.00,881.00,881.00,NULL,'2011-10-16 23:51:58','爸妈网第69号团购','PARTIALLY_DELIVERED',140,'',NULL,'浙江省杭州市西湖区学院路58号华星创业大厦203 13666685292 310000   ','傅小龙'),(317,'CONFIRMED','见邮件 ','69#+微凡+1033','135',7,6.92,'EXPRESS',0.00,559.00,597.00,NULL,'2011-10-16 23:51:58','爸妈网第69号团购','PARTIALLY_DELIVERED',141,NULL,NULL,'无地址信息','郑琦'),(318,'CONFIRMED','无误 ','69# shopping66200 97楼','136',8,6.70,'EXPRESS',11.00,759.00,759.00,NULL,'2011-10-16 23:51:58','爸妈网第69号团购','DELIVERED',142,NULL,NULL,'上海浦东荷泽路418弄25-402室 13918028632 200129   ','陈可'),(319,'CONFIRMED',' ','69＃小野妈妈819楼','137',11,15.64,'EXPRESS',20.00,1876.00,1876.00,NULL,'2011-10-16 23:51:58','爸妈网第69号团购','NOT_PREPARED',374,'13857461599 ',NULL,'浙江省宁波市北仑区长江路都会经典3幢801室 315800','蒲晓勤'),(320,'CONFIRMED',' ','69#+yashia+689楼','138',11,50.16,'EXPRESS',55.00,4812.00,4812.00,NULL,'2011-10-16 23:51:58','爸妈网第69号团购','PARTIALLY_DELIVERED',676,'',NULL,'一共两笔付款4812元，这是第二笔朱健芳上海市浦东南路256号1102室邮编200120 联系电话13917522293   ','刘浩'),(321,'CONFIRMED','无误  ','69#+ekixia+110','139',6,12.40,'POST',36.00,1156.00,1156.00,NULL,'2011-10-16 23:51:58','爸妈网第69号团购','PARTIALLY_PREPARED',145,NULL,NULL,'收货地址：湖南省长沙市韶山北路159号通程大酒店1512室邮编：410011 收货人：易 \n昕手机：13507318005 ','易昕'),(322,'CONFIRMED','无误  ','69#大波斯菊991楼','140',7,16.84,'POST',35.00,666.00,666.00,NULL,'2011-10-16 23:51:58','爸妈网第69号团购','PARTIALLY_PREPARED',146,'',NULL,'辽宁省 营口市 站前区 万有街98号楼2单元5楼13号 115000 13204171685   ','高勇'),(352,'CONFIRMED','无误 ','69#翔翔妈妈1088楼','142',7,10.30,'POST',36.00,1336.00,1336.00,NULL,'2011-10-16 23:52:13','爸妈网第69号团购','PREPARED',148,'',NULL,'山东省济南市天桥区东工商河路68号6楼 李艳敏 收电话：15615313319 18678899697 邮编：250031   ','李艳敏'),(353,'CONFIRMED','无误  ','69#jasmine1376+500','143',7,3.30,'POST',15.00,213.00,213.00,NULL,'2011-10-16 23:52:14','爸妈网第69号团购','DELIVERED',149,NULL,NULL,'杨波，北京，石景山区鲁谷大街重兴园9号楼2单元402室，13241262235，100040   ','杨波'),(354,'CONFIRMED','无误  ','69#phh2700  593楼','144',8,11.18,'EXPRESS',16.00,670.00,689.00,NULL,'2011-10-16 23:52:14','爸妈网第69号团购','PARTIALLY_DELIVERED',150,'',NULL,'浙江省杭州市下城区现代名苑6幢1单元402 电话号码：13957329317 邮编：310004   （多付了邮费）','徐君'),(355,'CONFIRMED','见邮件 ','69#caone999第1096楼（1095）','145',8,5.30,'EXPRESS',10.00,406.00,406.00,NULL,'2011-10-16 23:52:14','爸妈网第69号团购','DELIVERED',151,'',NULL,'汤慧敏+上海+浦东新区南码头路1136弄35号乙5号窗口+13701802425+200125   ','汤慧敏'),(356,'CONFIRMED','无误 ','69#weierp1099楼','147',7,16.40,'EXPRESS',21.00,283.00,283.00,NULL,'2011-10-16 23:52:14','爸妈网第69号团购','PARTIALLY_DELIVERED',153,NULL,NULL,'地址：江苏省张家港市杨舍镇亨通花园53幢507室（新市河路）收货人：庞蔚邮编：215600 联系电话：13701567783','庞蔚'),(357,'CONFIRMED','见邮件 ','69#lan352125 1021楼','148',9,4.50,'EXPRESS',9.00,434.00,434.00,NULL,'2011-10-16 23:52:14','爸妈网第69号团购','NOT_PREPARED',375,NULL,NULL,'洪晓玲 江苏省丹阳市司徒镇丹伏路88号海昌隐形眼镜有限公司 电话：15952943059 邮编：212331   ','王富和'),(358,'CONFIRMED','无误  ','69#tiantianran1094楼','149',7,3.30,'EXPRESS',8.00,206.00,206.00,NULL,'2011-10-16 23:52:14','爸妈网第69号团购','DELIVERED',155,NULL,NULL,'江苏省徐州市中山北路231号北大众 庞芳 13776583095 221000   ','庞芳'),(359,'CONFIRMED','无误 ','#69团 1056楼 凤舞九天','150',7,2.92,'POST',10.00,109.00,109.00,NULL,'2011-10-16 23:52:14','爸妈网第69号团购','PARTIALLY_DELIVERED',156,NULL,NULL,'我的地址是山东济宁市新世界广场北舜泰园小区#7楼6楼A东朱含含 15605476896','朱含含'),(360,'CONFIRMED','无误  ','69#eilleen7698 710楼层（709）','152',6,6.66,'POST',35.00,664.00,664.00,NULL,'2011-10-16 23:52:14','爸妈网第69号团购','PREPARED',158,NULL,NULL,'范爱霞 河南省濮阳市中原油田采油一厂地质研究所 13213929538 457071','范爱霞'),(361,'CONFIRMED','无误 ','69#淘淘Riby953楼（952）','153',6,5.16,'POST',25.00,523.00,523.00,NULL,'2011-10-16 23:52:14','爸妈网第69号团购','PREPARED',159,NULL,NULL,'收货人：姜宁地址：哈尔滨市南岗区闽江小区一期18栋5单元603室邮编：15001 电话：13054275060   ','姜宁'),(362,'CONFIRMED','见邮件 ','69#chergu426楼','154',7,8.64,'EXPRESS',13.00,575.00,575.00,NULL,'2011-10-16 23:52:14','爸妈网第69号团购','PARTIALLY_DELIVERED',160,NULL,NULL,'浙江省西湖区华星路12号1单元202室','顾雪飞'),(363,'CONFIRMED','无误 ','69#第1072楼jsxzhl','155',7,6.28,'EXPRESS',11.00,201.00,201.00,NULL,'2011-10-16 23:52:14','爸妈网第69号团购','PARTIALLY_DELIVERED',161,NULL,NULL,'贺琳+江苏省徐州市+南三环森活绿郡小区4-2-202室+13813481087+221008   ','胡强'),(364,'CONFIRMED','无误  ','69# Beanmother 1217楼','156',7,8.82,'EXPRESS',48.00,403.00,393.00,NULL,'2011-10-16 23:52:14','爸妈网第69号团购','PARTIALLY_DELIVERED',474,'',NULL,'广东省广州市竹丝岗三马路8号701楼 13903011388   ','章舜慧'),(365,'CANCELLED','无误 ','69#+beanmother+1126','156',2,6.82,'POST',15.00,172.00,172.00,NULL,'2011-10-16 23:52:14','爸妈网第69号团购','NOT_PREPARED',NULL,NULL,NULL,'章舜慧 广州竹丝岗三马路8号701房 13903011388 510000   ','章舜慧'),(366,'CONFIRMED','无误  ','69#论坛ID15067625楼层404楼','157',7,11.58,'EXPRESS',16.00,1699.00,1699.00,NULL,'2011-10-16 23:52:14','爸妈网第69号团购','DELIVERED',162,NULL,NULL,'齐宏，杭州市滨江区泰安路199号浙江农资大厦1111室，电话13516829752，邮编310052   ','孙树森'),(367,'CONFIRMED','见邮件 ','69#snowksg401楼','158',7,6.72,'EXPRESS',40.00,580.00,580.00,NULL,'2011-10-16 23:52:14','爸妈网第69号团购','PARTIALLY_DELIVERED',163,NULL,NULL,'杨宁+丹江口市+湖北省丹江口市汉江集团信息中心+13986905678+442700   ','杨宁'),(368,'CONFIRMED','无误 ','69#+ljm33844+497楼','159',7,4.70,'EXPRESS',38.00,1018.00,1018.00,NULL,'2011-10-16 23:52:14','爸妈网第69号团购','DELIVERED',164,NULL,NULL,'收货人：李俊梅地址：广西南宁秀灵路37号广西工业职业技术学院东区10栋701号邮编：5 \n30001 联系电话：13978814911 ','李俊梅'),(369,'CONFIRMED','见邮件 ','69#穗倪宝贝1125楼','160',7,3.30,'EXPRESS',23.00,221.00,221.00,NULL,'2011-10-16 23:52:14','爸妈网第69号团购','DELIVERED',165,NULL,NULL,'胡扬辉广东省深圳市龙岗区布吉龙威花园1栋5单元503 18927499695 518000   ','胡扬辉'),(402,'CONFIRMED','无误  ','69#小语妈妈1141楼','161',8,9.00,'EXPRESS',13.00,635.00,646.00,NULL,'2011-10-17 01:56:21','爸妈网第69号团购','PARTIALLY_DELIVERED',166,'',NULL,'浙江省余姚市阳明东路264号，邮编：315400电话：13116775060或057422665568  （分两次付的 457+189) ','施华波'),(403,'CONFIRMED','见邮件 ','69＃小野妈妈819楼','162',14,5.54,'EXPRESS',33.00,516.00,516.00,NULL,'2011-10-17 01:56:21','爸妈网第69号团购','PARTIALLY_DELIVERED',424,NULL,NULL,'白小进 北京市朝阳区首都机场老候机楼国航客舱服务部N309 13699257144 100621   ','蒲晓勤'),(404,'CONFIRMED','见邮件 ','69#+bigsandy+717楼','163',8,9.04,'EXPRESS',14.00,388.00,388.00,NULL,'2011-10-17 01:56:21','爸妈网第69号团购','PARTIALLY_DELIVERED',168,NULL,NULL,'留言：上海市普陀区绥德路128号 杨雅琦 13040626149 021-660800 \n','杨雅琦'),(405,'CONFIRMED','无误  ','69#zlynancy1140楼','164',6,8.34,'POST',36.00,1029.00,1029.00,NULL,'2011-10-17 01:56:21','爸妈网第69号团购','PARTIALLY_PREPARED',169,NULL,NULL,'周漓云广西桂林七星花园世纪新城5号楼306 541004 13977318826  ','周漓云'),(406,'CONFIRMED','退款 ','转账（69#tybaby1025楼 ）','166',8,3.10,'POST',15.00,197.00,297.00,NULL,'2011-10-17 01:56:21','爸妈网第69号团购','DELIVERED',171,'',NULL,'山西省 太原市 万柏林区 漪汾街53号200信箱7号 030027 13643611390','张忠峰'),(407,'CONFIRMED','无误  ','69#+karenf_yin+619楼','167',8,17.58,'EXPRESS',22.00,1052.00,1052.00,NULL,'2011-10-17 01:56:21','爸妈网第69号团购','PARTIALLY_DELIVERED',172,'',NULL,'上海市 七莘路 2288弄26号401室+13817632923+201101   ','李伟平'),(408,'CONFIRMED','无误  ','69#桃桃1157楼','168',6,4.80,'POST',25.00,458.00,458.00,NULL,'2011-10-17 01:56:21','爸妈网第69号团购','PREPARED',173,NULL,NULL,'徐文琦 山东省淄博市张店区远景花园滋欣苑3号楼2单元302室 15666705326 255000   ','徐文琦'),(409,'CONFIRMED','补款 ','69# taotaogouzyh 1006楼','169',7,7.10,'EXPRESS',12.00,887.00,500.00,NULL,'2011-10-17 01:56:21','爸妈网第69号团购','PREPARED',174,'',NULL,'章迎华浙江宁波镇海庄市中兴中学 315201 13586833876  15好，已经补款 375，待核实  ','章迎华'),(410,'CONFIRMED','无误 ','69#jim442楼','170',7,4.30,'POST',25.00,488.00,488.00,NULL,'2011-10-17 01:56:21','爸妈网第69号团购','PARTIALLY_DELIVERED',175,NULL,NULL,'戴昕+辽宁省大连市中山区解放路604号小二楼左数第一家+13387877620+116013   ','戴亦晖'),(411,'CONFIRMED','无误 ','69#lssj804 楼层1151楼','173',8,4.98,'POST',15.00,142.00,138.00,NULL,'2011-10-17 01:56:22','爸妈网第69号团购','PARTIALLY_DELIVERED',178,'',NULL,'福建省 福州市五一北路162号厦门国际银行福州分行电话：13305929315 邮编：350005   ','吴荣荣'),(412,'CONFIRMED','无误  ','69#+xmy+811楼','174',7,7.88,'EXPRESS',43.00,783.00,783.00,NULL,'2011-10-17 01:56:22','爸妈网第69号团购','PARTIALLY_DELIVERED',179,NULL,NULL,'高越 山东淄博 张店区王舍二区16#楼2单元3楼西户 15553301906 255000   ','吕国红'),(413,'CONFIRMED','无误  ','69#hjxdesign973楼','175',7,3.30,'EXPRESS',8.00,206.00,206.00,NULL,'2011-10-17 01:56:22','爸妈网第69号团购','DELIVERED',180,NULL,NULL,'收货人：洪妮地址：上海市长宁区幸福路88号906室电话：13611757297 62830269 邮编 ：200052   ','黄均祥'),(414,'CONFIRMED','无误 ','69#+fayer9+325楼','176',7,4.74,'EXPRESS',9.00,129.00,129.00,NULL,'2011-10-17 01:56:22','爸妈网第69号团购','PARTIALLY_DELIVERED',181,NULL,NULL,'姓名：陆颜萍城市：江苏省苏州市地址：江苏省苏州市新区阳山工业园旁西金芝路2号俊峰电子第1幢意迪特电话：13656227353 邮编：215151   ','陆颜萍'),(415,'CONFIRMED','无误 ','69# agile 1190 楼','177',8,3.30,'EXPRESS',23.00,221.00,221.00,NULL,'2011-10-17 01:56:22','爸妈网第69号团购','DELIVERED',182,'',NULL,'广东省佛山市顺德区容桂容奇大道中丽雅豪苑C座307 谢敏收 手机：1392 \r\n8229980 ','谢敏'),(416,'CONFIRMED','见邮件 ','69#家有三宝232楼','178',8,15.12,'EXPRESS',20.00,1305.00,1315.00,NULL,'2011-10-17 01:56:22','爸妈网第69号团购','PARTIALLY_DELIVERED',183,'',NULL,'江苏省如皋市锦绣苑604幢307室 电话18962708355 邮编226500 请星期六星期日两天送货   ','田继武'),(417,'CONFIRMED','无误 ','69#+健康最重要2011+355楼','180',7,6.42,'EXPRESS',11.00,199.00,199.00,NULL,'2011-10-17 01:56:22','爸妈网第69号团购','PARTIALLY_DELIVERED',185,NULL,NULL,'陈雷+上海市+延安中路810号+13386279665+200041','李彦'),(452,'CONFIRMED',NULL,'69# 黄昏独倚阑 1111','171',7,4.50,'EXPRESS',30.00,455.00,455.00,NULL,'2011-10-17 02:13:27','爸妈网第69号团购','DELIVERED',176,'',NULL,'福建省厦门市集美区杏林街道杏东路33号楼401 张磊 13799267180 ，快递，','张磊'),(502,'CONFIRMED','无误 ','69#  +  xmy   + 1194楼','181',8,3.50,'EXPRESS',23.00,123.00,123.00,NULL,'2011-10-17 02:16:37','爸妈网第69号团购','PARTIALLY_DELIVERED',186,'',NULL,'高越 山东淄博 张店区王舍二区16#楼2单元3楼西户 15553301906 255000   ','吕国红'),(503,'CONFIRMED','无误  ','69#+CJF+681','182',8,6.66,'EXPRESS',38.00,859.00,859.00,NULL,'2011-10-17 02:16:38','爸妈网第69号团购','DELIVERED',187,'',NULL,'北京市 海淀区 温泉电话局 18611050841 100095   ','齐燕颖'),(504,'CONFIRMED','无误  ','69#movie3000#1178楼','184',6,4.50,'POST',25.00,450.00,450.00,NULL,'2011-10-17 02:16:38','爸妈网第69号团购','PREPARED',189,NULL,NULL,'王慧卿 山西太原迎泽区桃园正街2号万博电子 030002 13934639696   ','王慧卿'),(505,'CONFIRMED','无误  ','69#大海琴心844楼','185',6,4.50,'POST',25.00,450.00,450.00,NULL,'2011-10-17 02:16:38','爸妈网第69号团购','PREPARED',190,NULL,NULL,'姓名:梁玉泉 ; 城市: 湖南 衡阳市 ; 收货地址:湖南 衡阳市 常宁市松柏镇衡阳水口山金信铅业公司; 电话:13975489576 7582421. 邮编:421513   ','梁玉泉'),(506,'CONFIRMED','无误 ','69# raindavis 206楼','189',7,2.40,'POST',10.00,105.00,105.00,NULL,'2011-10-17 02:16:38','爸妈网第69号团购','PARTIALLY_DELIVERED',194,NULL,NULL,'收货人：吴林燕（惠州）地址：广东省惠州市惠城区三环南路16号河南岸威廉城邦家园1栋A座2201 电话：13719675260 邮编：516007   ','吴小姐'),(507,'CONFIRMED','无误 ','69#100501奕奕妈1183楼','190',8,5.28,'EXPRESS',10.00,468.00,458.00,NULL,'2011-10-17 02:16:38','爸妈网第69号团购','PARTIALLY_DELIVERED',195,'',NULL,'浙江省 丽水市莲都区寿尔福路28号丽水市疾病预防控制中心+15906421159+323000 （仅书款，快递费稍后补上）   ','陈秀英'),(508,'CONFIRMED','无误 ','69#叶丁丁905楼','191',7,4.62,'POST',15.00,165.00,170.00,NULL,'2011-10-17 02:16:38','爸妈网第69号团购','PARTIALLY_DELIVERED',196,NULL,NULL,'胡玲娟 武汉市东湖开发区关山一路1号光谷软件园A11栋5楼 安思达信息技术有限公司开发部二办公 \n室 13507182874 邮编：430074 ','叶猛'),(509,'CONFIRMED','见邮件 ','69#德香132楼','192',6,4.50,'EXPRESS',0.00,425.00,453.00,NULL,'2011-10-17 02:16:38','爸妈网第69号团购','PREPARED',197,NULL,NULL,'无信息','卢惠'),(510,'CONFIRMED','无误 ','69#xiaolumama892楼','194',7,14.02,'POST',18.00,265.00,265.00,NULL,'2011-10-17 02:16:38','爸妈网第69号团购','PARTIALLY_DELIVERED',198,NULL,NULL,'宋秀丽 青岛市崂山区株洲路192号（昌硕电子有限公司） 13675328710 邮编266101 69#团书，购书清单见892楼   ','宋秀丽'),(511,'CONFIRMED','无误 ','69#开心亦儿1224楼','195',7,3.30,'EXPRESS',8.00,206.00,206.00,NULL,'2011-10-17 02:16:38','爸妈网第69号团购','DELIVERED',199,NULL,NULL,'地址：江苏省太仓市郑和西路246号城管城西中队 王晓艳收 电话：13862374113 邮编215400   ','王志红'),(512,'CONFIRMED','无误  ','69# redluo 957楼','196',8,10.30,'EXPRESS',58.00,980.00,980.00,NULL,'2011-10-17 02:16:38','爸妈网第69号团购','PARTIALLY_DELIVERED',200,'',NULL,'广东省深圳市福田区梅林一村84幢29F 手机13554928788 邮编518049   ','罗红'),(513,'CONFIRMED','无误 ','69#olivia_chen1223#','197',7,3.30,'EXPRESS',8.00,206.00,206.00,NULL,'2011-10-17 02:16:38','爸妈网第69号团购','DELIVERED',201,NULL,NULL,'陈璐，上海市松江区文翔路3088弄116号402室，13917520449，201620   ','陈璐'),(514,'CONFIRMED','无误  ','69#+mj523mj+415楼','199',10,6.88,'POST',22.00,355.00,355.00,NULL,'2011-10-17 02:16:38','爸妈网第69号团购','PARTIALLY_PREPARED',203,'',NULL,'马杰 山东青岛四方区金华支路9号2号楼3单元402 电话：13706481237 邮编266044    ','马杰'),(515,'CONFIRMED','无误  ','教材团购 1232','200',7,7.96,'EXPRESS',12.00,931.00,931.00,NULL,'2011-10-17 02:16:38','爸妈网第69号团购','PARTIALLY_DELIVERED',204,NULL,NULL,'姓名:夏焱，城市：上海，地址：上海浦东东方路969号907房间，电话：138175556 \n73，邮编：200122 ','夏焱'),(516,'CONFIRMED','无误 ','69#小猪mama 830楼','201',8,14.30,'EXPRESS',80.00,1905.00,1905.00,NULL,'2011-10-17 02:16:38','爸妈网第69号团购','DELIVERED',205,'',NULL,'李杰辉 福建省福州市金山大道金山大景城1号楼905 邮编：350008 电话：13906928466    ','朱辉'),(517,'CONFIRMED','无误  ','69#宝贝一家亲429楼','202',7,8.92,'POST',36.00,1050.00,1050.00,NULL,'2011-10-17 02:16:38','爸妈网第69号团购','PARTIALLY_PREPARED',206,'',NULL,'附加单','程美系'),(518,'CONFIRMED','补款 ','69#泽泽妈1234楼','204',8,7.90,'POST',36.00,1011.00,1000.00,NULL,'2011-10-17 02:16:38','爸妈网第69号团购','PREPARED',207,'',NULL,'山东省淄博市周村区爱国新村25号 沈麟育 15053336037 255300 （欠11元）','沈麟育'),(519,'CONFIRMED','无误 ','69#包包1180','206',6,4.18,'EXPRESS',0.00,122.00,127.00,NULL,'2011-10-17 02:16:38','爸妈网第69号团购','PARTIALLY_PREPARED',209,NULL,NULL,'无信息','肖鹰'),(520,'CONFIRMED','无误 ','69#+luckyredstar+589楼（588）','207',10,5.90,'EXPRESS',33.00,681.00,660.00,NULL,'2011-10-17 02:16:38','爸妈网第69号团购','PARTIALLY_DELIVERED',324,'13318828801',NULL,'关洁映+广东省广州市北较场17号之一303','黄洁茹'),(521,'CONFIRMED','无误 ','69#光影天涯1213楼','208',7,4.08,'POST',10.00,102.00,102.00,NULL,'2011-10-17 02:16:38','爸妈网第69号团购','PARTIALLY_DELIVERED',211,NULL,NULL,'文茂旻四川省自贡市自井区自贡鸿鹤化工股份有限公司规划技术处13990001990 邮编643000   ','文茂旻'),(522,'CONFIRMED','无误  ','69#芯儿芯儿303楼','209',6,5.36,'POST',25.00,484.00,484.00,NULL,'2011-10-17 02:16:38','爸妈网第69号团购','PARTIALLY_PREPARED',212,NULL,NULL,'王蕊芯 山东淄博临淄齐兴花园5号楼6单元301 255400 电话：15964471778，15275915778   ','王蕊芯'),(523,'CONFIRMED','无误  ','69#二娃麻麻82楼(补款)','210',8,4.50,'EXPRESS',28.00,453.00,453.00,NULL,'2011-10-17 02:16:38','爸妈网第69号团购','DELIVERED',213,'',NULL,'北京市海淀区建西苑中里2号楼5单元503(石景山游乐园北100米) 13311162675 100043  ','杨继生'),(524,'CONFIRMED','无误  ','69#ella_a816楼','211',7,7.90,'EXPRESS',45.00,1020.00,1020.00,NULL,'2011-10-17 02:16:38','爸妈网第69号团购','DELIVERED',214,NULL,NULL,'河北省沧州市运河区浮阳南大道13号运河公安分局出入境管理科 赵颖 15832751616,15933285858,061001   ','赵颖'),(525,'CONFIRMED','无误  ','69#molly7791 1241楼','212',7,3.00,'POST',18.00,298.00,298.00,NULL,'2011-10-17 02:16:38','爸妈网第69号团购','PREPARED',215,'',NULL,'河南郑州互助路1号中讯邮电咨询设计院建筑处王璐收 18637120103   ','苏惠'),(526,'CONFIRMED','无误  ','69#1980波波1158楼','213',6,5.00,'POST',25.00,503.00,503.00,NULL,'2011-10-17 02:16:38','爸妈网第69号团购','PREPARED',216,NULL,NULL,'哈尔滨市南岗区保健路大众嘉园3号楼7单元501室，秦春波收电话：13936190111，邮编150080   ','秦春波'),(527,'CONFIRMED','无误  ','69#+stacy+1249#','215',7,4.50,'EXPRESS',9.00,434.00,434.00,NULL,'2011-10-17 02:16:38','爸妈网第69号团购','DELIVERED',218,NULL,NULL,' 田晓珍地址： 上海长宁路10 \n27号兆丰广场9楼 200050 电话：18917610962 ','田晓珍'),(528,'CONFIRMED','见邮件 ','69#kathyky1256楼','216',9,6.66,'EXPRESS',11.00,513.50,513.00,NULL,'2011-10-17 02:16:38','爸妈网第69号团购','PARTIALLY_DELIVERED',219,'',NULL,'浙江省嘉兴市秀洲区新洲路亚厦风和苑康宁居9幢602室+电话:13957382348+邮编:314000 ','匡颖'),(529,'CONFIRMED','无误 ','69#+洪太阳好书地+1260 ','217',7,9.10,'POST',36.00,1109.00,1079.00,NULL,'2011-10-17 02:16:38','爸妈网第69号团购','PREPARED',220,'',NULL,'453000 河南新乡市人民东路环卫处家属院6号楼3单元3层东户洪亮 13903802204    （内部人员，优惠30元？） ','马庆华 '),(552,'CONFIRMED',NULL,'孙琦','146',8,3.85,'POST',22.00,402.00,402.00,NULL,'2011-10-19 00:30:15','爸妈网第69号团购','DELIVERED',152,'河北省石家庄市新石北路368号金石工业园软件大厦C-502 13785191301 13930199464 050081   ',NULL,'河北省石家庄市新石北路368号金石工业园软件大厦C-502 13785191301 13930199464 050081 ','孙亚莉'),(652,'CONFIRMED',NULL,'郭奕芳','188',7,5.90,'EXPRESS',33.00,939.00,939.00,NULL,'2011-10-19 11:53:22','爸妈网第69号团购','PARTIALLY_DELIVERED',193,'13439446139',NULL,'北京市朝阳区亚运村安慧北里逸园8号楼 睿智创想（北京）科技有限公司','郭奕芳'),(702,'CONFIRMED',NULL,'69#wennuan970楼','141',7,5.98,'EXPRESS',10.00,616.50,616.50,NULL,'2011-10-20 21:39:38','爸妈网第69号团购','DELIVERED',147,'1392193799',NULL,'江苏省扬州市仪征区胥浦 东山二村 7栋504+13921937999+211900   ','孟艳'),(703,'CONFIRMED',NULL,'69#euphemia207楼','151',7,11.76,'EXPRESS',16.00,366.00,366.00,NULL,'2011-10-20 22:05:41','爸妈网第69号团购','PARTIALLY_DELIVERED',157,'13916631211',NULL,'上海市浦东新区成山路820号交运大厦1413室，季辛蕾，13916631211，邮编：200125 ','季辛蕾'),(704,'CONFIRMED',NULL,'69#向日葵1152','165',7,8.20,'EXPRESS',13.00,735.00,735.00,NULL,'2011-10-20 22:09:15','爸妈网第69号团购','PARTIALLY_DELIVERED',170,'13852048360',NULL,'江苏省徐州市民主南路100号恩华连锁销售公司财务 王莹 221009 13852048360 ','王莹'),(752,'CONFIRMED',NULL,'69#+iread+1089楼','172',7,5.38,'EXPRESS',10.00,473.00,473.00,NULL,'2011-10-20 22:17:05','爸妈网第69号团购','DELIVERED',177,'13451846433 ',NULL,'胡莲玉 江苏省南京市鼓楼区清凉门大街296号馨瑰园8-2-503 电话：13451846433 ','胡莲玉'),(753,'CONFIRMED',NULL,'#68#1214912157','179',7,5.78,'EXPRESS',33.00,512.00,512.00,NULL,'2011-10-20 22:20:06','爸妈网第69号团购','PARTIALLY_DELIVERED',184,'18810456364',NULL,'北京市东城区东直门内南小街16号，中国中医科学院信息所图书馆后楼2-1，电话：18810456364','孙海舒'),(754,'CONFIRMED',NULL,'69#+yashia+689楼','183',6,7.30,'EXPRESS',12.00,1442.00,1442.00,NULL,'2011-10-20 22:21:51','爸妈网第69号团购','PREPARED',188,'18017267526  ',NULL,'卢梅 上海市武川路75弄54号502室 邮编200434 联系电话18017267526  ','刘浩 卢梅'),(755,'CONFIRMED',NULL,'69#zredz1037楼','186',7,4.50,'EXPRESS',9.00,434.00,434.00,NULL,'2011-10-20 22:24:28','爸妈网第69号团购','DELIVERED',191,'18918963386',NULL,'郑文雅+上海市+龙茗路1458弄99号602室+18918963386+201101   ','郑文雅'),(756,'CONFIRMED',NULL,'69#tanglys1206楼','187',7,4.50,'EXPRESS',9.00,434.00,434.00,NULL,'2011-10-20 22:26:16','爸妈网第69号团购','DELIVERED',192,'13917447576',NULL,'上海市大连西路261号2306 苏博 电话：13917447576 邮编：200081 ','苏博'),(802,'CONFIRMED',NULL,'69#niuniuya1224楼','198',7,4.50,'EXPRESS',28.00,453.00,453.00,NULL,'2011-10-20 22:31:59','爸妈网第69号团购','DELIVERED',202,'13611197402 ',NULL,'北京市朝阳区幸福三村东兴里11号C座101 ； 邮编：100027 ； 电话：13611197402   ','陈虎'),(803,'CONFIRMED',NULL,'69#宝贝一家亲429楼','203',1,8.92,'POST',36.00,1050.00,1050.00,NULL,'2011-10-20 22:34:51','爸妈网第69号团购','NOT_PREPARED',NULL,'13600793987',NULL,'福建省泉州石狮市曾坑国税花苑D-101 13600793987 \r\n','程美系'),(804,'CONFIRMED',NULL,'69#彭跳跳123','205',7,6.04,'EXPRESS',40.00,697.00,697.00,NULL,'2011-10-20 22:38:04','爸妈网第69号团购','DELIVERED',208,'13517492756',NULL,'湖南省长沙市雨花区体院路510号，邮编：410014，电话：13517492756 \"\r\n','李颖'),(805,'CONFIRMED',NULL,'69#janny1030202#1196','214',7,10.46,'EXPRESS',15.00,1321.00,1321.00,NULL,'2011-10-20 22:39:59','爸妈网第69号团购','DELIVERED',217,'13917589766',NULL,'上海市+地址：杨浦区国顺东路179弄55号501室+电话：13917589766+邮编：200433 楼定单订购（追加了110品 450元+3元快递）    \r\n','张彦瑾'),(806,'CONFIRMED',NULL,'69#weierm 1187 楼','219',6,5.34,'POST',25.00,486.00,486.00,NULL,'2011-10-20 22:42:40','爸妈网第69号团购','PREPARED',221,'123',NULL,'武汉','孟晓莹'),(807,'CONFIRMED',NULL,'69# fate811 933楼','220',7,4.50,'EXPRESS',9.00,434.00,434.00,NULL,'2011-10-20 22:46:21','爸妈网第69号团购','DELIVERED',222,'13916929416',NULL,'上海市黄浦区333号金融广场1403室  电话：13916929416 邮编：200001    ','杨颖'),(852,'CONFIRMED',NULL,'69#waterlily527','218',3,2.94,'POST',15.00,148.00,133.00,NULL,'2011-10-26 01:28:23','爸妈网第69号团购','PARTIALLY_DELIVERED',524,'13986081167',NULL,'湖北省武汉市洪山区雄楚大道709号楚韵路华城新都6号楼1单元202室+13986081167+430074','叶晓卉');
/*!40000 ALTER TABLE `gsm_order` ENABLE KEYS */;
UNLOCK TABLES;

--
-- Table structure for table `gsm_order_item`
--

DROP TABLE IF EXISTS `gsm_order_item`;
/*!40101 SET @saved_cs_client     = @@character_set_client */;
/*!40101 SET character_set_client = utf8 */;
CREATE TABLE `gsm_order_item` (
  `obj_id` bigint(20) NOT NULL,
  `item_count` decimal(5,0) DEFAULT NULL,
  `sent_count` decimal(5,0) DEFAULT NULL,
  `prepared_count` decimal(5,0) DEFAULT NULL,
  `unit_price` decimal(10,2) DEFAULT NULL,
  `order_id` bigint(20) DEFAULT NULL,
  `product_id` bigint(20) DEFAULT NULL,
  PRIMARY KEY (`obj_id`),
  KEY `FK_gsm_order_item_order_id` (`order_id`),
  KEY `FK_gsm_order_item_product_id` (`product_id`),
  CONSTRAINT `FK_gsm_order_item_order_id` FOREIGN KEY (`order_id`) REFERENCES `gsm_order` (`obj_id`),
  CONSTRAINT `FK_gsm_order_item_product_id` FOREIGN KEY (`product_id`) REFERENCES `gsm_product` (`obj_id`)
) ENGINE=InnoDB DEFAULT CHARSET=utf8;
/*!40101 SET character_set_client = @saved_cs_client */;

--
-- Dumping data for table `gsm_order_item`
--

LOCK TABLES `gsm_order_item` WRITE;
/*!40000 ALTER TABLE `gsm_order_item` DISABLE KEYS */;
INSERT INTO `gsm_order_item` VALUES (2,1,1,1,425.00,2,1),(3,1,1,1,450.00,2,10),(4,1,1,1,45.00,2,17),(5,1,1,1,38.00,2,18),(6,1,1,1,16.00,2,36),(7,1,1,1,45.00,3,17),(8,1,1,1,38.00,3,18),(9,1,1,1,425.00,4,1),(10,1,1,1,550.00,4,6),(11,1,1,1,198.00,4,8),(12,1,1,1,198.00,5,8),(13,1,1,1,490.00,5,13),(14,1,1,1,490.00,5,15),(15,1,1,1,50.00,5,25),(16,1,1,1,16.00,5,36),(17,1,1,1,18.00,5,38),(18,1,1,1,16.00,5,40),(19,1,1,1,5.00,5,54),(20,1,1,1,425.00,6,1),(21,1,1,1,198.00,7,8),(22,1,1,1,45.00,7,17),(23,1,1,1,10.00,7,23),(24,1,1,1,13.00,7,19),(25,1,1,1,25.00,7,47),(26,1,1,1,10.00,8,23),(27,1,1,1,2.50,8,26),(28,1,1,1,2.50,8,27),(29,1,1,1,12.00,8,33),(30,1,1,1,22.00,8,35),(31,1,1,1,20.00,8,37),(32,1,1,1,20.00,8,43),(33,1,1,1,25.00,8,47),(34,1,1,1,16.00,8,48),(35,1,1,1,5.00,8,54),(36,1,1,1,19.00,8,69),(37,1,1,1,45.00,9,17),(38,1,1,1,10.00,9,23),(39,1,1,1,50.00,9,25),(40,1,1,1,12.00,9,33),(41,1,1,1,22.00,9,34),(42,1,1,1,22.00,9,35),(43,1,1,1,20.00,9,37),(44,1,1,1,18.00,9,38),(45,1,1,1,16.00,9,42),(46,1,1,1,20.00,9,43),(47,1,1,1,9.00,9,44),(48,1,1,1,16.00,9,46),(49,1,1,1,5.00,9,54),(50,1,1,1,425.00,10,1),(51,1,1,1,22.00,10,32),(52,1,1,1,12.00,10,33),(53,1,1,1,16.00,10,36),(54,1,1,1,20.00,10,37),(55,1,1,1,16.00,10,39),(56,1,1,1,16.00,10,40),(57,1,1,1,16.00,10,42),(58,1,1,1,20.00,10,43),(59,2,2,2,38.00,10,45),(60,1,1,1,25.00,10,47),(61,1,1,1,19.00,10,68),(62,1,1,1,12.00,11,22),(63,1,1,1,198.00,11,8),(64,1,1,1,50.00,11,25),(65,1,1,1,425.00,12,1),(66,1,1,1,460.00,12,7),(67,1,1,1,16.00,12,39),(68,1,1,1,425.00,13,1),(69,1,1,1,12.00,13,33),(70,1,0,1,425.00,14,1),(71,1,0,1,10.00,14,23),(72,1,0,1,22.00,14,35),(73,1,0,1,16.00,14,40),(74,1,0,1,20.00,14,43),(75,1,0,1,5.00,14,54),(76,1,0,0,425.00,15,1),(77,1,0,0,16.00,15,40),(78,1,0,0,20.00,15,43),(79,1,1,1,450.00,16,10),(80,1,1,1,38.00,16,18),(81,1,1,1,198.00,17,8),(82,1,1,1,19.00,17,69),(83,1,1,1,19.00,17,75),(84,1,1,1,19.00,17,76),(85,1,1,1,13.00,17,19),(86,1,1,1,12.00,17,21),(87,1,1,1,280.00,18,3),(88,1,1,1,460.00,18,7),(89,1,1,1,490.00,19,11),(90,1,1,1,490.00,19,13),(91,1,1,1,490.00,19,15),(92,1,1,1,45.00,19,17),(93,1,1,1,38.00,19,18),(94,1,1,1,13.00,19,19),(95,1,1,1,13.00,19,20),(96,1,1,1,12.00,19,21),(97,1,1,1,10.00,19,23),(98,1,1,1,16.00,19,36),(99,1,1,1,18.00,19,38),(100,1,1,1,25.00,19,47),(101,1,1,1,198.00,20,8),(102,1,1,1,13.00,20,19),(103,1,1,1,13.00,20,20),(104,1,1,1,50.00,20,25),(152,1,1,1,425.00,52,1),(153,1,1,1,10.00,52,23),(154,1,1,1,2.50,52,26),(155,1,1,1,2.50,52,27),(156,1,1,1,22.00,52,35),(157,1,1,1,28.00,52,41),(158,1,1,1,4.00,52,52),(159,1,1,1,5.00,52,54),(160,1,1,1,25.00,53,47),(161,1,1,1,28.00,53,55),(162,1,1,1,8.00,53,58),(163,1,1,1,8.00,53,59),(164,1,1,1,8.00,53,60),(165,1,1,1,8.00,53,61),(166,1,1,1,8.00,53,62),(167,1,1,1,8.00,53,63),(168,1,1,1,8.00,53,64),(169,1,1,1,8.00,53,65),(170,1,0,0,425.00,54,1),(171,1,0,0,198.00,54,8),(172,1,0,0,450.00,54,10),(173,1,0,0,490.00,54,11),(174,1,0,0,390.00,54,12),(175,1,0,0,490.00,54,13),(176,1,0,0,390.00,54,14),(177,1,0,0,490.00,54,15),(178,1,0,0,390.00,54,16),(179,1,0,0,50.00,54,25),(180,1,0,0,8.00,54,62),(181,1,0,0,12.00,54,33),(182,1,0,0,3.00,54,24),(183,1,0,0,22.00,54,34),(184,1,0,0,22.00,54,34),(185,1,0,0,22.00,54,35),(186,1,0,0,22.00,54,34),(187,1,0,0,9.00,54,44),(188,1,0,0,25.00,54,47),(189,1,0,0,20.00,54,37),(190,1,0,0,5.00,54,54),(191,1,0,0,28.00,54,55),(192,1,0,0,16.00,54,40),(193,1,1,1,198.00,55,8),(194,1,1,1,198.00,56,8),(195,1,1,1,3.00,56,24),(196,1,1,1,25.00,56,47),(197,1,1,1,12.00,56,33),(198,1,1,1,13.00,57,19),(199,1,1,1,13.00,57,20),(200,1,1,1,12.00,57,33),(201,1,1,1,16.00,57,39),(202,1,1,1,16.00,57,40),(203,1,1,1,20.00,57,43),(204,1,1,1,9.00,57,44),(205,1,1,1,38.00,57,45),(206,1,0,1,425.00,58,1),(207,1,1,1,210.00,59,2),(208,1,1,1,450.00,60,10),(209,1,1,1,198.00,61,8),(210,1,1,1,460.00,62,7),(211,1,1,1,425.00,63,1),(212,1,1,1,45.00,63,17),(213,1,1,1,38.00,63,18),(214,1,1,1,22.00,63,35),(215,1,1,1,16.00,63,36),(216,1,1,1,38.00,63,45),(217,1,1,1,425.00,64,1),(218,1,1,1,45.00,64,17),(219,1,1,1,38.00,64,18),(220,1,1,1,2.50,64,26),(221,1,1,1,2.50,64,27),(222,1,1,1,6.00,64,28),(223,1,1,1,198.00,65,8),(224,1,1,1,280.00,66,3),(225,1,1,1,19.00,66,68),(226,1,1,1,198.00,67,8),(227,6,0,6,10.00,68,23),(228,1,0,1,9.00,68,44),(229,1,0,1,25.00,68,47),(230,1,1,1,160.00,69,9),(231,1,1,1,28.00,69,55),(232,1,1,1,198.00,70,8),(233,1,0,0,425.00,71,1),(234,1,0,0,45.00,71,17),(235,1,0,0,38.00,71,18),(236,1,0,0,28.00,71,41),(237,1,0,0,38.00,71,45),(238,1,0,0,5.00,71,54),(239,1,0,0,450.00,72,10),(252,1,1,1,160.00,102,9),(253,1,1,1,380.00,103,5),(254,1,1,1,38.00,103,18),(256,1,1,1,6.00,103,28),(257,1,1,1,16.00,103,39),(259,1,1,1,28.00,103,41),(261,1,1,1,16.00,103,48),(263,1,1,1,5.00,103,54),(264,1,1,1,10.00,104,23),(265,1,1,1,3.00,104,24),(266,1,1,1,2.50,104,26),(267,1,1,1,2.50,104,27),(268,1,1,1,6.00,104,28),(269,1,1,1,8.00,104,53),(270,1,1,1,5.00,104,54),(271,1,1,1,13.00,105,19),(272,1,1,1,16.00,106,42),(273,1,1,1,9.00,106,44),(274,1,1,1,16.00,106,49),(275,1,1,1,28.00,106,56),(276,1,1,1,28.00,106,57),(277,1,1,1,425.00,107,1),(278,1,1,1,198.00,108,8),(279,1,1,1,10.00,108,23),(280,1,1,1,12.00,108,33),(281,1,1,1,18.00,108,38),(282,1,1,1,16.00,108,39),(283,1,1,1,28.00,108,41),(284,1,1,1,20.00,108,43),(285,1,1,1,16.00,108,49),(286,1,1,1,15.00,108,50),(287,1,1,1,4.00,108,52),(288,1,1,1,19.00,108,69),(289,1,1,1,19.00,108,70),(290,1,1,1,19.00,108,71),(291,1,1,1,19.00,108,72),(292,1,1,1,19.00,108,75),(293,1,1,1,19.00,108,76),(294,1,0,1,425.00,109,1),(295,1,0,1,3.00,109,24),(296,1,0,1,18.00,109,38),(297,1,0,1,25.00,109,47),(298,1,0,1,5.00,109,54),(299,1,1,1,425.00,110,1),(300,1,1,1,18.00,110,38),(301,1,1,1,160.00,111,9),(302,1,1,1,160.00,112,9),(303,1,1,1,460.00,113,7),(304,1,1,1,450.00,113,10),(305,1,1,1,13.00,113,19),(306,1,1,1,13.00,113,20),(307,1,1,1,12.00,113,21),(308,1,1,1,12.00,113,22),(309,1,1,1,10.00,113,23),(310,1,1,1,50.00,113,25),(311,1,1,1,2.50,113,26),(312,1,1,1,2.50,113,27),(313,1,1,1,6.00,113,28),(314,1,1,1,22.00,113,34),(315,1,1,1,18.00,113,38),(316,1,1,1,9.00,113,44),(317,1,1,1,25.00,113,47),(318,1,1,1,4.00,113,52),(319,1,1,1,28.00,113,55),(320,1,1,1,19.00,113,71),(321,1,1,1,19.00,113,72),(322,1,1,1,19.00,113,73),(323,1,1,1,19.00,113,74),(324,1,1,1,19.00,113,75),(325,1,1,1,19.00,113,76),(326,1,1,1,19.00,113,77),(327,1,1,1,16.00,114,36),(328,1,1,1,16.00,114,39),(329,1,1,1,28.00,114,57),(330,1,1,1,45.00,115,17),(331,1,1,1,425.00,116,1),(332,1,1,1,12.00,116,21),(333,0,0,0,3.00,116,24),(334,1,1,1,12.00,116,22),(335,0,0,0,3.00,116,24),(336,1,1,1,16.00,116,36),(337,1,1,1,6.00,116,28),(338,0,0,0,6.00,116,28),(339,1,1,1,20.00,116,43),(340,0,0,0,22.00,116,32),(341,1,1,1,425.00,117,1),(342,1,1,1,28.00,117,41),(343,1,1,1,425.00,118,1),(344,1,1,1,45.00,119,17),(345,1,1,1,490.00,120,13),(346,1,0,1,425.00,121,1),(352,1,0,1,425.00,152,1),(353,1,0,1,550.00,152,6),(354,1,0,1,450.00,152,10),(355,1,0,1,13.00,153,19),(356,1,0,1,12.00,153,33),(357,1,0,1,22.00,153,34),(358,1,0,1,22.00,153,35),(359,1,0,1,18.00,153,38),(360,1,0,0,38.00,153,45),(361,1,0,1,8.00,153,58),(362,1,0,1,8.00,153,59),(363,1,0,1,8.00,153,60),(364,1,0,1,8.00,153,63),(365,1,0,1,8.00,153,65),(366,1,1,1,460.00,154,7),(367,1,0,1,13.00,155,19),(368,1,0,1,13.00,155,20),(369,1,0,1,12.00,155,33),(370,1,0,1,16.00,155,42),(371,1,0,1,22.00,155,34),(372,1,0,1,20.00,155,37),(373,1,0,1,20.00,155,43),(374,1,0,1,16.00,155,46),(375,1,0,0,25.00,155,47),(376,1,0,1,8.00,155,65),(377,1,0,1,19.00,155,68),(378,1,1,1,425.00,156,1),(379,1,1,1,10.00,156,23),(380,1,1,1,2.50,156,26),(381,1,1,1,2.50,156,27),(382,1,1,1,16.00,156,40),(383,1,0,0,25.00,156,47),(384,1,1,1,5.00,156,54),(385,1,1,1,425.00,157,1),(386,1,0,0,18.00,157,38),(387,1,1,1,5.00,157,54),(388,1,1,1,15.00,157,50),(389,1,1,1,425.00,158,1),(390,1,1,1,550.00,158,6),(391,1,1,1,210.00,159,2),(392,1,0,1,425.00,160,1),(393,1,0,1,20.00,160,37),(394,1,0,0,18.00,160,38),(395,1,1,1,450.00,161,10),(396,1,1,1,280.00,162,3),(397,1,1,1,450.00,162,10),(398,1,1,1,450.00,163,10),(399,1,1,1,12.00,163,21),(400,1,0,0,18.00,163,38),(401,1,1,1,38.00,163,45),(402,1,1,1,198.00,164,8),(403,1,1,1,198.00,165,8),(404,1,1,1,160.00,165,9),(405,1,1,1,12.00,165,33),(406,1,1,1,16.00,165,39),(407,1,1,1,4.00,165,52),(408,1,1,1,425.00,166,1),(409,1,1,1,198.00,166,8),(410,1,1,1,12.00,166,21),(411,1,1,1,12.00,166,22),(412,1,1,1,45.00,167,17),(413,1,1,1,10.00,167,23),(414,1,1,1,2.50,167,26),(415,1,1,1,2.50,167,27),(416,1,1,1,12.00,167,29),(417,1,1,1,12.00,167,31),(418,1,1,1,22.00,167,32),(419,1,1,1,12.00,167,33),(420,1,1,1,22.00,167,35),(421,1,1,1,20.00,167,37),(422,1,1,1,9.00,167,44),(423,1,0,0,25.00,167,47),(424,1,1,1,5.00,167,54),(425,1,1,1,198.00,168,8),(426,1,0,1,425.00,169,1),(427,1,0,1,550.00,169,6),(428,1,0,1,45.00,169,17),(429,1,0,1,10.00,169,23),(430,1,0,1,3.00,169,24),(431,1,0,1,2.50,169,26),(432,1,0,1,2.50,169,27),(433,1,0,1,12.00,169,29),(434,1,0,1,12.00,169,30),(435,1,0,1,12.00,169,31),(436,1,0,1,22.00,169,32),(437,1,0,1,16.00,169,36),(438,1,0,1,20.00,169,37),(439,1,0,0,18.00,169,38),(440,1,0,1,16.00,169,39),(441,1,0,1,16.00,169,40),(442,1,0,1,28.00,169,41),(443,1,0,1,16.00,169,42),(444,1,0,1,20.00,169,43),(445,1,0,1,9.00,169,44),(446,1,0,0,38.00,169,45),(447,1,0,1,16.00,169,46),(448,1,0,1,16.00,169,49),(449,1,0,1,15.00,169,50),(450,1,0,1,4.00,169,52),(451,1,0,1,8.00,169,53),(452,1,0,1,5.00,169,54),(453,1,1,1,425.00,170,1),(454,1,1,1,45.00,170,17),(455,1,1,1,38.00,170,18),(456,1,1,1,425.00,171,1),(457,1,1,1,10.00,171,23),(458,1,1,1,2.50,171,26),(459,1,1,1,2.50,171,27),(460,1,1,1,16.00,171,36),(461,1,1,1,20.00,171,37),(462,1,0,0,18.00,171,38),(463,1,1,1,16.00,171,39),(464,1,1,1,16.00,171,40),(465,1,0,0,25.00,171,47),(466,1,1,1,16.00,171,49),(467,1,1,1,5.00,171,54),(468,1,1,1,12.00,171,33),(502,1,0,1,425.00,202,1),(503,1,0,1,550.00,202,6),(504,1,0,1,198.00,202,8),(505,1,0,1,450.00,202,10),(506,1,0,1,45.00,202,17),(507,1,0,1,38.00,202,18),(508,1,0,1,12.00,202,21),(509,1,0,1,3.00,202,24),(510,1,0,1,16.00,202,39),(511,1,0,1,28.00,202,41),(512,1,0,1,4.00,202,52),(513,1,0,1,8.00,202,53),(514,1,1,1,425.00,203,1),(515,1,1,1,38.00,203,18),(516,1,1,1,3.00,203,24),(517,1,1,1,28.00,203,55),(518,1,1,1,6.00,204,28),(519,1,1,1,16.00,204,36),(520,1,1,1,20.00,204,37),(521,1,1,1,16.00,204,39),(522,1,1,1,16.00,204,40),(523,1,0,0,38.00,204,45),(524,1,1,1,15.00,204,50),(525,1,1,1,4.00,204,52),(526,1,1,1,5.00,204,54),(527,1,1,1,198.00,205,8),(528,1,1,1,425.00,206,1),(529,1,1,1,550.00,206,6),(530,2,2,2,490.00,206,11),(531,1,1,1,490.00,206,13),(532,1,1,1,13.00,206,19),(533,1,1,1,13.00,206,20),(534,1,1,1,10.00,206,23),(535,1,1,1,3.00,206,24),(536,2,2,2,2.50,206,26),(537,2,2,2,2.50,206,27),(538,1,1,1,6.00,206,28),(539,1,1,1,12.00,206,29),(540,1,1,1,12.00,206,30),(541,1,1,1,12.00,206,31),(542,1,1,1,12.00,206,33),(543,1,1,1,22.00,206,35),(544,1,1,1,16.00,206,36),(545,1,1,1,20.00,206,37),(546,1,0,0,18.00,206,38),(547,1,1,1,16.00,206,39),(548,1,1,1,16.00,206,40),(549,1,1,1,16.00,206,42),(550,1,0,0,38.00,206,45),(551,1,1,1,16.00,206,46),(552,1,1,1,5.00,206,54),(553,1,0,1,425.00,207,1),(554,1,1,1,425.00,208,1),(555,1,1,1,3.00,208,24),(556,1,1,1,12.00,208,33),(557,1,1,1,20.00,208,37),(558,1,1,1,16.00,208,49),(559,1,1,1,5.00,208,54),(560,1,0,0,19.00,209,70),(561,1,0,0,19.00,209,71),(562,1,0,0,19.00,209,72),(563,1,0,0,19.00,209,75),(564,1,0,1,425.00,210,1),(565,1,1,1,198.00,211,8),(566,1,0,1,425.00,212,1),(567,1,1,1,280.00,213,3),(568,1,1,1,198.00,214,8),(569,1,1,1,38.00,214,18),(570,1,1,1,28.00,214,55),(571,1,0,0,19.00,214,70),(572,1,1,1,19.00,214,72),(573,1,0,0,19.00,214,73),(574,1,0,0,19.00,214,75),(575,1,0,1,380.00,215,5),(576,1,0,1,425.00,216,1),(577,1,0,1,460.00,216,7),(578,1,0,1,490.00,216,13),(579,1,0,1,45.00,216,17),(580,1,0,1,12.00,216,21),(581,1,0,1,12.00,216,22),(582,1,0,1,10.00,216,23),(583,1,0,1,2.50,216,26),(584,1,0,1,2.50,216,27),(585,1,0,1,16.00,216,36),(586,1,0,1,16.00,216,39),(587,1,0,1,16.00,216,42),(588,1,0,1,20.00,216,43),(589,1,0,1,9.00,216,44),(590,1,0,1,16.00,216,48),(591,1,0,1,5.00,216,54),(592,1,0,1,19.00,216,68),(593,1,0,1,19.00,216,77),(594,1,1,1,198.00,217,8),(595,1,1,1,425.00,218,1),(596,1,1,1,550.00,218,6),(597,1,1,1,390.00,218,12),(598,1,1,1,390.00,218,14),(599,1,1,1,12.00,218,21),(600,1,1,1,12.00,218,22),(601,1,1,1,6.00,218,28),(602,1,1,1,20.00,218,37),(603,1,1,1,198.00,219,8),(604,1,1,1,50.00,219,25),(605,1,1,1,22.00,219,34),(606,1,1,1,22.00,219,35),(607,1,1,1,20.00,219,43),(608,1,1,1,28.00,219,55),(609,1,1,1,19.00,219,70),(610,1,1,1,19.00,219,72),(611,1,1,1,19.00,219,74),(612,1,1,1,19.00,219,75),(613,1,1,1,19.00,219,76),(614,1,1,1,10.00,220,23),(615,1,1,1,2.50,220,26),(616,1,1,1,2.50,220,27),(617,1,1,1,12.00,220,29),(618,1,1,1,12.00,220,30),(619,1,1,1,22.00,220,32),(620,1,1,1,12.00,220,33),(621,1,1,1,22.00,220,35),(622,2,0,0,38.00,220,45),(623,1,1,1,198.00,221,8),(652,1,1,1,10.00,252,23),(653,1,1,1,6.00,252,28),(654,1,1,1,12.00,252,33),(655,1,1,1,16.00,252,36),(656,1,1,1,20.00,252,37),(657,1,0,0,18.00,252,38),(658,1,1,1,16.00,252,39),(659,1,1,1,16.00,252,40),(660,1,1,1,28.00,252,41),(661,1,0,0,16.00,252,42),(662,1,1,1,20.00,252,43),(663,1,1,1,16.00,252,46),(664,1,0,0,25.00,252,47),(665,1,1,1,16.00,252,48),(666,1,1,1,16.00,252,49),(667,1,1,1,15.00,252,50),(668,1,1,1,5.00,252,54),(669,1,1,1,28.00,252,55),(670,1,0,1,20.00,253,43),(671,1,0,1,8.00,253,58),(672,1,0,1,8.00,253,60),(673,1,0,1,8.00,253,61),(674,1,0,1,8.00,253,63),(675,1,0,1,8.00,253,65),(676,1,1,1,198.00,254,8),(677,1,1,1,450.00,254,10),(678,1,1,1,550.00,255,6),(679,1,1,1,45.00,255,17),(680,1,1,1,38.00,255,18),(681,1,1,1,10.00,256,23),(682,1,1,1,2.50,256,26),(683,1,1,1,2.50,256,27),(684,1,1,1,6.00,256,28),(685,1,1,1,12.00,256,29),(686,1,1,1,12.00,256,30),(687,1,1,1,12.00,256,31),(688,1,1,1,22.00,256,32),(689,1,1,1,12.00,256,33),(690,1,1,1,22.00,256,34),(691,1,1,1,16.00,256,36),(692,1,1,1,20.00,256,37),(693,1,0,0,18.00,256,38),(694,1,1,1,16.00,256,40),(695,1,0,0,16.00,256,42),(696,1,1,1,9.00,256,44),(697,1,1,1,16.00,256,46),(698,1,0,0,25.00,256,47),(699,1,1,1,16.00,256,49),(700,1,1,1,8.00,256,53),(701,1,1,1,5.00,256,54),(702,1,1,1,28.00,256,55),(703,1,0,1,198.00,257,8),(704,1,1,1,550.00,258,6),(705,1,1,1,450.00,258,10),(706,1,1,1,12.00,258,33),(707,1,1,1,210.00,259,2),(708,1,1,1,3.00,259,24),(709,2,0,0,425.00,260,1),(710,3,0,0,198.00,260,8),(711,1,0,0,450.00,260,10),(712,5,0,0,490.00,260,11),(713,5,0,0,490.00,260,13),(714,1,0,0,20.00,260,37),(715,1,0,0,18.00,260,38),(716,1,0,0,16.00,260,39),(717,1,0,0,28.00,260,41),(718,1,0,0,20.00,260,43),(719,1,0,0,9.00,260,44),(720,1,0,0,16.00,260,49),(721,1,0,0,15.00,260,50),(722,1,0,0,19.00,260,73),(723,1,1,1,425.00,261,1),(724,1,1,1,3.00,262,24),(725,1,1,1,2.50,262,26),(726,1,1,1,2.50,262,27),(727,1,1,1,6.00,262,28),(728,1,1,1,12.00,262,29),(729,1,1,1,12.00,262,30),(730,1,1,1,22.00,262,32),(731,1,1,1,12.00,262,33),(732,1,1,1,22.00,262,35),(733,1,1,1,16.00,262,36),(734,1,1,1,16.00,262,39),(735,1,1,1,28.00,262,41),(736,1,1,1,20.00,262,43),(737,1,0,0,38.00,262,45),(738,1,1,1,8.00,262,53),(739,1,1,1,5.00,262,54),(740,1,1,1,28.00,262,55),(741,1,0,0,19.00,262,75),(742,1,1,1,425.00,263,1),(743,1,1,1,13.00,263,19),(744,1,1,1,13.00,263,20),(745,1,1,1,10.00,263,23),(746,1,1,1,3.00,263,24),(747,1,1,1,2.50,263,26),(748,1,1,1,2.50,263,27),(749,1,1,1,12.00,263,33),(750,1,1,1,22.00,263,35),(751,1,0,0,18.00,263,38),(752,1,0,0,38.00,263,45),(753,1,1,1,8.00,263,58),(754,1,1,1,8.00,263,59),(755,1,1,1,8.00,263,60),(756,1,1,1,8.00,263,61),(757,1,1,1,8.00,263,62),(758,1,1,1,8.00,263,63),(759,1,1,1,8.00,263,64),(760,1,1,1,8.00,263,65),(761,1,1,1,2.50,264,26),(762,1,1,1,13.00,265,19),(763,2,2,2,10.00,265,23),(764,1,1,1,12.00,265,29),(765,1,1,1,12.00,265,30),(766,1,1,1,12.00,265,31),(767,1,1,1,22.00,265,32),(768,1,1,1,12.00,265,33),(769,1,1,1,16.00,265,36),(770,3,0,0,18.00,265,38),(771,1,1,1,16.00,265,39),(772,2,2,2,16.00,265,40),(773,1,1,1,28.00,265,41),(774,1,0,0,16.00,265,42),(775,2,2,2,20.00,265,43),(776,1,0,0,38.00,265,45),(777,1,0,0,25.00,265,47),(778,1,1,1,16.00,265,49),(779,1,1,1,8.00,265,53),(780,2,2,2,5.00,265,54),(781,1,1,1,28.00,265,55),(782,1,1,1,8.00,265,58),(783,1,1,1,8.00,265,59),(784,1,1,1,8.00,265,60),(785,1,1,1,8.00,265,61),(786,1,1,1,8.00,265,62),(787,1,1,1,8.00,265,63),(788,1,1,1,8.00,265,64),(789,1,1,1,8.00,265,65),(790,1,1,1,425.00,266,1),(791,1,0,1,425.00,267,1),(792,1,0,1,460.00,267,7),(793,1,0,0,18.00,267,38),(794,1,0,1,16.00,267,40),(795,1,0,0,25.00,267,47),(796,1,0,1,5.00,267,54),(797,1,1,1,425.00,268,1),(798,1,1,1,198.00,268,8),(799,1,1,1,450.00,268,10),(800,1,1,1,160.00,269,9),(801,1,0,1,425.00,270,1),(802,1,0,1,198.00,270,8),(803,1,0,1,12.00,270,21),(804,1,0,1,12.00,270,22),(805,1,1,1,198.00,271,8),(852,1,1,1,198.00,302,8),(853,1,1,1,450.00,303,10),(854,1,1,1,6.00,303,28),(855,1,1,1,16.00,303,40),(856,1,0,0,16.00,303,42),(857,1,1,1,20.00,303,43),(858,1,0,0,38.00,303,45),(859,1,0,1,198.00,304,8),(860,1,0,1,450.00,304,10),(861,1,0,1,38.00,304,18),(862,1,1,1,45.00,305,17),(863,1,1,1,38.00,305,18),(864,1,1,1,13.00,305,19),(865,1,1,1,13.00,305,20),(866,1,1,1,12.00,305,21),(867,1,1,1,12.00,305,22),(868,1,0,0,25.00,305,47),(869,1,1,1,28.00,305,55),(870,1,1,1,45.00,306,17),(871,1,1,1,38.00,306,18),(872,1,1,1,13.00,306,19),(873,1,1,1,13.00,306,20),(874,1,0,0,50.00,306,25),(875,1,1,1,2.50,306,26),(876,1,1,1,2.50,306,27),(877,1,1,1,16.00,306,36),(878,1,1,1,20.00,306,37),(879,1,0,0,18.00,306,38),(880,1,1,1,16.00,306,39),(881,1,1,1,28.00,306,41),(882,1,1,1,20.00,306,43),(883,1,1,1,9.00,306,44),(884,1,0,0,38.00,306,45),(885,1,1,1,16.00,306,48),(886,1,1,1,16.00,306,49),(887,1,1,1,15.00,306,50),(888,1,1,1,28.00,306,55),(889,1,1,1,28.00,306,57),(890,1,1,1,2.50,307,26),(891,1,1,1,2.50,307,27),(892,1,1,1,12.00,307,33),(893,1,1,1,22.00,307,35),(894,1,1,1,20.00,307,37),(895,1,1,1,28.00,307,41),(896,1,0,0,16.00,307,42),(897,1,1,1,20.00,307,43),(898,1,1,1,9.00,307,44),(899,1,1,1,16.00,307,49),(900,0,0,0,198.00,308,8),(901,1,1,1,13.00,309,19),(902,1,1,1,13.00,309,20),(903,1,1,1,10.00,309,23),(904,1,0,0,50.00,309,25),(905,1,1,1,12.00,309,33),(906,1,1,1,22.00,309,34),(907,1,1,1,22.00,309,35),(908,1,1,1,16.00,309,36),(909,1,1,1,20.00,309,37),(910,1,1,1,16.00,309,39),(911,1,0,0,38.00,309,45),(912,1,1,1,16.00,309,46),(913,1,0,0,25.00,309,47),(914,1,1,1,16.00,309,49),(915,1,0,0,18.00,310,38),(916,1,1,1,16.00,310,39),(917,1,0,0,16.00,310,42),(918,1,0,0,38.00,310,45),(919,1,1,1,16.00,310,49),(920,1,1,1,15.00,310,50),(921,1,1,1,19.00,310,68),(922,1,1,1,10.00,311,23),(923,1,1,1,12.00,311,33),(924,1,0,0,16.00,311,42),(925,1,1,1,20.00,311,43),(926,1,1,1,9.00,311,44),(927,1,1,1,16.00,311,49),(928,1,1,1,425.00,312,1),(929,1,1,1,460.00,312,7),(930,1,0,0,18.00,312,38),(931,1,0,0,38.00,312,45),(932,1,1,1,8.00,312,53),(933,1,1,1,5.00,312,54),(934,1,0,1,280.00,313,3),(935,1,0,1,425.00,314,1),(936,1,0,1,45.00,314,17),(937,1,0,1,38.00,314,18),(938,1,0,1,6.00,314,28),(939,1,0,1,16.00,314,36),(940,1,0,1,20.00,314,37),(941,1,0,0,18.00,314,38),(942,1,0,1,16.00,314,40),(943,1,0,1,8.00,314,60),(944,1,0,1,425.00,315,1),(945,1,0,1,12.00,315,33),(946,1,0,1,20.00,315,37),(947,1,0,0,18.00,315,38),(948,1,0,0,25.00,315,47),(949,1,1,1,450.00,316,10),(950,1,1,1,45.00,316,17),(951,1,1,1,38.00,316,18),(952,1,1,1,13.00,316,19),(953,1,1,1,13.00,316,20),(954,1,1,1,3.00,316,24),(955,1,1,1,6.00,316,28),(956,1,1,1,12.00,316,33),(957,1,1,1,20.00,316,37),(958,1,0,0,18.00,316,38),(959,1,1,1,16.00,316,39),(960,1,1,1,20.00,316,43),(961,1,1,1,9.00,316,44),(962,1,0,0,38.00,316,45),(963,1,1,1,16.00,316,46),(964,1,0,0,25.00,316,47),(965,1,1,1,19.00,316,68),(966,1,0,0,19.00,316,69),(967,1,0,0,19.00,316,70),(968,1,1,1,19.00,316,71),(969,1,0,0,19.00,316,72),(970,1,0,0,19.00,316,74),(971,1,1,1,425.00,317,1),(972,1,1,1,45.00,317,17),(973,1,0,0,18.00,317,38),(974,1,1,1,20.00,317,43),(975,1,0,0,38.00,317,45),(976,1,1,1,8.00,317,53),(977,1,1,1,5.00,317,54),(978,1,1,1,550.00,318,6),(979,1,1,1,198.00,318,8),(980,4,4,0,425.00,319,1),(981,4,4,0,38.00,319,18),(982,1,1,0,4.00,319,52),(983,1,1,1,425.00,320,1),(984,1,1,1,550.00,320,6),(985,1,1,1,460.00,320,7),(986,2,2,2,450.00,320,10),(987,1,1,1,490.00,320,11),(988,2,2,2,490.00,320,13),(989,1,1,1,490.00,320,15),(990,1,1,1,13.00,320,19),(991,1,1,1,13.00,320,20),(992,1,0,0,50.00,320,25),(993,1,1,1,16.00,320,36),(994,2,0,0,18.00,320,38),(995,1,0,0,38.00,320,45),(996,2,0,0,25.00,320,47),(997,1,1,1,8.00,320,60),(998,1,1,1,8.00,320,61),(999,1,1,1,8.00,320,62),(1000,1,1,1,8.00,320,63),(1001,1,1,1,8.00,320,64),(1002,2,2,2,8.00,320,65),(1003,2,0,0,19.00,320,70),(1004,1,0,0,19.00,320,71),(1005,2,0,0,19.00,320,72),(1006,1,1,1,19.00,320,73),(1007,1,0,0,19.00,320,74),(1008,1,0,0,19.00,320,75),(1009,1,1,1,19.00,320,76),(1010,1,1,1,19.00,320,77),(1011,1,0,1,425.00,321,1),(1012,1,0,1,550.00,321,6),(1013,1,0,1,12.00,321,21),(1014,1,0,1,12.00,321,22),(1015,1,0,1,10.00,321,23),(1016,1,0,1,20.00,321,37),(1017,1,0,0,18.00,321,38),(1018,1,0,1,16.00,321,39),(1019,1,0,1,20.00,321,43),(1020,1,0,1,9.00,321,44),(1021,1,0,1,28.00,321,55),(1022,1,0,1,425.00,322,1),(1023,1,0,0,50.00,322,25),(1024,1,0,0,18.00,322,38),(1025,1,0,0,38.00,322,45),(1026,1,0,1,5.00,322,54),(1027,2,0,2,19.00,322,68),(1028,3,0,0,19.00,322,69),(1052,2,0,2,425.00,352,1),(1053,1,0,1,450.00,352,10),(1054,1,1,1,198.00,353,8),(1055,1,1,1,425.00,354,1),(1056,1,1,1,45.00,354,17),(1057,1,1,1,38.00,354,18),(1058,1,1,1,3.00,354,24),(1059,1,1,1,12.00,354,30),(1060,1,1,1,12.00,354,31),(1061,1,1,1,22.00,354,32),(1062,1,1,1,16.00,354,36),(1063,1,0,0,38.00,354,45),(1064,1,1,1,5.00,354,54),(1065,1,1,1,19.00,354,68),(1066,1,0,0,19.00,354,69),(1067,2,2,2,198.00,355,8),(1068,1,1,1,13.00,356,19),(1069,1,1,1,13.00,356,20),(1070,1,1,1,6.00,356,28),(1071,1,1,1,12.00,356,33),(1072,1,1,1,22.00,356,34),(1073,1,1,1,16.00,356,46),(1074,1,0,0,25.00,356,47),(1075,1,1,1,16.00,356,49),(1076,1,1,1,28.00,356,55),(1077,1,1,1,8.00,356,58),(1078,1,1,1,8.00,356,65),(1079,1,0,0,19.00,356,70),(1080,1,0,0,19.00,356,71),(1081,1,0,0,19.00,356,74),(1082,1,0,0,19.00,356,75),(1083,1,0,0,19.00,356,76),(1084,1,1,0,425.00,357,1),(1085,1,1,1,198.00,358,8),(1086,1,1,1,38.00,359,18),(1087,1,1,1,12.00,359,21),(1088,1,1,1,2.50,359,26),(1089,1,1,1,2.50,359,27),(1090,1,1,1,6.00,359,28),(1091,1,0,0,38.00,359,45),(1092,1,0,1,425.00,360,1),(1093,1,0,1,198.00,360,8),(1094,1,0,1,6.00,360,28),(1095,1,0,1,450.00,361,10),(1096,1,0,1,16.00,361,36),(1097,1,0,1,16.00,361,39),(1098,1,0,1,16.00,361,40),(1099,1,1,1,460.00,362,7),(1100,1,1,1,12.00,362,33),(1101,1,0,0,18.00,362,38),(1102,1,0,0,25.00,362,47),(1103,1,1,1,28.00,362,55),(1104,1,0,0,19.00,362,74),(1105,1,1,1,10.00,363,23),(1106,1,1,1,2.50,363,26),(1107,1,1,1,2.50,363,27),(1108,1,1,1,6.00,363,28),(1109,1,1,1,12.00,363,29),(1110,1,1,1,12.00,363,31),(1111,1,1,1,22.00,363,32),(1112,1,1,1,22.00,363,35),(1113,1,1,1,16.00,363,36),(1114,1,0,0,18.00,363,38),(1115,1,0,0,38.00,363,45),(1116,1,0,0,25.00,363,47),(1117,1,1,1,4.00,363,52),(1118,1,1,1,198.00,364,8),(1119,1,0,0,50.00,365,25),(1120,1,0,0,6.00,365,28),(1121,1,0,0,20.00,365,37),(1122,1,0,0,28.00,365,41),(1123,1,0,0,25.00,365,47),(1124,1,0,0,28.00,365,55),(1125,1,1,1,425.00,366,1),(1126,1,1,1,550.00,366,6),(1127,1,1,1,198.00,366,8),(1128,1,1,1,490.00,366,11),(1129,1,1,1,20.00,366,37),(1130,1,1,1,425.00,367,1),(1131,1,1,1,45.00,367,17),(1132,1,1,1,16.00,367,36),(1133,1,1,1,20.00,367,43),(1134,1,0,0,25.00,367,47),(1135,1,1,1,4.00,367,52),(1136,1,1,1,5.00,367,54),(1137,1,1,1,490.00,368,13),(1138,1,1,1,490.00,368,15),(1139,1,1,1,198.00,369,8),(1152,1,1,1,490.00,59,11),(1153,1,1,1,45.00,59,17),(1154,1,1,1,38.00,59,18),(1155,1,1,1,3.00,59,24),(1156,1,1,1,5.00,59,54),(1157,1,1,1,490.00,60,11),(1158,1,1,1,490.00,60,13),(1159,1,1,1,38.00,60,18),(1160,1,1,1,13.00,60,19),(1161,1,1,1,13.00,60,20),(1162,1,1,1,50.00,60,25),(1163,1,1,1,20.00,60,37),(1164,1,1,1,28.00,60,41),(1165,1,1,1,38.00,60,45),(1166,1,1,1,198.00,62,8),(1167,1,1,1,450.00,62,10),(1168,1,0,0,13.00,62,19),(1169,1,1,1,12.00,62,21),(1170,1,1,1,50.00,62,25),(1171,1,1,1,12.00,62,22),(1172,1,1,1,2.50,62,26),(1173,1,1,1,2.50,62,27),(1174,1,1,1,22.00,62,34),(1175,1,1,1,28.00,62,41),(1176,1,1,1,16.00,62,42),(1177,1,1,1,9.00,62,44),(1178,1,1,1,25.00,62,47),(1179,1,1,1,12.00,62,51),(1180,1,1,1,5.00,62,54),(1181,1,1,1,28.00,62,55),(1182,1,1,1,28.00,62,57),(1183,1,1,1,8.00,62,59),(1184,1,1,1,2.50,65,26),(1185,1,1,1,2.50,65,27),(1186,1,1,1,18.00,65,38),(1187,1,1,1,16.00,65,39),(1188,1,1,1,16.00,65,40),(1189,1,1,1,15.00,65,50),(1190,1,1,1,5.00,65,54),(1191,1,1,1,160.00,70,9),(1192,1,1,1,16.00,70,36),(1193,1,1,1,16.00,70,39),(1194,1,1,1,16.00,70,40),(1195,1,1,1,20.00,70,43),(1196,1,1,1,13.00,105,20),(1197,1,1,1,2.50,105,26),(1198,1,1,1,2.50,105,27),(1199,1,1,1,12.00,105,33),(1200,1,1,1,22.00,105,35),(1201,1,1,1,16.00,105,36),(1202,1,1,1,16.00,105,39),(1203,1,1,1,16.00,105,42),(1204,1,1,1,20.00,105,43),(1205,1,1,1,25.00,105,47),(1206,1,1,1,16.00,105,49),(1207,1,1,1,5.00,105,54),(1208,1,1,1,19.00,105,68),(1209,1,1,1,19.00,105,69),(1210,1,1,1,16.00,106,36),(1211,1,1,1,16.00,106,39),(1212,1,1,1,198.00,107,8),(1213,1,1,1,450.00,107,10),(1214,1,1,1,490.00,107,11),(1215,1,1,1,45.00,107,17),(1216,1,1,1,38.00,107,18),(1217,1,1,1,3.00,107,24),(1218,1,1,1,12.00,107,29),(1219,1,1,1,12.00,107,30),(1220,1,1,1,38.00,107,45),(1221,1,1,1,10.00,111,23),(1222,1,1,1,22.00,111,35),(1223,1,1,1,18.00,111,38),(1224,1,1,1,5.00,111,54),(1225,1,1,1,19.00,111,69),(1226,1,1,1,19.00,111,74),(1227,1,1,1,19.00,111,75),(1228,1,1,1,25.00,112,47),(1229,1,1,1,28.00,112,55),(1230,1,1,1,38.00,115,18),(1231,1,1,1,38.00,119,18),(1232,1,1,1,13.00,119,19),(1233,1,1,1,13.00,119,20),(1234,1,1,1,12.00,119,21),(1235,1,1,1,12.00,119,22),(1236,1,1,1,3.00,119,24),(1237,1,1,1,2.50,119,26),(1238,1,1,1,2.50,119,27),(1239,1,1,1,6.00,119,28),(1240,1,1,1,22.00,119,35),(1241,1,1,1,16.00,119,36),(1242,1,1,1,18.00,119,38),(1243,1,1,1,16.00,119,39),(1244,1,1,1,25.00,119,47),(1245,1,1,1,4.00,119,52),(1246,1,1,1,8.00,119,53),(1247,1,1,1,5.00,119,54),(1248,1,1,1,28.00,119,55),(1249,1,1,1,490.00,120,15),(1250,1,1,1,13.00,120,19),(1251,1,1,1,13.00,120,20),(1252,1,1,1,16.00,120,36),(1253,1,1,1,20.00,120,37),(1254,1,1,1,38.00,120,45),(1255,1,1,1,11.00,120,66),(1256,1,1,1,38.00,161,18),(1257,1,1,1,13.00,161,19),(1258,1,1,1,13.00,161,20),(1259,1,1,1,22.00,164,35),(1260,1,1,1,12.00,164,33),(1261,1,0,1,460.00,210,7),(1262,1,1,1,198.00,213,8),(1263,1,0,1,425.00,253,1),(1302,1,0,1,450.00,257,10),(1303,0,0,0,10.00,257,23),(1304,1,0,1,490.00,257,11),(1305,1,0,1,490.00,257,13),(1306,1,0,1,490.00,257,15),(1307,1,0,1,38.00,257,18),(1308,1,1,1,2.50,264,27),(1309,1,0,0,18.00,264,38),(1310,1,0,0,38.00,264,45),(1311,1,0,0,25.00,264,47),(1312,1,1,1,19.00,264,68),(1313,1,1,1,19.00,264,69),(1314,1,1,1,19.00,264,70),(1315,1,1,1,19.00,264,71),(1316,1,1,1,19.00,264,72),(1317,1,1,1,19.00,264,73),(1318,1,1,1,19.00,264,74),(1319,1,0,0,19.00,264,75),(1320,1,1,1,19.00,264,76),(1321,1,1,1,19.00,264,77),(1352,1,1,1,425.00,402,1),(1353,1,1,1,45.00,402,17),(1354,2,2,2,10.00,402,23),(1355,1,1,1,6.00,402,28),(1356,1,1,1,9.00,402,44),(1357,2,0,0,38.00,402,45),(1358,1,0,0,25.00,402,47),(1359,1,1,1,16.00,402,48),(1360,1,1,1,425.00,403,1),(1361,1,1,1,20.00,403,43),(1362,1,0,0,38.00,403,45),(1363,1,1,1,198.00,404,8),(1364,1,1,1,13.00,404,20),(1365,1,1,1,10.00,404,23),(1366,1,1,1,3.00,404,24),(1367,1,0,0,50.00,404,25),(1368,1,1,1,2.50,404,26),(1369,1,1,1,2.50,404,27),(1370,1,1,1,22.00,404,34),(1371,1,1,1,28.00,404,41),(1372,1,1,1,20.00,404,43),(1373,1,1,1,9.00,404,44),(1374,1,1,1,16.00,404,48),(1375,1,0,1,425.00,405,1),(1376,1,0,1,550.00,405,6),(1377,1,0,0,18.00,405,38),(1378,1,1,1,160.00,406,9),(1379,1,1,1,22.00,406,35),(1380,1,1,1,460.00,407,7),(1381,1,1,1,450.00,407,10),(1382,1,0,0,25.00,407,47),(1383,1,0,0,19.00,407,73),(1384,2,0,0,19.00,407,75),(1385,2,0,0,19.00,407,76),(1386,1,0,1,425.00,408,1),(1387,1,0,1,3.00,408,24),(1388,1,0,1,5.00,408,54),(1389,1,0,1,425.00,409,1),(1390,1,0,1,450.00,409,10),(1391,1,1,1,22.00,410,35),(1392,1,0,0,18.00,410,38),(1393,1,1,1,5.00,410,54),(1394,1,1,1,12.00,410,33),(1395,1,1,1,6.00,410,28),(1396,1,1,1,10.00,410,23),(1397,1,1,1,390.00,410,14),(1398,1,1,1,3.00,411,24),(1399,1,1,1,12.00,411,33),(1400,1,1,1,16.00,411,36),(1401,1,1,1,16.00,411,39),(1402,1,1,1,16.00,411,40),(1403,1,1,1,20.00,411,43),(1404,1,1,1,9.00,411,44),(1405,1,0,0,16.00,411,48),(1406,1,1,1,19.00,411,68),(1407,1,1,1,198.00,412,8),(1408,1,1,1,450.00,412,10),(1409,1,1,1,6.00,412,28),(1410,1,1,1,22.00,412,34),(1411,1,1,1,8.00,412,58),(1412,1,1,1,8.00,412,59),(1413,1,1,1,8.00,412,60),(1414,1,1,1,8.00,412,61),(1415,1,1,1,8.00,412,62),(1416,1,1,1,8.00,412,63),(1417,1,1,1,8.00,412,64),(1418,1,0,0,8.00,412,65),(1419,1,1,1,198.00,413,8),(1420,1,1,1,45.00,414,17),(1421,1,1,1,38.00,414,18),(1422,1,0,0,18.00,414,38),(1423,1,0,0,19.00,414,73),(1424,1,1,1,198.00,415,8),(1425,1,1,1,425.00,416,1),(1426,1,1,1,450.00,416,10),(1427,1,1,1,198.00,416,8),(1428,1,1,1,6.00,416,28),(1429,1,1,1,12.00,416,33),(1430,1,1,1,22.00,416,34),(1431,1,0,0,22.00,416,35),(1432,1,0,0,18.00,416,38),(1433,1,0,0,16.00,416,42),(1434,1,1,1,20.00,416,43),(1435,1,1,1,16.00,416,46),(1436,1,0,0,16.00,416,48),(1437,1,1,1,16.00,416,49),(1438,1,1,1,15.00,416,50),(1439,1,1,1,5.00,416,54),(1440,1,1,1,28.00,416,55),(1441,1,1,1,12.00,417,29),(1442,1,1,1,12.00,417,30),(1443,1,1,1,12.00,417,31),(1444,1,1,1,22.00,417,32),(1445,1,1,1,12.00,417,33),(1446,1,0,0,20.00,417,37),(1447,1,0,0,18.00,417,38),(1448,1,1,1,16.00,417,40),(1449,1,0,0,16.00,417,42),(1450,1,1,1,20.00,417,43),(1451,1,1,1,28.00,417,55),(1452,1,1,1,425.00,452,1),(1453,1,1,1,198.00,309,8),(1455,0,0,0,198.00,316,8),(1502,2,2,2,22.00,502,34),(1503,1,1,1,8.00,502,59),(1504,1,1,1,8.00,502,60),(1505,1,1,1,8.00,502,61),(1506,1,1,1,8.00,502,62),(1507,1,1,1,8.00,502,63),(1508,1,1,1,8.00,502,64),(1509,1,0,0,8.00,502,65),(1510,1,1,1,280.00,503,3),(1511,1,1,1,450.00,503,10),(1512,1,1,1,45.00,503,17),(1513,1,1,1,38.00,503,18),(1514,1,1,1,8.00,503,64),(1515,1,0,1,425.00,504,1),(1516,1,0,1,425.00,505,1),(1517,1,1,1,45.00,506,17),(1518,1,1,1,38.00,506,18),(1519,1,0,0,12.00,506,21),(1520,1,1,1,425.00,507,1),(1521,1,0,0,12.00,507,21),(1522,1,1,1,3.00,507,24),(1523,1,0,0,18.00,507,38),(1524,1,1,1,16.00,508,36),(1525,1,0,0,20.00,508,37),(1526,1,0,0,18.00,508,38),(1527,1,1,1,16.00,508,39),(1528,1,1,1,16.00,508,40),(1529,1,1,1,28.00,508,41),(1530,1,0,0,16.00,508,42),(1531,1,1,1,20.00,508,43),(1532,1,0,1,425.00,509,1),(1533,1,1,1,6.00,510,28),(1534,1,1,1,13.00,510,19),(1535,1,1,1,13.00,510,20),(1536,1,1,1,10.00,510,23),(1537,1,1,1,16.00,510,40),(1538,1,1,1,12.00,510,33),(1539,1,1,1,22.00,510,34),(1540,1,0,0,22.00,510,35),(1541,1,1,1,16.00,510,36),(1542,1,0,0,19.00,510,70),(1543,1,0,0,19.00,510,71),(1544,1,0,0,19.00,510,73),(1545,1,0,0,19.00,510,75),(1546,1,1,1,16.00,510,46),(1547,1,0,0,25.00,510,47),(1548,1,1,1,198.00,511,8),(1549,1,1,1,425.00,512,1),(1550,1,1,1,280.00,512,3),(1551,1,1,1,198.00,512,8),(1552,1,0,0,19.00,512,69),(1553,1,1,1,198.00,513,8),(1554,1,0,1,198.00,514,8),(1555,1,0,1,12.00,514,21),(1556,1,0,1,12.00,514,22),(1557,1,0,1,10.00,514,23),(1558,1,0,1,6.00,514,28),(1559,1,0,1,16.00,514,36),(1561,1,0,1,16.00,514,39),(1562,1,0,1,16.00,514,40),(1563,1,0,1,20.00,514,43),(1564,1,0,1,9.00,514,44),(1565,1,1,1,425.00,515,1),(1566,1,1,1,460.00,515,7),(1567,1,1,1,16.00,515,36),(1568,1,0,0,18.00,515,38),(1569,3,3,3,425.00,516,1),(1570,1,1,1,550.00,516,6),(1571,1,0,1,425.00,517,1),(1572,1,0,1,550.00,517,6),(1573,1,0,0,18.00,517,38),(1574,1,0,1,16.00,517,39),(1575,1,0,1,5.00,517,54),(1576,1,0,1,425.00,518,1),(1577,1,0,1,550.00,518,6),(1578,1,0,1,16.00,519,36),(1579,1,0,1,20.00,519,37),(1580,1,0,0,18.00,519,38),(1581,1,0,1,16.00,519,39),(1582,1,0,1,16.00,519,40),(1583,1,0,0,16.00,519,42),(1584,1,0,1,20.00,519,43),(1585,1,1,1,450.00,520,10),(1586,1,1,1,198.00,520,8),(1587,1,0,0,12.00,520,21),(1588,1,1,1,28.00,521,55),(1589,1,1,1,8.00,521,58),(1590,1,1,1,8.00,521,59),(1591,1,1,1,8.00,521,60),(1592,1,1,1,8.00,521,61),(1593,1,1,1,8.00,521,62),(1594,1,1,1,8.00,521,63),(1595,1,0,0,8.00,521,64),(1596,1,0,0,8.00,521,65),(1597,1,0,1,425.00,522,1),(1598,1,0,0,18.00,522,38),(1599,1,0,1,16.00,522,40),(1600,1,1,1,425.00,523,1),(1601,1,1,1,425.00,524,1),(1602,1,1,1,550.00,524,6),(1603,1,0,1,280.00,525,3),(1604,1,0,1,280.00,526,3),(1605,1,0,1,198.00,526,8),(1606,1,1,1,425.00,527,1),(1607,1,1,1,425.00,528,1),(1608,1,1,1,2.50,528,27),(1609,1,1,1,6.00,528,28),(1610,1,1,1,12.00,528,29),(1611,1,1,1,12.00,528,31),(1612,1,1,1,22.00,528,32),(1613,1,0,0,18.00,528,38),(1614,1,1,1,5.00,528,54),(1615,1,0,1,425.00,529,1),(1616,1,0,1,198.00,529,8),(1617,1,0,1,450.00,529,10),(1652,1,1,1,20.00,106,43),(1653,1,1,1,380.00,552,5),(1752,1,1,1,390.00,652,14),(1753,1,1,1,390.00,652,16),(1754,1,1,1,2.50,652,26),(1755,1,1,1,2.50,652,27),(1756,1,1,1,12.00,652,33),(1757,1,1,1,22.00,652,34),(1758,1,1,1,9.00,652,44),(1759,1,1,1,8.00,652,58),(1760,1,1,1,8.00,652,59),(1761,1,1,1,8.00,652,60),(1762,1,1,1,8.00,652,61),(1763,1,0,0,22.00,652,35),(1764,1,1,1,8.00,652,62),(1765,1,0,0,8.00,652,64),(1766,1,0,0,8.00,652,65),(1767,1,0,0,16.00,309,42),(1768,1,1,1,28.00,309,55),(1802,1,1,1,550.00,702,6),(1803,1,1,1,12.00,702,21),(1804,1,1,1,12.00,702,22),(1805,1,1,1,2.50,702,27),(1806,1,1,1,9.00,702,44),(1807,1,1,1,16.00,702,48),(1808,1,1,1,5.00,702,54),(1809,1,1,1,198.00,703,8),(1810,1,1,1,12.00,703,21),(1811,1,1,1,12.00,703,22),(1812,1,1,1,3.00,703,24),(1813,1,1,1,20.00,703,37),(1814,1,0,0,18.00,703,38),(1815,1,1,1,16.00,703,39),(1816,1,1,1,9.00,703,44),(1817,1,1,1,5.00,703,54),(1818,1,0,0,19.00,703,71),(1819,1,0,0,19.00,703,75),(1820,1,0,0,19.00,703,76),(1821,1,1,1,425.00,704,1),(1822,1,1,1,198.00,704,8),(1823,1,1,1,38.00,704,18),(1824,1,1,1,2.50,704,26),(1825,1,1,1,2.50,704,27),(1826,1,0,0,18.00,704,38),(1827,1,0,0,38.00,704,45),(1852,1,1,1,425.00,752,1),(1853,1,1,1,2.50,752,26),(1854,1,1,1,2.50,752,27),(1855,1,1,1,28.00,752,41),(1856,1,1,1,5.00,752,54),(1857,1,1,1,425.00,753,1),(1858,1,1,1,20.00,753,37),(1859,1,0,0,18.00,753,38),(1860,1,1,1,16.00,753,39),(1861,1,0,1,450.00,754,10),(1862,1,0,1,490.00,754,13),(1863,1,0,1,490.00,754,15),(1864,1,1,1,425.00,755,1),(1865,1,1,1,425.00,756,1),(1902,1,1,1,425.00,802,1),(1903,1,0,0,425.00,803,1),(1904,1,0,0,550.00,803,6),(1905,1,0,0,18.00,803,38),(1906,1,0,0,16.00,803,39),(1907,1,0,0,5.00,803,54),(1908,1,1,1,198.00,804,8),(1909,1,1,1,450.00,804,10),(1910,1,1,1,9.00,804,44),(1911,2,2,2,425.00,805,1),(1912,1,1,1,450.00,805,10),(1913,1,1,1,6.00,805,28),(1914,1,0,1,425.00,806,1),(1915,1,0,1,20.00,806,37),(1916,1,0,1,16.00,806,36),(1917,1,1,1,425.00,807,1),(1952,1,0,0,18.00,514,38),(2002,1,0,0,50.00,364,25),(2003,1,1,1,6.00,364,28),(2004,1,1,1,20.00,364,37),(2005,1,1,1,28.00,364,41),(2006,1,0,0,25.00,364,47),(2007,1,1,1,28.00,364,55),(2052,1,1,1,45.00,852,17),(2053,1,1,1,38.00,852,18),(2054,1,1,1,12.00,852,33),(2055,1,0,0,38.00,852,45);
/*!40000 ALTER TABLE `gsm_order_item` ENABLE KEYS */;
UNLOCK TABLES;

--
-- Table structure for table `gsm_product`
--

DROP TABLE IF EXISTS `gsm_product`;
/*!40101 SET @saved_cs_client     = @@character_set_client */;
/*!40101 SET character_set_client = utf8 */;
CREATE TABLE `gsm_product` (
  `obj_id` bigint(20) NOT NULL,
  `net_weight` decimal(10,2) DEFAULT NULL,
  `category` varchar(20) DEFAULT NULL,
  `image_path` varchar(200) DEFAULT NULL,
  `name` varchar(100) DEFAULT NULL,
  `ref_unit_price` decimal(10,2) DEFAULT NULL,
  `code` varchar(50) DEFAULT NULL,
  `obj_version` decimal(10,0) DEFAULT NULL,
  PRIMARY KEY (`obj_id`),
  UNIQUE KEY `uk_code` (`code`)
) ENGINE=InnoDB DEFAULT CHARSET=utf8;
/*!40101 SET character_set_client = @saved_cs_client */;

--
-- Dumping data for table `gsm_product`
--

LOCK TABLES `gsm_product` WRITE;
/*!40000 ALTER TABLE `gsm_product` DISABLE KEYS */;
INSERT INTO `gsm_product` VALUES (1,3.20,'BOOK',NULL,'phonics kids 台湾正版 1-6册全套',425.00,'101',1),(2,1.50,'BOOK',NULL,'Phonics kids 台湾正版 1-3册全套',210.00,'102',1),(3,1.70,'BOOK',NULL,'Phonics kids 台湾正版 4-6册全套',280.00,'103',1),(4,1.60,'BOOK',NULL,'Phonics kids 4-6 精装版套装',280.00,'104',1),(5,2.55,'BOOK',NULL,'Phonics kids 2-6 精装版套装',380.00,'105',1),(6,3.40,'BOOK',NULL,'Love English 8级别 大全套',550.00,'106',1),(7,2.60,'BOOK',NULL,'Love English 6级别 小全套',460.00,'107',1),(8,2.00,'BOOK',NULL,'Super Phonics 1-3 全套（6书8CD）',198.00,'108',1),(9,1.40,'BOOK',NULL,'Super Phonics 2-3 级别(4书6CD）',160.00,'109',1),(10,2.60,'BOOK',NULL,'东西Sight words 平装全10册',450.00,'110',1),(11,1.26,'BOOK',NULL,'SOE GK 套装（学生用书+练习册+测评题）',490.00,'111',1),(12,0.66,'BOOK',NULL,'SOE GK 主课本（一本学生用书）',390.00,'112',1),(13,1.70,'BOOK',NULL,'SOE G1套装（学生用书+练习册+测评题）',490.00,'113',1),(14,1.00,'BOOK',NULL,'SOE G1 主课本（一本学生用书）',390.00,'114',1),(15,1.70,'BOOK',NULL,'SOE G2套装（学生用书+练习册+测评题）',490.00,'115',1),(16,1.00,'BOOK',NULL,'SOE G2 主课本（一本学生用书）',390.00,'116',1),(17,0.54,'BOOK',NULL,'TFK Phonics字母书套装',45.00,'117',1),(18,0.36,'BOOK',NULL,'TFK Phonics 字母组合Word Family 套装 ',38.00,'118',1),(19,0.24,'BOOK',NULL,'TFK 科普阅读二年级五本装',13.00,'119',1),(20,0.24,'BOOK',NULL,'TFK 科普阅读三年级五本装',13.00,'120',1),(21,0.20,'BOOK',NULL,'Longman Primary Elect 1B - 香港小学英语书-朗文',12.00,'121',1),(22,0.24,'BOOK',NULL,'Longman Primary Elect 6B -  - 香港小学英语书-朗文',12.00,'122',1),(23,0.72,'BOOK',NULL,'My First Farmyard Tales 农场的故事(精装）',10.00,'11',1),(24,0.14,'BOOK',NULL,'Baby fun numbers 彩珠手提',3.00,'12',1),(25,2.42,'BOOK',NULL,'Think Tank 思考的坦克 – 趣味数学题目游戏卡 ',50.00,'13',1),(26,0.14,'BOOK',NULL,'马戏团立体书1 - Circus Ring Leader',2.50,'14',1),(27,0.14,'BOOK',NULL,'马戏团立体书2 - Circus Animal',2.50,'15',1),(28,0.16,'BOOK',NULL,'The booktime book of fantastic First Poem ',6.00,'16',1),(29,0.32,'BOOK',NULL,'超大! 幼儿园big book 1-《Days at the Beach》',12.00,'17',1),(30,0.20,'BOOK',NULL,'超大! 幼儿园big book 2-《Mrs Wishy-Washy\'s Tub》',12.00,'18',1),(31,0.32,'BOOK',NULL,'超大! 幼儿园big book 3-《What is this》',12.00,'19',1),(32,0.62,'BOOK',NULL,'超大！30*30 开本精装 《欧洲城堡游戏&故事书》 《Knights Castle》',22.00,'20',1),(33,0.12,'BOOK',NULL,'经典彩绘童话故事书精装本 The Adventure of Pinocchio  - 皮诺曹历险记',12.00,'21',1),(34,0.54,'BOOK',NULL,'精装欧洲神话故事 Great Irish Legends for children ',22.00,'22',1),(35,0.40,'BOOK',NULL,'经典绘图童话故事精装合集 A collection of fairy tales  ',22.00,'23',1),(36,0.42,'BOOK',NULL,'亚马逊五星绘本《Oliver Who Would Not Sleep》',16.00,'24',1),(37,0.42,'BOOK',NULL,'《Good Sports 》很棒的关于体育运动项目的绘本。',20.00,'25',1),(38,0.44,'BOOK',NULL,'小车迷的最爱 - 《I\'m a truck driver》',18.00,'26',1),(39,0.42,'BOOK',NULL,'亚马逊五星绘本 - 大嘴猴《Only In Dreams》',16.00,'27',1),(40,0.42,'BOOK',NULL,'《SkippyjonJones Big Bones》',16.00,'28',1),(41,0.44,'BOOK',NULL,'芭比公主换装游戏&故事绘本书 - 超值！\n《Giant Dress-up Doll Book》',28.00,'29',1),(42,0.34,'BOOK',NULL,'《Hanukkah!》-光明节绘本',16.00,'30',1),(43,0.42,'BOOK',NULL,'《The Very Fairy Princess》',20.00,'31',1),(44,0.14,'BOOK',NULL,'《My Vancouver Sketchbook》 温哥华环游记 韵律歌谣绘本',9.00,'32',1),(45,0.62,'BOOK',NULL,'《Monsters》 发音书，好玩的书，翻到哪一页，自动读哪一页，《怪物》',38.00,'33',1),(46,0.48,'BOOK',NULL,'《The Legends of sand Dollar》',16.00,'34',1),(47,0.58,'BOOK',NULL,'All around the farm - 关于农场的一切-科普读物',25.00,'35',1),(48,0.40,'BOOK',NULL,'《Nursery Rhymes》海绵软包童谣集',16.00,'36',1),(49,0.42,'BOOK',NULL,'《Hayfest》丰收节绘本',16.00,'37',1),(50,0.64,'BOOK',NULL,'《My Inner Child： A friend forever》',15.00,'38',1),(51,0.48,'BOOK',NULL,'《lynie An Inner Child》',12.00,'39',1),(52,0.10,'BOOK',NULL,'宝宝想象力训练 - 辛普森儿童卡通贴纸&涂色书 - 变黑白为彩色！',4.00,'40',1),(53,0.24,'BOOK',NULL,'美国儿童单词书 - 《Snooze》',8.00,'41',1),(54,0.16,'BOOK',NULL,'《I am just a fish》异形纸板故事绘本 ',5.00,'42',1),(55,1.50,'BOOK',NULL,'《Lonely Planet： A Year of Adventure》 环球四季旅游探险 - 著名小行星出版社纪念版 - 全彩色',28.00,'43',1),(56,1.50,'BOOK',NULL,'《Orgnisation Theory》 - 组织管理学第5版',28.00,'44',1),(57,1.50,'BOOK',NULL,'《Framework for learning and development》儿童学习与发展',28.00,'45',1),(58,0.16,'BOOK',NULL,'美国小学畅销科普原版书Upclose-Snakes',8.00,'46',1),(59,0.16,'BOOK',NULL,'美国小学畅销科普原版书Upclose-Pirates',8.00,'47',1),(60,0.16,'BOOK',NULL,'美国小学畅销科普原版书Upclose-Dinosaurs',8.00,'48',1),(61,0.16,'BOOK',NULL,'美国小学畅销科普原版书Upclose-T.Rex',8.00,'49',1),(62,0.16,'BOOK',NULL,'美国小学畅销科普原版书Upclose-Speed Machines',8.00,'50',1),(63,0.16,'BOOK',NULL,'美国小学畅销科普原版书Upclose-Dinosaurs',8.00,'51',1),(64,0.16,'BOOK',NULL,'美国小学畅销科普原版书Upclose-Monster Trucks',8.00,'52',1),(65,0.16,'BOOK',NULL,'美国小学畅销科普原版书Upclose-Space',8.00,'53',1),(66,0.22,'BOOK',NULL,'畅销中文漫画绘本 -虹猫蓝兔1 -蓝本',11.00,'54',1),(67,0.22,'BOOK',NULL,'畅销中文漫画绘本 -虹猫蓝兔1 -红本',11.00,'55',1),(68,1.20,'BOOK',NULL,'安徒生童话精装上下册套装',19.00,'56',1),(69,2.10,'BOOK',NULL,'《世界经典童话\n故事》',19.00,'57',1),(70,2.10,'BOOK',NULL,'《人类未解之谜》',19.00,'58',1),(71,2.10,'BOOK',NULL,'《中外文化常识》',19.00,'59',1),(72,2.10,'BOOK',NULL,'《世界之最》',19.00,'60',1),(73,2.10,'BOOK',NULL,'《动物世界大百科》',19.00,'61',1),(74,2.10,'BOOK',NULL,'《十万个为什么》',19.00,'62',1),(75,2.10,'BOOK',NULL,'《世界上下五千年》',19.00,'63',1),(76,2.10,'BOOK',NULL,'《中华上下五千年》',19.00,'64',1),(77,2.10,'BOOK',NULL,'《少年儿童大百科》',19.00,'65',1);
/*!40000 ALTER TABLE `gsm_product` ENABLE KEYS */;
UNLOCK TABLES;

--
-- Table structure for table `gsm_sequence`
--

DROP TABLE IF EXISTS `gsm_sequence`;
/*!40101 SET @saved_cs_client     = @@character_set_client */;
/*!40101 SET character_set_client = utf8 */;
CREATE TABLE `gsm_sequence` (
  `name` varchar(50) NOT NULL,
  `count` decimal(38,0) DEFAULT NULL,
  PRIMARY KEY (`name`)
) ENGINE=InnoDB DEFAULT CHARSET=utf8;
/*!40101 SET character_set_client = @saved_cs_client */;

--
-- Dumping data for table `gsm_sequence`
--

LOCK TABLES `gsm_sequence` WRITE;
/*!40000 ALTER TABLE `gsm_sequence` DISABLE KEYS */;
INSERT INTO `gsm_sequence` VALUES ('gsm_delivery',723),('gsm_delivery_item',1742),('gsm_group',50),('gsm_order',901),('gsm_order_item',2101),('gsm_product',100);
/*!40000 ALTER TABLE `gsm_sequence` ENABLE KEYS */;
UNLOCK TABLES;

--
-- Table structure for table `gsm_storage`
--

DROP TABLE IF EXISTS `gsm_storage`;
/*!40101 SET @saved_cs_client     = @@character_set_client */;
/*!40101 SET character_set_client = utf8 */;
CREATE TABLE `gsm_storage` (
  `product_id` bigint(20) NOT NULL,
  `count` decimal(5,0) DEFAULT NULL,
  PRIMARY KEY (`product_id`),
  CONSTRAINT `FK_gsm_storage_product_id` FOREIGN KEY (`product_id`) REFERENCES `gsm_product` (`obj_id`)
) ENGINE=InnoDB DEFAULT CHARSET=utf8;
/*!40101 SET character_set_client = @saved_cs_client */;

--
-- Dumping data for table `gsm_storage`
--

LOCK TABLES `gsm_storage` WRITE;
/*!40000 ALTER TABLE `gsm_storage` DISABLE KEYS */;
/*!40000 ALTER TABLE `gsm_storage` ENABLE KEYS */;
UNLOCK TABLES;
/*!40103 SET TIME_ZONE=@OLD_TIME_ZONE */;

/*!40101 SET SQL_MODE=@OLD_SQL_MODE */;
/*!40014 SET FOREIGN_KEY_CHECKS=@OLD_FOREIGN_KEY_CHECKS */;
/*!40014 SET UNIQUE_CHECKS=@OLD_UNIQUE_CHECKS */;
/*!40101 SET CHARACTER_SET_CLIENT=@OLD_CHARACTER_SET_CLIENT */;
/*!40101 SET CHARACTER_SET_RESULTS=@OLD_CHARACTER_SET_RESULTS */;
/*!40101 SET COLLATION_CONNECTION=@OLD_COLLATION_CONNECTION */;
/*!40111 SET SQL_NOTES=@OLD_SQL_NOTES */;

-- Dump completed on 2011-10-27  9:06:52
