insert into auc_user_system (user_id,system_name) values('cndebbie','ist');
INSERT INTO AUC_USER (user_id,version,enc_pass) values('Bella',1,'4QrcOUm6Wau+VuBX8g+IPg==');
insert into auc_user_system (user_id,system_name) values('Bella','ist'); 
INSERT INTO AUC_USER (user_id,version,enc_pass) values('丽丽',1,'d3u7eGmugZMkn4/30+Wa/g==');
insert into auc_user_system (user_id,system_name) values('丽丽','ist');

DROP TABLE IF EXISTS `ist_sequence`;
/*!40101 SET @saved_cs_client     = @@character_set_client */;
/*!40101 SET character_set_client = utf8 */;
CREATE TABLE `ist_sequence` (
  `name` varchar(50) NOT NULL,
  `count` decimal(38,0) DEFAULT NULL,
  PRIMARY KEY (`name`)
) ENGINE=InnoDB DEFAULT CHARSET=utf8;
/*!40101 SET character_set_client = @saved_cs_client */;

--
-- Dumping data for table `ist_sequence`
--

LOCK TABLES `ist_sequence` WRITE;
/*!40000 ALTER TABLE `ist_sequence` DISABLE KEYS */;
INSERT INTO `ist_sequence` VALUES ('isue_main','600'),('isue_track_log','600');
/*!40000 ALTER TABLE `ist_sequence` ENABLE KEYS */;
UNLOCK TABLES;


DROP TABLE IF EXISTS `ist_isue_main`;
/*!40101 SET @saved_cs_client     = @@character_set_client */;
/*!40101 SET character_set_client = utf8 */;
CREATE TABLE `ist_isue_main` (
  `obj_id` bigint(20) NOT NULL,
  `category` varchar(40) DEFAULT NULL,
  `create_time` datetime DEFAULT NULL,
  `status` varchar(40) DEFAULT NULL,
  `subject` varchar(100) DEFAULT NULL,
  `creator_id` varchar(10) DEFAULT NULL,
  `issue_time` datetime DEFAULT NULL,
  `severity` varchar(20) DEFAULT NULL,
  `customer` varchar(40) DEFAULT NULL,
  `contact` text,
  `obj_version` decimal(10,0) DEFAULT NULL,
  `desc_text` text,
  `follower_id` varchar(10) DEFAULT NULL,
  `solution_text` text,
  PRIMARY KEY (`obj_id`)
) ENGINE=InnoDB DEFAULT CHARSET=utf8;
/*!40101 SET character_set_client = @saved_cs_client */;

--
-- Dumping data for table `isue_main`
--

LOCK TABLES `ist_isue_main` WRITE;
/*!40000 ALTER TABLE `ist_isue_main` DISABLE KEYS */;
INSERT INTO `ist_isue_main` VALUES (1,'TC','2011-09-21 22:34:44','SOLVED','wangwenwin 上海欠pre-task 2A 2B ','cndebbie','2011-09-21 08:00:00',NULL,'wangwenwin','闵行区漕宝路1508弄124号601室,邮编201101  13122872116 王雯','2','已经发了两本2A 2B，还欠两本pre-task ','cndebbie',NULL),(2,'TC','2011-09-22 09:11:53','SOLVED','biyunlantian的 super phonics 错发第一册workbook cd ','cndebbie','2011-09-22 08:00:00',NULL,'biyunlantian','','2','biyunlantian (2011-09-22 03:02:59): \r\n \r\n 我在你这里定的SUPER PHONICS 第一册两本书里(PUPIL\'S BOOK & WORK BOOK)后面附的CD是同一张,都是PUPLI\'S BOOK, 请尽快补发WORK BOOK的CD给我.不然我无法使用WORK BOOK这册书.谢谢!\r\n','cndebbie',NULL),(3,'TC','2011-09-22 09:55:04','SOLVED','veronicae 发错了子卡 定3H 4 发成了2','cndebbie','2011-09-22 08:00:00',NULL,'veronicae','','2','veronicae-3H字卡通知 (09:53:37): \r\n \r\n 闪卡是第4册的\r\n \r\n veronicae-3H字卡通知 (09:53:47): \r\n \r\n 你们发了第二册给我\r\n','cndebbie',NULL),(4,'TC','2011-09-22 10:05:13','SOLVED','andy_alice 欠一本朗文的2A的pre-task ','cndebbie','2011-09-22 08:00:00',NULL,'andy_alice','15604591066','2','欠一本朗文的2A的pre-task  没有发','cndebbie',NULL),(6,'TC','2011-09-22 10:05:27','CLOSED','andy_alice 欠一本朗文的2A的pre-task ','cndebbie','2011-09-22 08:00:00',NULL,'andy_alice','15604591066','2','欠一本朗文的2A的pre-task  没有发','cndebbie',NULL),(8,'TC','2011-09-22 17:10:45','SOLVED','一帆风顺6168 少了一张 170 的发票','cndebbie','2011-09-22 08:00:00',NULL,'一帆风顺6168 ','13478106168 ','2','一帆风顺6168 \r\n抬头： \r\n\r\n中国医科大学   168 元 \r\n中国医科大学发育生物学教研室，沈阳市和平区北二马路92号，110001\r\n尚德淑 ，13478106168 \r\n\r\n时空穿梭邮递员 (17:08:18): \r\n发到这个地址　？　\r\n一帆风顺6168 (17:09:37): \r\n时空穿梭邮递员 (17:10:18): \r\n发到这个新地址？　\r\n时空穿梭邮递员 (17:10:27): \r\n收件人还是这个　　尚德淑 ，13478106168 ，　？　\r\n一帆风顺6168 (17:10:32): \r\n是　\r\n','cndebbie',NULL),(101,'TC','2011-09-23 21:43:27','SOLVED','attnly@sohu.com  付了押金，要yippee 的教师用书','cndebbie','2011-09-23 08:00:00',NULL,'attnly ','','2','付了押金，要yippee 的教师用书 ','丽丽',NULL),(102,'TC','2011-09-23 21:45:21','SOLVED','魅影lanlan 邱纪兰 13641619272 欠朗文的光盘','cndebbie','2011-09-23 08:00:00',NULL,'魅影lanlan','13641619272','2','欠朗文的光盘8张1A CD，2张1A ebook ，一张1B ebook ','cndebbie',NULL),(103,'TC','2011-09-23 22:25:10','SOLVED','dsbsj 补发票1240','cndebbie','2011-09-23 08:00:00',NULL,'dsbsj','','2','丽丽，要发票，发票抬头：浙幼师文澜幼儿园；价格1240元 ','cndebbie',NULL),(104,'TC','2011-09-26 12:16:39','SOLVED','lizzie_chen 发错了一个件，需要要回','cndebbie','2011-09-26 08:00:00',NULL,'lizzie_chen','15589920703','3','lizzie_chen \r\n时空穿梭邮递员 (11:30:57): \r\n这个人，我给他发错了一个件\r\n时空穿梭邮递员 (11:31:11): \r\n单号是 680137345672  中通，  9 月13号 发的。 ','cndebbie',NULL),(151,'TC','2011-09-27 19:11:44','SOLVED','xudongyao 丽丽店欠love level3 一套','cndebbie','2011-09-27 08:00:00',NULL,'丽丽店','','4','level 3 到货需要补发一套','cndebbie','又拍了书，一起发。'),(152,'TC','2011-09-27 19:16:22','CLOSED','cleanring_h  何杰明 少发了level1 和 level 3 的书','cndebbie','2011-09-27 08:00:00',NULL,'何杰明 ','13917502599','2','少发了level1 和 level 3 的书 ','cndebbie',NULL),(153,'TC','2011-09-27 19:18:57','SOLVED','xiaotuzi714 欠 getsmart 1 SE10本， workbook5本， green20 套 丽丽店','cndebbie','2011-09-27 08:00:00',NULL,'蔡爽','18943133358 ','3','xiaotuzi714 欠 getsmart 1 SE10本， workbook5本， green20 套 丽丽店','cndebbie',NULL),(154,'TC','2011-09-27 20:52:16','SOLVED','dengqianyi8888  要开发票 1950元，抬头：虎门中心小学','cndebbie','2011-09-27 08:00:00',NULL,'dengqianyi8888','','3','dengqianyi8888  要开发票 1950元，抬头：虎门中心小学','cndebbie',NULL),(155,'TC','2011-09-28 15:50:39','SOLVED','wangxiao_wlx','丽丽','2011-09-28 08:00:00',NULL,'wangxiao_wlx','','2','wangxiao_wlx，补pk 1A光盘','cndebbie',NULL),(156,'TC','2011-09-28 15:53:15','SOLVED','xudongyao 补发love english 3 注：6号再补','丽丽','2011-09-28 08:00:00',NULL,'丽丽店','','2','xudongyao 补发love english 3 注：6号再补','cndebbie',NULL),(157,'TC','2011-09-28 15:57:04','SOLVED','bbgagls 要发票 金额：780元，','丽丽','2011-09-28 08:00:00',NULL,'丽丽店','','3','发票内容：书，金额：780元，抬头：个人。书和发票一起发','cndebbie','发票不要了。 '),(158,'TC','2011-09-28 15:59:49','SOLVED','晴子伊一7115 发票：1252元','丽丽','2011-09-28 08:00:00',NULL,'时空店','','2','super phonics全套+3H，1-6年级学生套装全套，要张书的清单，总价1252元。也要发票，发票抬头：文海小学；书和发票开好一起发。','cndebbie',NULL),(159,'TC','2011-09-28 21:35:42','SOLVED','逗逗熊amy 发票1058元','丽丽','2011-09-28 08:00:00',NULL,'丽丽店','','2','发票价格：1058元，抬头：文海小学\r\n书和发票一起发','cndebbie',NULL),(160,'TC','2011-09-28 22:25:07','SOLVED','gi00488 补发票100元','丽丽','2011-09-28 08:00:00',NULL,'丽丽店','','4','抬头就是写“常平镇金美小学”，寄是寄桥梓小学的地址，\r\n补发票100元。','cndebbie','680137079157\r\n'),(161,'TC','2011-09-28 22:32:16','SOLVED','发邮箱 love english level 3的DVD','丽丽','2011-09-28 08:00:00',NULL,'iice_dw128 ','','2','love english level 3的DVD是吧\r\n  \r\n ice-cream2008@163.com\r\n','cndebbie',NULL),(162,'TC','2011-09-29 20:09:30','SOLVED','cleanring_h 丽丽店 少发了Superphoncis 2 和  3 ','cndebbie','2011-09-29 08:00:00',NULL,'cleanring_h','何洁明 ','2','何洁明  cleanring_h 少发了 少发了Superphoncis 2 和  3 ，国庆节后补发，一共4本 ','cndebbie',NULL),(163,'TC','2011-09-29 20:12:17','SOLVED','dannytexas 补发SOE4年级的 测评题教师手册','cndebbie','2011-09-29 08:00:00',NULL,'dannytexas','Ted(泰德) 13685626404','2','安徽 铜陵 美国简乐英语 义安北路 凯旋宫 5楼 514室 ','cndebbie',NULL),(164,'TC','2011-09-29 20:14:33','SOLVED','山东菏泽，欠elementary 的练习册4本 ','cndebbie','2011-09-29 08:00:00',NULL,'陶老师','','2','traveller elementary 欠4本练习册 ','cndebbie',NULL),(165,'TC','2011-09-29 20:21:26','SOLVED','德加的两张东莞小学发票 2320 + 1200 元','cndebbie','2011-09-29 08:00:00',NULL,'德佳521','黎业郁 18925528246','2','3套phonics kids +教具组，\r\n写发票名称为：东莞市石排镇中心小学 英语教研教材，金额是2320元 \r\n2套phonics kids 发票名称为：东莞市石排镇石岗小学 英语教研教材，金额是1200元。\r\n\r\n3套phonics kids +1套supe   rphonics不要发票','cndebbie',NULL),(201,'TC','2011-09-29 20:38:40','SOLVED','毛踢脚 时空店 补发一本4A 和一本 love english level3 ','cndebbie','2011-09-29 08:00:00',NULL,'毛踢脚','丁高云 ','3','国庆后补发 ','cndebbie',NULL),(251,'TC','2011-09-30 19:53:29','SOLVED','东莞丁丁1 发票1050元','丽丽','2011-09-30 08:00:00',NULL,'丽丽店','','2','要发票，发票开1050元，抬头：东莞市道滘镇南城小学节后书和发票一起发','cndebbie',NULL),(252,'TC','2011-10-01 08:49:28','SOLVED','尘埃落定20102010 发票262元','丽丽','2011-10-01 08:00:00',NULL,'丽丽店','','2','要发票，发票抬头：上虞市盖北镇小；价格：262元；内容：教材。','cndebbie',NULL),(253,'TC','2011-10-02 17:24:03','SOLVED','3A，听力练习册CD传邮箱','丽丽','2011-10-02 08:00:00',NULL,'cndebbie店','','2','triomotion@163.com\r\n这个是今天发3A听力练习册CD的','cndebbie',NULL),(254,'TC','2011-10-02 17:29:25','SOLVED','翘翘的天空，发邮箱','丽丽','2011-10-02 08:00:00',NULL,'时空店','','2','yippee红色的电子版请今天发邮箱\r\n急，QQ：942960868','cndebbie',NULL),(255,'TC','2011-10-05 19:05:09','SOLVED','seasonpeng1 补PK 6A的DVD一张','丽丽','2011-10-05 08:00:00',NULL,'丽丽店','','2','读不出，请6号尽快补发。','cndebbie',NULL),(256,'TC','2011-10-05 20:48:28','SOLVED','sisifish24 发wte 1A，听力练习册CD一张','丽丽','2011-10-05 08:00:00',NULL,'丽丽店','','4','sisifish24 发wte 1A，听力练习册CD一张','cndebbie','已经补发'),(257,'TC','2011-10-06 15:31:54','SOLVED','盛开的水89 补发wte 2本1A，两本1B(包括ebook)','丽丽','2011-10-06 08:00:00',NULL,'丽丽店','','3','盛开的水89 补发wte 2本1A，两本1B(包括ebook)','cndebbie',NULL),(258,'TC','2011-10-08 10:36:15','SOLVED','圣经的囚徒','丽丽','2011-10-08 08:00:00',NULL,'丽丽店','','2','补精装box的教师用书。','cndebbie',NULL),(259,'TC','2011-10-08 17:36:44','SOLVED','hcz0311 需要2000 元发票 广东省东莞市虎门镇红旗小学','cndebbie','2011-10-08 08:00:00',NULL,'时空店','','3','hcz0311 (17:31:35): \r\n发票抬头：广东省东莞市虎门镇红旗小学\r\nhcz0311 (17:32:32): \r\n2000的发票哦   图书教材\r\n','cndebbie','680141051972'),(260,'TC','2011-10-09 12:51:47','SOLVED','sunny232928 ','丽丽','2011-10-09 08:00:00',NULL,'丽丽店','','4','sunny232928 补发wte 3B.','cndebbie',' 中通 6126339830\r\n'),(261,'TC','2011-10-09 13:35:38','SOLVED','20070803阳阳 补发love 3','丽丽','2011-10-09 08:00:00',NULL,'时空店','','2','20070803阳阳 补发love 3\r\n今天一定发。','cndebbie',NULL),(262,'TC','2011-10-09 13:35:40','CLOSED','20070803阳阳 补发love 3','丽丽','2011-10-09 08:00:00',NULL,'时空店','','2','20070803阳阳 补发love 3\r\n今天一定发。','cndebbie',NULL),(301,'TC','2011-10-09 20:41:45','SOLVED','yinkunma 预定Benchmark EarlyReader','丽丽','2011-10-09 08:00:00',NULL,'时空店','','2','Benchmark EarlyReader ','cndebbie',NULL),(302,'TC','2011-10-09 21:53:36','SOLVED','流星雨又来临25 欠客户一本love 1教师用书','cndebbie','2011-10-09 08:00:00',NULL,'陈瑶 cndebbie 店 ','13901144476 ','3','010-51528276 到货后补发。 ','cndebbie','是全峰快递 '),(303,'TC','2011-10-09 21:56:38','SOLVED','眉yoyo 补发：love 1教师用书','丽丽','2011-10-09 08:00:00',NULL,'丽丽店','','2','台湾东西幼儿英语love english 教师用书 Level 1 第一册正版','cndebbie',NULL),(304,'TC','2011-10-09 23:29:46','SOLVED','xiaotuzi714 丽丽店 欠yippee green fun book 20套','cndebbie','2011-10-09 08:00:00',NULL,'丽丽店','','2','xiaotuzi714 丽丽店 欠yippee green fun book 20套','cndebbie',NULL),(305,'TC','2011-10-09 23:30:36','SOLVED','江苏南京 孙先生  补发朗文6A grammar 的答案','cndebbie','2011-10-09 08:00:00',NULL,'孙先生','','2','江苏南京 孙先生  补发朗文6A grammar 的答案 ','cndebbie',NULL),(306,'TC','2011-10-10 13:51:39','SOLVED','gi00488 发票100元 抬头：常平镇金美小学','丽丽','2011-10-10 08:00:00',NULL,'丽丽店','','4','抬头：常平镇金美小学\r\n还是补一张手写的好了','cndebbie','680137079157\r\n'),(307,'TC','2011-10-10 13:52:38','SOLVED','gaogao_wang 发邮箱，wte 1B CD','丽丽','2011-10-10 08:00:00',NULL,'丽丽','','2','1143814156@qq.com\r\n','cndebbie',NULL),(308,'TC','2011-10-10 16:36:49','EXPIRED','yangemama 要发票，抬头：中国气象科学研究院；价格400元','丽丽','2011-10-10 08:00:00',NULL,'cndebbie店','','2','要发票，内容：书；抬头：中国气象科学研究院；价格400元。然后在后面附个A4纸写上：购物明细：牛津词典。然后在A4纸上盖个财务章就行了','cndebbie',NULL),(309,'TC','2011-10-10 21:19:45','SOLVED','x86mmx266 要发票，发票金额1534元，抬头：东莞市虎门外语学校 ','丽丽','2011-10-10 08:00:00',NULL,'丽丽店','','2','要发票，发票金额1534元，抬头：东莞市虎门外语学校 \r\n','cndebbie',NULL),(310,'TC','2011-10-11 00:28:21','SOLVED','christine_xie22 欠 《和小小孩说英文一套》','cndebbie','2011-10-10 08:00:00',NULL,'cndebbie','到货后补发','3','到货后补发，pk1-3 已经发货，还欠小小孩。 ','cndebbie',NULL),(311,'TC','2011-10-11 14:55:33','CLOSED','kenshin2046 两张发票','丽丽','2011-10-11 08:00:00',NULL,'时空店','','2','发票抬头：上海海事大学；内容：书；金额1200\r\n发票抬头：上海海事大学；内容：书；金额700\r\n一共两张。','cndebbie',NULL),(312,'TC','2011-10-12 16:25:27','CLOSED','银行汇款，发票和碟片补发','丽丽','2011-10-12 08:00:00',NULL,'银行','','2','地址：天津市和平区云南路清华园E座302\r\n姓名：刘昕\r\n电话：15900399604\r\n开票抬头：天津立林石油机械有限公司\r\n开票内容：书；开票价格：6万\r\n wte,3-6年级少课本CD，听力练习册CD，一共16张；soe少三年级CD，2张。一共少18张CD，是吧\r\n','cndebbie',NULL),(313,'TC','2011-10-12 16:31:25','SOLVED','fguard ','丽丽','2011-10-12 08:00:00',NULL,'时空店','','2','时空穿梭邮递员 (16:34:15): \r\n \r\n 你明天再下载把\r\n \r\n fguard (16:34:24): \r\n \r\n 7199899@QQ.com\r\n \r\n fguard (16:34:28): \r\n \r\n 谢谢\r\n','cndebbie',NULL),(314,'TC','2011-10-12 20:51:04','SOLVED','滴眼药水 丽丽店，少发了8张2B 的CD刻录盘 ','cndebbie','2011-10-12 08:00:00',NULL,'丽丽','18757213320 ','2','沈峰 浙江 ','cndebbie',NULL),(315,'TC','2011-10-13 15:02:09','CLOSED','dfdavid 要发票','丽丽','2011-10-13 08:00:00',NULL,'时空店','','2','要机打发票，抬头：虎门镇东方小学；内容：书；价格：960元。\r\n','cndebbie',NULL),(316,'TC','2011-10-13 16:25:33','SOLVED','sisifish24 补发yippee红色的cdrom','丽丽','2011-10-13 08:00:00',NULL,'丽丽店','','2','补发yippee红色的cdrom','cndebbie',NULL),(317,'TC','2011-10-13 16:27:14','SOLVED','补wte电子版自学手册，','丽丽','2011-10-13 08:00:00',NULL,'丽丽店','','2','sisifish24@yahoo.com.cn\r\nwte学生手册 说有发文档我邮箱吗\r\n','cndebbie',NULL),(318,'TC','2011-10-13 17:07:28','SOLVED','发yippee报价单','丽丽','2011-10-13 08:00:00',NULL,'sisifish24@yahoo.com.cn ','','2','sisifish24 (17:05:58): \r\n \r\n 好的 \r\n \r\n sisifish24 (17:06:09): \r\n \r\n 那个教师用书原价是260吗\r\n \r\n sisifish24 (17:06:38): \r\n \r\n 我给你我的邮箱sisifish24@yahoo.com.cn \r\n \r\n 时空穿梭邮递员 (17:07:02): \r\n \r\n 　你把邮箱给丽丽　\r\n','cndebbie',NULL),(319,'TC','2011-10-13 19:36:51','CLOSED','lilyccb 欠pk4-6 一套','cndebbie','2011-10-13 08:00:00',NULL,'cndebbie 店 ','13401151885','4','欠一套pk4-6 平装未发 ','cndebbie','重新写子一个问题件。'),(320,'TC','2011-10-13 21:02:08','CLOSED','QQ: 董董 发样书yippee,getsmart','丽丽','2011-10-13 08:00:00',NULL,'QQ','','2','yippee \r\n和getsmart \r\n山东省青岛市经济技术开发区嘉陵江西路425号青岛滨海学院文理基础学院  董利收   266555 ','cndebbie',NULL),(321,'TC','2011-10-13 21:02:10','NEW','QQ: 董董 发样书yippee,getsmart','丽丽','2011-10-13 08:00:00',NULL,'QQ','','1','yippee \r\n和getsmart \r\n山东省青岛市经济技术开发区嘉陵江西路425号青岛滨海学院文理基础学院  董利收   266555 ','cndebbie',NULL),(322,'TC','2011-10-14 16:15:55','SOLVED','10 套yippee blue','丽丽','2011-10-14 08:00:00',NULL,'问题件','','2','希望英语莱芜中心  15:47:49\r\n地址是：山东省莱芜市大润发西邻 凯旋城商业街 希望英语 李荣华 13561715387   8518899　\r\n时空穿梭邮递员 (16:09:34): \r\n10 套yippee blue\r\n','cndebbie',NULL),(323,'TC','2011-10-14 20:46:57','CLOSED','海燕8007，要发票，抬头：东莞市望牛墩镇实验小学  价格：530元 内容：教材','丽丽','2011-10-14 08:00:00',NULL,'丽丽店','','2','抬头：东莞市望牛墩镇实验小学  价格：530元 内容：教材\r\n和PK下周三到货后一起发。急，请到货立刻发。','cndebbie',NULL),(324,'TC','2011-10-14 20:48:56','SOLVED','皮肤好2011,欠PK 4-6','丽丽','2011-10-14 08:00:00',NULL,'丽丽店','','2','补发PK 4-6，到货立刻发。','cndebbie',NULL),(325,'TC','2011-10-14 22:55:36','SOLVED','lilyzhang200508 补soe一二年级的正版CD','丽丽','2011-10-14 08:00:00',NULL,'丽丽店','','2','lilyzhang200508 补soe一二年级的正版CD','cndebbie',NULL),(326,'TC','2011-10-15 10:11:34','SOLVED',' karen218 退款。','丽丽','2011-10-15 08:00:00',NULL,'退支付宝','','3','karen218@163.com \r\n时空穿梭邮递员 (10:14:13): \r\n我会计算好，晚上给她退款','cndebbie',NULL),(327,'TC','2011-10-15 11:51:49','SOLVED','yinkunma 补pk1-6，精装可以，今天发。','丽丽','2011-10-15 08:00:00',NULL,'时空店','','2','yinkunma 补pk1-6，精装可以，今天发。','cndebbie',NULL),(328,'TC','2011-10-15 21:08:38','SOLVED','炅精灵 补sight words 3A，3B','丽丽','2011-10-15 08:00:00',NULL,'丽丽店','','2','炅精灵 补sight words 3A，3B\r\n请发快递。','cndebbie',NULL),(329,'TC','2011-10-15 21:42:23','SOLVED','滴眼药水， 补wte2B，CD，8张。','丽丽','2011-10-15 08:00:00',NULL,'丽丽店','','2','滴眼药水 (21:45:42): \r\n8张2B\r\n丽丽的冰客1103 (21:45:59): \r\n8张wte,2B CD','cndebbie',NULL),(351,'TC','2011-10-16 12:10:23','SOLVED','王有华520，补 3A 2本， 3B 一本','丽丽','2011-10-16 08:00:00',NULL,'cndebbie店','','3','缺 3A 2本， 3B 一本\r\ncathy 老师  12:03:37\r\n周二补发','cndebbie',NULL),(352,'TC','2011-10-17 14:00:58','SOLVED','寄一套中班的教师用书和一个手偶','丽丽','2011-10-17 08:00:00',NULL,'QQ','','2','寄一套中班的教师用书和一个手偶给我？\r\n还有美语的软盘一张\r\ncathy 老师  13:59:12\r\n　那你给我一个地址\r\nyuheng  13:59:40\r\n南京市建邺区河西大街93号书人幼儿园\r\nyuheng  14:00:57\r\n张老师收  电话：15366113559','cndebbie',NULL),(353,'TC','2011-10-17 17:15:38','SOLVED','发soe K软件部分','丽丽','2011-10-17 08:00:00',NULL,'cndebbie店','','2','a米宝宝 (2011-10-14 19:07:49): \r\njmcms@126.com','cndebbie',NULL),(354,'TC','2011-10-18 11:57:16','EXPIRED','孙跃勇 补wte 听力练习册和CD','丽丽','2011-10-18 08:00:00',NULL,'丽丽店','','2','不要再发中通了。','cndebbie',NULL),(355,'TC','2011-10-18 15:20:49','SOLVED','lilyccb 欠pk4-6 一套 +soe一年级刻录CD一张','丽丽','2011-10-18 08:00:00',NULL,'cndebbie店','','2','lilyccb 欠pk4-6 一套 +soe一年级刻录CD一张','cndebbie',NULL),(356,'TC','2011-10-18 16:45:34','SOLVED','发邮箱，phonics 教师用书942389461@qq.com','丽丽','2011-10-18 08:00:00',NULL,'cndebbie店','','2','942389461@qq.com\r\n','cndebbie',NULL),(357,'TC','2011-10-18 20:22:18','CLOSED','小玉玲 补love egnlish1-6,教师用书，box教师用书，love 1,律动操DVD。','丽丽','2011-10-18 08:00:00',NULL,'cndebbie店','','4','小玉玲 补love egnlish1-6,教师用书，box教师用书，love 1,律动操DVD。','cndebbie',NULL),(358,'TC','2011-10-19 11:08:11','SOLVED','诚信是金_001 美国幼儿园碟片发邮箱','丽丽','2011-10-19 08:00:00',NULL,'时空店','','2','诚信是金_001 (2011-10-19 09:55:04): \r\n在吗,你寄的美国幼儿园的碟没有办法安装\r\n时空穿梭邮递员:丽丽 (2011-10-19 10:32:41): \r\n亲，留个邮箱，直接发软件给您\r\n诚信是金_001 (11:08:02): \r\n42485220@qq.com\r\n','cndebbie',NULL),(359,'TC','2011-10-20 10:43:53','SOLVED','芬兰的冰人 开发票','丽丽','2011-10-20 08:00:00',NULL,'丽丽店','','2','要发票，台头为：乐清市卓越之家教育培训中心，价格：504；内容：教学用品；\r\n书和发票一起发，明天一定发。','cndebbie',NULL),(360,'TC','2011-10-20 10:48:56','SOLVED','meachell021 欠 lv 1 正版律动操 ，lv 1 教师用书，光盘盒子和袋子 ','丽丽','2011-10-20 08:00:00',NULL,'时空店','','3','欠 lv 1 正版律动操 ，lv 1 教师用书，光盘盒子和袋子 ','cndebbie',NULL),(361,'TC','2011-10-21 14:34:36','SOLVED','美丽安吉拉 开发票，请三天内发。','丽丽','2011-10-21 08:00:00',NULL,'丽丽店','','2','名头请写“沈阳信盟幼稚园”就可以了内容写：教学用品。价格，3410','cndebbie',NULL),(362,'TC','2011-10-23 15:58:09','SOLVED','黄敏在线寻宝 补love english第三册的练习册','丽丽','2011-10-23 08:00:00',NULL,'丽丽店','','3','发错了，发成第四册的练习册。发错的已退回。\r\n谢海双 ，13968919559 ， ，浙江省 温州市 乐清市 乐清市北白象镇象南西路157号 ，325603 ','cndebbie',NULL),(363,'TC','2011-10-25 14:07:33','SOLVED','骄阳有华','丽丽','2011-10-25 08:00:00',NULL,'丽丽店','','3','骄阳有华\r\ncndebbie (14:11:10): \r\n 应退love3 2本\r\ncndebbie (14:11:18): \r\n应补love4 2本  1707544195\r\ncndebbie (14:11:23): \r\n圆通单号\r\ncndebbie (14:11:26): \r\n等退货\r\n','cndebbie',NULL),(364,'TC','2011-10-26 10:40:16','SOLVED','huozhenyi  补发super phonics,请今天一定发货。','丽丽','2011-10-26 08:00:00',NULL,'cndebbie店','','2','补发super phonics,请今天一定发货。','cndebbie',NULL),(365,'TC','2011-10-26 16:58:32','SOLVED','逗逗熊amy  补发碟，欠了十多天了，请尽快。','丽丽','2011-10-26 08:00:00',NULL,'丽丽店','','2','3A 3B ebook 漏了，还有4A-6B的CD，没做好，就没来的及发，晚点给您补过去\r\n','cndebbie',NULL),(366,'TC','2011-10-26 20:45:23','EXPIRED','流星雨又来临25帮吉林 王小琛 拍到SOE 要补正版的4,5,6 CD','cndebbie','2011-10-26 08:00:00',NULL,'王小琛','13578760899','2','吉林省 长春市 绿园区 普阳街3333-B座 一汽-大众销售有限责任公司售后技术服务部索赔组 13578760899  王小琛 ','cndebbie',NULL),(367,'TC','2011-10-26 20:57:30','SOLVED','ebama 第55号 订单发重，要截回 100001982754','cndebbie','2011-10-26 08:00:00',NULL,'罗礼','北京 海淀区 北太平庄 54号 紫瑞嘉园 2-5-901 ','2',' 等退回 ','cndebbie',NULL),(368,'TC','2011-10-26 21:00:44','CLOSED','christysz 广东深圳 欠sing and read 第一级的正版光盘一张 ','cndebbie','2011-10-26 08:00:00',NULL,'cndebbie 店 ','15999622718 0755-25081952 杨芳 ','3','christysz 广东深圳 欠sing and read 第一级的正版光盘一张 ，要补发','cndebbie','解决'),(369,'TC','2011-10-26 21:09:30','SOLVED','yvonneukstar 欠Yippee Red， Blue funbook， 以及一些白板软件','cndebbie','2011-10-26 08:00:00',NULL,'cndebbie 店','','3','订单 丽丽，sight words（全套）， Super phonics（1-3级）+phonics box精装（不要教师用书，发电子版）, spotlight(K)+软件++练习册+测试题；Yippee(1-3册）+软件+练习册， get smart(1年级）+软件+教师用书+练习册发物流。 \r\n\r\n------\r\n欠欠Yippee Red， Blue funbook， 欠Get smart 1的软件，欠SOE的软件 ','cndebbie',NULL),(370,'TC','2011-10-26 23:36:11','CLOSED','huozhenyi 补发biuld up 的start 1B','丽丽','2011-10-26 08:00:00',NULL,'cndebbie店','','2','收到退的build up 1B和super phonics后再补发。','cndebbie',NULL),(371,'TC','2011-10-27 10:56:12','SOLVED','huozhenyi 补发start up phonics1B，补phonics box 里的光盘','丽丽','2011-10-27 08:00:00',NULL,'cndebbie店','','3','huozhenyi 补发start up phonics1B，补phonics box 里的光盘\r\n等收到退书后再发。','cndebbie',NULL),(372,'TC','2011-10-27 20:46:18','SOLVED','gracerachael 补：longman welcome to english1-5年级课本CD,','丽丽','2011-10-27 08:00:00',NULL,'cndebbie店','','2','补：longman welcome to english1-5年级课本CD,','cndebbie',NULL),(373,'TC','2011-10-28 09:27:36','SOLVED','merry5770 补发wte ebook, 1A 5张， 1B 5张，一共十张。','丽丽','2011-10-28 08:00:00',NULL,'丽丽店','','2','补发wte ebook, 1A 5张， 1B 5张，一共十张。','cndebbie',NULL),(374,'TC','2011-10-29 11:56:04','SOLVED','5999**8ping 一个深圳货到付款的件还差3A 3B的ebook没有发，请核实','cndebbie','2011-10-29 08:00:00',NULL,'5999**8ping','123','3','5999**8ping 一个深圳货到付款的件还差3A 3B的ebook没有发，请核实','cndebbie',NULL),(375,'TC','2011-10-30 19:42:49','SOLVED','kenshin2046 补1A教师用书，1A听力练习册，1A刻录ebook, CD,听力练习册CD','丽丽','2011-10-30 08:00:00',NULL,'时空店','','2','补1A教师用书，1A听力练习册，1A刻录ebook, CD,听力练习册CD\r\n','cndebbie',NULL),(376,'TC','2011-10-30 21:42:45','SOLVED','补发 love 1两套','丽丽','2011-10-30 08:00:00',NULL,'因为教师用书是复印的','','2','上海金山区朱泾公园路209号402室 陆游收 13301720727\r\n丽丽的冰客1103 (21:38:33): \r\nlove 1两套\r\n','cndebbie',NULL),(401,'TC','2011-11-02 22:50:55','SOLVED','littlehappy1126 补发pk4-6','丽丽','2011-11-02 08:00:00',NULL,'丽丽店','','2','littlehappy1126 补发pk4-6','cndebbie',NULL),(402,'TC','2011-11-03 02:10:58','SOLVED','小玉玲 补发Pk4-6 ','cndebbie','2011-11-02 08:00:00',NULL,'cndebbie店铺','13828861512','2','如题，需要补发pk4-6 。 ','cndebbie',NULL),(403,'TC','2011-11-03 14:16:05','SOLVED','pujiangbo 补发PK，2B','丽丽','2011-11-03 08:00:00',NULL,'pujiangbo 丽丽店','','2','pujiangbo 补发PK，2B','cndebbie',NULL),(404,'TC','2011-11-04 11:37:22','SOLVED','yuhengQQ 南京书人幼儿园  订书要发票  676+360','cndebbie','2011-11-04 08:00:00',NULL,'cndebbie店',' 南京书人幼儿园 ','3','  676+360  南京书人幼儿园 第二批订 一套红书  2本中班练习册 一共 360  也要开一张收据','cndebbie',NULL),(405,'TC','2011-11-04 12:47:47','SOLVED','王烨鸣 云南 欠SOE 学生用书一本 ','cndebbie','2011-11-04 08:00:00',NULL,'cndebbie店 ','13577306866','2',' 光盘等已经发出，还欠SOE 学生用书一本 ','cndebbie',NULL),(406,'TC','2011-11-04 20:50:59','SOLVED','zhaowawa75 ','丽丽','2011-11-04 08:00:00',NULL,'zhaowawa75 丽丽店','','3','发wte 1A的CD，ebook.','cndebbie',NULL),(407,'TC','2011-11-04 23:04:05','SOLVED','发super phonics 全套','丽丽','2011-11-04 08:00:00',NULL,'送人','','2','地址：黑龙江省哈尔滨市道外区南直路345号三单元201室  梁丽红 \r\n13115512266','cndebbie',NULL),(408,'TC','2011-11-05 20:08:00','SOLVED','张震育','丽丽','2011-11-05 08:00:00',NULL,'张震育 丽丽店','','2','东东终于收到了，但是听力的脚本怎么要我再发邮件索取吗？\r\n张震育-周二通知 (2011-11-05 13:45:16): \r\n那我用chinaszellen@163.com这个邮箱向“18064919@qq.com”吧\r\n','cndebbie',NULL),(409,'TC','2011-11-05 21:12:43','CLOSED','乐淘乐无穷 发票','丽丽','2011-11-05 08:00:00',NULL,'丽丽店','','2','要两张发票，发票抬头：上海工程技术大学，内容写书，开两张发票，一张750元，一张650 \r\n书和发票一起发。','cndebbie',NULL),(410,'TC','2011-11-07 11:11:14','CLOSED','mayzhang105 发票','丽丽','2011-11-07 08:00:00',NULL,'cndebbie店','','2','要发票，抬头：上海金宝贝科教服务有限公司徐汇分公司；金额43元。\r\n','cndebbie',NULL),(411,'TC','2011-11-07 15:05:41','EXPIRED','candy 发票','丽丽','2011-11-07 08:00:00',NULL,'candy','','3',' 需要  1950元\r\n抬头是台州市椒江区环球语言学校\r\n','cndebbie',NULL),(412,'TC','2011-11-07 16:26:35','CLOSED','vickylhq 发票','丽丽','2011-11-07 08:00:00',NULL,'丽丽店','','2','要发票，发票抬头：广东省东莞市长安镇乌沙小学发票价格：1080元。\r\n','cndebbie',NULL),(413,'TC','2011-11-09 15:24:33','CLOSED','forrestxing , 补发love english level 5配套的cd和dvd以及张纸上面有歌词什么的','丽丽','2011-11-09 08:00:00',NULL,'丽丽店','','2','补发love english level 5配套的cd和dvd以及张纸上面有歌词什么的\r\n','cndebbie',NULL),(414,'TC','2011-11-09 20:05:59','SOLVED','zjyuer ','cndebbie','2011-11-09 08:00:00',NULL,'时空店','','2','客户要求补发一张 SING AND READ 5  的  刻录光盘。 ','cndebbie',NULL),(415,'TC','2011-11-10 12:46:58','SOLVED','yvonneukstar','丽丽','2011-11-10 08:00:00',NULL,'cndebbie店','','2',' \r\n yvonneukstar (12:30:59): \r\n \r\n 还欠两本？不止吧，两本教师用书还有yippee\r\n  \r\n yvonneukstar (12:33:29): \r\n \r\n 还有SEOK  K的电子档的blackline 和asseeement 那个也没有发哦  \r\nyvonneukstar (12:38:58): \r\n \r\n 543602906\r\n','cndebbie',NULL),(416,'TC','2011-11-10 14:33:50','SOLVED','forrestxing , 补发love english 碟片','丽丽','2011-11-10 08:00:00',NULL,'丽丽店','','2','补发love english level 5配套的cd和dvd以及张纸上面有歌词什么的\r\n刻录love 2，love 3,love 5的DVD碟\r\n','cndebbie',NULL),(417,'TC','2011-11-10 20:56:41','SOLVED','angela1818181818 补Love starter 2一套','丽丽','2011-11-10 08:00:00',NULL,'丽丽店','','2','补love 托班2，\r\n任红亚 ，13185269725 ， ，浙江省 湖州市 安吉县 安吉递铺小学 ，330013','cndebbie',NULL),(451,'TC','2011-11-13 19:39:09','SOLVED','淡淡菊花香 ','丽丽','2011-11-13 08:00:00',NULL,'cndebbie店','','3','发票抬头：罗萨（北京）国际教育咨询有限公司；发票金额5000元三天左右到货一起发，和发票。\r\n \r\n 另yippee小班的全套，中班的练习册','cndebbie',NULL),(501,'TC','2011-11-14 13:37:47','SOLVED','sammy04 ','丽丽','2011-11-14 08:00:00',NULL,'cndebbie店','','3','补发　３Ｈ　１年级的学生用书包　和白板软件','cndebbie',NULL),(502,'TC','2011-11-17 17:09:54','SOLVED','yippee red白板软件','丽丽','2011-11-17 08:00:00',NULL,'QQ','','2','我们的地址是：\r\n济南市市中区鲁能领秀城统一银座三楼\r\n丁艳收\r\n联系电话15953131137\r\n发顺丰快递\r\n','cndebbie',NULL),(503,'TC','2011-11-17 22:35:43','SOLVED','预订 benchmark ealier 1A 22本 ','cndebbie','2011-11-17 08:00:00',NULL,'cndebbie 店铺','15958862200','2','yama_pp1008 (22:35:13): \r\n\r\n1A的书     15958862200\r\n\r\n潘亚敏 \r\n\r\n地址：浙江省 宁波市 象山县 丹城新华路186-4号B幢401室 \r\n','cndebbie',NULL),(504,'TC','2011-11-18 11:10:32','SOLVED','丽丽 starter 1，STARTER 2的DVD，发邮箱','丽丽','2011-11-18 08:00:00',NULL,'丽丽','','3','love starter 1，STARTER 2的DVD 上传后发丽丽邮箱。','cndebbie',NULL),(505,'TC','2011-11-18 11:52:15','SOLVED','xyw7108','丽丽','2011-11-18 08:00:00',NULL,'cndebbie店','','3','补发 yippee 红色打印闪卡\r\ncndebbie (11:51:03): \r\n退差价\r\n','cndebbie',NULL),(506,'TC','2011-11-18 11:54:35','SOLVED','tangchenyan1117 补发PK作3B，4套。','丽丽','2011-11-18 08:00:00',NULL,'丽丽店','','2','补发PK3B，4套。','cndebbie',NULL),(507,'TC','2011-11-20 10:16:50','SOLVED','dear_wdy 补发：love的starter 1，STARTER 2的DVD','丽丽','2011-11-20 08:00:00',NULL,'丽丽店','','3','请今天一定补','cndebbie',NULL),(508,'TC','2011-11-24 10:49:44','SOLVED','dyqxxin','丽丽','2011-11-24 08:00:00',NULL,'丽丽店','','2','退回2A的书，顺丰速运：512  637  750  802\r\n发wte,2B，3A，3B，4A，4B的ebook\r\n','cndebbie',NULL),(509,'TC','2011-11-26 14:23:41','WAIT_CUSTOMER','Jamie 借红色yippee 20本','cndebbie','2011-11-26 08:00:00',NULL,'Jamie','13801743002 ','2','12月中旬归还。\r\n\r\n长寿路478弄5号904室，徐志君13801743002\r\n','cndebbie',NULL),(510,'TC','2011-11-26 23:58:59','SOLVED','lulin978 补发赠品书','cndebbie','2011-11-26 08:00:00',NULL,'lulin978','haha部落','2','补发2本绘本，一本精装，一本平装的赠品书 ','cndebbie',NULL),(511,'TC','2011-11-27 21:13:32','CLOSED','小玉玲','丽丽','2011-11-27 08:00:00',NULL,'cndebbie店','','3','你还有一本自然拼读老师用书没有给我还有LOVE 的韵律操得DVD没有给我···\r\n','cndebbie','和新买的书一起发。'),(512,'TC','2011-11-28 12:15:56','SOLVED','fxqkjf 要和小小孩说英文 的点读书安装文件 ','cndebbie','2011-11-28 08:00:00',NULL,'cndebbie ',' fxqkjf@163.com','2','文件做好发到邮箱  fxqkjf@163.com \r\n\r\n ','cndebbie',NULL),(513,'TC','2011-11-28 12:47:46','SOLVED','xujing05@yahoo.com.cn 发WTE的1A -2B的点读笔安装和演示文件 ','cndebbie','2011-11-28 08:00:00',NULL,'yayama02-儿教','yayama02-儿教','2','yayama02-儿教 ','cndebbie',NULL),(514,'TC','2011-11-29 09:58:12','SOLVED','糊糊儿 ，补super phonics 第一册的练习册CD','丽丽','2011-11-29 08:00:00',NULL,'丽丽店','','2','补super phonics 第一册的练习册CD','cndebbie',NULL),(515,'TC','2011-11-29 14:33:04','SOLVED','lulu157388 补getsmart 1的练习册和CDrom软件','丽丽','2011-11-29 08:00:00',NULL,'丽丽店','','2','补getsmart 1的练习册和CDrom软件','cndebbie',NULL),(516,'TC','2011-11-29 18:04:44','SOLVED','vinnie628_1972 快递异常','丽丽','2011-11-29 08:00:00',NULL,'丽丽店','','2','韵达快运 \r\n运单号码：        1900094944047. \r\n原版儿童英语 17:54:37 \r\n上回发my pals，昨天签收异常 \r\n','cndebbie',NULL),(517,'TC','2011-11-29 20:56:35','SOLVED','小曼0123 欠一个玩偶','cndebbie','2011-11-29 08:00:00',NULL,'cndebbie 店铺 ','','2','Yippee 的玩偶 ','cndebbie',NULL),(518,'TC','2011-11-29 21:22:33','SOLVED','sheeplet 中通快递没有派送信息，单号680148773682','cndebbie','2011-11-29 08:00:00',NULL,'时空穿梭店 ','13261314688 ','3','11 月 23号发货 \r\n\r\n湖南省湘潭市韶山市湖南省韶山市韶山供水公司，411300，杨灿，   13261314688 \r\n','cndebbie',NULL),(519,'TC','2011-11-29 22:49:50','CLOSED','雷琪lq 补四张1A的ebook','丽丽','2011-11-29 08:00:00',NULL,'丽丽店','','3','补四张1A的ebook\r\n','cndebbie','人'),(520,'TC','2011-11-30 10:22:02','CLOSED','vivienjie 补super phonics 002','丽丽','2011-11-30 08:00:00',NULL,'cndebbie店','','2','vivienjie 补super phonics 002','cndebbie',NULL),(521,'TC','2011-11-30 19:05:38','EXPIRED','张晓庆 要定 赠送的的小阅读书，macmillan 的','cndebbie','2011-11-30 08:00:00',NULL,'张晓庆','张晓庆','2','张晓庆','cndebbie',NULL),(522,'TC','2011-11-30 19:06:45','SOLVED','Paula 货到付款 订书SOE 2799 ','cndebbie','2011-11-30 08:00:00',NULL,'Paula ＱＱ','1025623990　张静','3','Paula  QQ','cndebbie',NULL),(523,'TC','2011-12-01 00:15:12','SOLVED','sunlili751159 说少发了一套 super ','cndebbie','2011-11-30 08:00:00',NULL,'囡囡爱读书','囡囡爱读书','3','重量是6.1 ','cndebbie',NULL),(524,'TC','2011-12-01 13:57:05','SOLVED','toabaobao 发票内容：书；发票金额：10841元；抬头：新知堂','丽丽','2011-12-01 08:00:00',NULL,'cndebbie店','','3','发票内容：书；发票金额：10841元；抬头：新知堂\r\n','cndebbie',NULL),(525,'TC','2011-12-02 18:52:39','CLOSED','大头0216 补发：wte2B的学生书，1B的语法，2B的听力三本','丽丽','2011-12-02 08:00:00',NULL,'cndebbie店','','2','发错三本，退回补发。','cndebbie',NULL),(526,'TC','2011-12-02 19:51:17','SOLVED','大头0216 补发：wte2B的学生书，1B的语法，2B的听力一共三本；补3A和3B的听力练习册CD光碟','丽丽','2011-12-02 08:00:00',NULL,'cndebbie店','','3','我们补发：wte2B的学生书，1B的语法，2B的听力一共三本；补3A和3B的听力练习册CD光碟\r\n大头0216 (19:54:46): \r\n3A和3B 最好是分成两个碟片给我.\r\n大头0216 (19:54:53): \r\n我看单个的都没问题\r\n','cndebbie',NULL),(527,'TC','2011-12-02 20:01:19','SOLVED','yuxin_924 要发票，发票金额：4180；发票抬头：成都麦格希尔教育咨询有限公司；内容：办公用品。','丽丽','2011-12-02 08:00:00',NULL,'cndebbie店','','3','发票金额：4180；发票抬头：成都麦格希尔教育咨询有限公司；内容：办公用品。','cndebbie',NULL),(528,'TC','2011-12-05 11:09:23','CLOSED','lijyinglijyingli ','丽丽','2011-12-05 08:00:00',NULL,'cndebbie店','','2','就是把soe一年级退回来，然后换成美国原版少儿有声分级读物共6套和super phonic第三级\r\n','cndebbie',NULL),(529,'TC','2011-12-05 16:30:55','CLOSED','boeingly 补wte,5B，6A，6B的CD，今天一定发。','丽丽','2011-12-05 08:00:00',NULL,'丽丽店','','2','补wte,5B，6A，6B的CD','cndebbie',NULL),(530,'TC','2011-12-05 20:20:08','SOLVED','大头0216 补发：wte 4A综合练习册','丽丽','2011-12-05 08:00:00',NULL,'cndebbie店','','3','补发：wte 4A综合练习册\r\n然后配一个4A 听力CD给我\r\n','cndebbie',NULL),(551,'TC','2011-12-07 18:02:15','SOLVED','guozhen0411 ','丽丽','2011-12-07 08:00:00',NULL,'cndebbie店','','3','我们发soe 三年级，23套是吧\r\ncndebbie:丽丽 (18:01:25): \r\n发德帮物流，送货上门\r\n','cndebbie',NULL),(552,'TC','2011-12-07 22:09:04','SOLVED','小雍竹 要发票：发票金额：1070，发票抬头：东莞市中堂镇中心小学；发票内容：办公用品','丽丽','2011-12-07 08:00:00',NULL,'丽丽店','','2','要发票：发票金额：1070，发票抬头：东莞市中堂镇中心小学；发票内容：办公用品。书和发票一起发，三天左右发货','cndebbie',NULL),(553,'TC','2011-12-07 22:19:33','SOLVED','星期一的忧郁701 3H第一册class cd,补发21张','丽丽','2011-12-07 08:00:00',NULL,'丽丽店','','2','3H第一册class cd,补发21张','cndebbie',NULL),(554,'TC','2011-12-09 22:46:58','CLOSED','wong_acj 补My Pals are Here！English国际版2A 练习册','丽丽','2011-12-09 08:00:00',NULL,'cndebbie店','','2','My Pals are Here！English国际版2A 练习册','cndebbie',NULL),(555,'TC','2011-12-10 17:58:57','SOLVED','pymabb 发票，810元','丽丽','2011-12-10 08:00:00',NULL,'时空店','','3','地址改：深圳市福田区农园路和红荔路交界东海城市广场306B诺贝尔英语 彭小姐 13828824495 要发票，抬头：深圳市诺贝尔文化发展有限公司；价格：810元；内容:办公用品。','cndebbie',NULL),(556,'TC','2011-12-12 15:27:58','CLOSED','judyzhu_shanghai cndebbie店 发 请不要忘记点读的贴纸 - love 中班下的贴纸','cndebbie','2011-12-12 08:00:00',NULL,'cndebbie 店铺','上海','2','judyzhu_shanghai (15:26:50): \r\n13816138184@qq.com\r\njudyzhu_shanghai (15:27:01): \r\n这么安装也告诉我\r\ncndebbie (15:27:12): \r\n 好，晚上一起发到你邮箱','cndebbie',NULL),(557,'TC','2011-12-13 13:24:07','SOLVED','tengmama 补super phonics 第一册的workbook CD一张','丽丽','2011-12-13 08:00:00',NULL,'丽丽店','','2','super phonics 第一册的workbook CD一张\r\n','cndebbie',NULL),(558,'TC','2011-12-15 12:17:28','SOLVED','wing0071 补发soe 三年级的assessment book','丽丽','2011-12-15 08:00:00',NULL,'cndebbie店','','2','补发soe 三年级的assessment book\r\n地址：大连市西岗区长春路 星海尚城159号 大连爱贝语言培训学校\r\n王颖收\r\n电话13889526052\r\n邮政编码116000\r\n','cndebbie',NULL),(559,'TC','2011-12-15 22:12:17','CLOSED','澄净的心灵 补发soe 二年级学生用书','丽丽','2011-12-15 08:00:00',NULL,'丽丽店','','2','发错了，客户退五年级学生用书，我们发二年级。','cndebbie',NULL),(560,'TC','2011-12-15 23:22:18','SOLVED','andy_alice 送wte,3B。4A。4B的作业单','丽丽','2011-12-15 08:00:00',NULL,'时空店','','2','andy_alice 送wte,3B。4A。4B的作业单','cndebbie',NULL),(561,'TC','2011-12-15 23:31:50','SOLVED','张静 补发 Yippee 的软件 并 到付300 ','cndebbie','2011-12-15 08:00:00',NULL,'张静','深圳USK12 ','2','1.Red的Flashcard，2.SOE欠的一本小阅读。3.送的阅读书  4  yippee 三个级别的软件  ','cndebbie',NULL),(562,'TC','2011-12-16 11:15:43','SOLVED','湘云久久    传wte 2A的听力MP3','cndebbie','2011-12-16 08:00:00',NULL,'原有的MP3弄丢了','','2',' 把wte 2A的听力练习册MP3传到    f172180894@qq.com','cndebbie',NULL),(563,'TC','2011-12-17 19:09:57','SOLVED','zchjhxzxy 发super phonics 第一册学生书CD 请尽快发货。','丽丽','2011-12-17 08:00:00',NULL,'丽丽店','','2','zchjhxzxy 发super phonics 第一册学生书CD','cndebbie',NULL),(564,'TC','2011-12-18 14:27:43','NEW','69#+peagirlgu+412楼  补发一本眼睛会动的书。 ','cndebbie','2011-12-18 08:00:00',NULL,'团购的件 ','13671789101','1','69#+peagirlgu+412楼		全		680142559398 	717	1	2011.10.11 19:46	69#+peagirlgu+412楼	412	102.111.117.118.12.42	顾怡芳	上海市浦东新区博山东路553弄32号602室，顾怡芳，13671789101，200136   \r\n','cndebbie',NULL),(565,'TC','2011-12-19 13:58:11','SOLVED','小玉玲 ，cndebbie店，帮他补一张love 1的刻录律动操DVD','丽丽','2011-12-19 08:00:00',NULL,'cndebbie店','','2','小玉玲 ，cndebbie店，帮他补一张love 1的刻录律动操DVD','cndebbie',NULL),(566,'TC','2011-12-26 15:16:57','SOLVED','抹茶风月','丽丽','2011-12-26 08:00:00',NULL,'丽丽店','','2','补ｌｏｖｅ　ｓｔａｒｔｅｒ１　的教师用书一本；yippee的加密狗一个\r\n\r\n张国平 ，13773226996 ，0512-58709940 ，江苏省 苏州市 张家港市 张家港中兴西五节桥20号 张新废旧物资回收公司 ，215633 ','cndebbie',NULL),(567,'TC','2011-12-28 11:31:11','SOLVED','诚诚来 补love ,Starter1的DVD一张','丽丽','2011-12-28 08:00:00',NULL,'cndebbie店','','2','补love ,Starter1的DVD一张','cndebbie',NULL),(568,'TC','2011-12-29 11:27:42','SOLVED','65daigou 补发任我帖','丽丽','2011-12-29 08:00:00',NULL,'cndebbie店','','2','补发任我帖','cndebbie',NULL),(569,'TC','2011-12-29 19:32:27','SOLVED','小爱婆712 补love 1的3张CD，3张DVD（都要刻录的）','丽丽','2011-12-29 08:00:00',NULL,'cndebbie店','','2','补love 1的3张CD，3张DVD（都要刻录的）','cndebbie',NULL),(570,'TC','2012-01-05 10:02:10','NEW','448936559@qq.com  这个人 要 sing kids 白板软件试看片段','丽丽','2012-01-05 08:00:00',NULL,'cndebbie店','','1','448936559@qq.com  这个人 要 sing kids 白板软件试看片段\r\n','cndebbie',NULL),(571,'TC','2012-01-07 20:50:37','SOLVED','yyzsw 补一本wte 1A的学生书一本。','丽丽','2012-01-07 08:00:00',NULL,'丽丽店','','2','补一本wte 1A的学生书一本。','cndebbie',NULL),(572,'TC','2012-01-08 17:22:39','NEW','kycaaa 收到退的教师用书，发love level 2的闪卡','丽丽','2012-01-08 08:00:00',NULL,'丽丽店','','1','kycaaa 收到退的教师用书，发love level 2的闪卡','cndebbie',NULL);
/*!40000 ALTER TABLE `ist_isue_main` ENABLE KEYS */;
UNLOCK TABLES;

--
-- Table structure for table `isue_track_log`
--

DROP TABLE IF EXISTS `ist_isue_track_log`;
/*!40101 SET @saved_cs_client     = @@character_set_client */;
/*!40101 SET character_set_client = utf8 */;
CREATE TABLE `ist_isue_track_log` (
  `obj_id` bigint(20) NOT NULL,
  `assign_to` varchar(10) DEFAULT NULL,
  `log_time` datetime DEFAULT NULL,
  `desc_text` text,
  `input_by` varchar(10) DEFAULT NULL,
  `status_from` varchar(50) DEFAULT NULL,
  `assign_from` varchar(10) DEFAULT NULL,
  `status_to` varchar(50) DEFAULT NULL,
  `issue_id` bigint(20) DEFAULT NULL,
  PRIMARY KEY (`obj_id`),
  KEY `FK_isue_track_log_issue_id` (`issue_id`),
  CONSTRAINT `FK_isue_track_log_issue_id` FOREIGN KEY (`issue_id`) REFERENCES `ist_isue_main` (`obj_id`)
) ENGINE=InnoDB DEFAULT CHARSET=utf8;
/*!40101 SET character_set_client = @saved_cs_client */;

--
-- Dumping data for table `isue_track_log`
--

LOCK TABLES `ist_isue_track_log` WRITE;
/*!40000 ALTER TABLE `ist_isue_track_log` DISABLE KEYS */;
INSERT INTO `ist_isue_track_log` VALUES (1,'cndebbie','2011-09-22 10:07:37','提交错误','cndebbie','NEW','丽丽','CLOSED',6),(4,'cndebbie','2011-09-22 18:09:35',' 补发了快递，单号 680137079196\r\n上海 方小姐 13386177151','cndebbie','NEW','cndebbie','SOLVED',2),(51,'cndebbie','2011-09-24 21:26:21','已补件 6126344128','cndebbie','NEW','cndebbie','SOLVED',4),(52,'cndebbie','2011-09-26 12:14:36','单号 补发的单号 6126344117\r\n 圆通快递 ','cndebbie','NEW','cndebbie','SOLVED',1),(53,'cndebbie','2011-09-26 12:22:50','已经补发 发票：\r\n地址 ：\r\n中国医科大学发育生物学教研室，沈阳市和平区北二马路92号，110001\r\n尚德淑 ，13478106168\r\n金额 240元\r\n\r\n单号 圆通 6126344118','cndebbie','NEW','cndebbie','SOLVED',8),(54,'cndebbie','2011-09-26 12:27:48','已经补发光盘\r\n单号 6126344127\r\n圆通 ','cndebbie','NEW','cndebbie','SOLVED',102),(101,'cndebbie','2011-09-28 22:43:15','补的这个也要手写的','丽丽','NEW','cndebbie','WAIT_CUSTOMER',160),(102,'cndebbie','2011-09-29 20:04:53','已退已补发 ','cndebbie','NEW','cndebbie','SOLVED',3),(103,'cndebbie','2011-09-29 20:13:09','这个问题件信息记录错误，已经记录新的，这个记录关闭。','cndebbie','NEW','cndebbie','CLOSED',152),(151,'cndebbie','2011-09-29 20:39:24','是PK的4A ','cndebbie','NEW','cndebbie','WAIT_CUSTOMER',201),(201,'cndebbie','2011-10-08 10:47:56','又拍了书，一起发。','丽丽','NEW','cndebbie','WAIT_CUSTOMER',151),(202,'cndebbie','2011-10-08 11:16:19','解决了。','丽丽','NEW','cndebbie','SOLVED',156),(203,'cndebbie','2011-10-08 15:17:47','已经补发了。 ','cndebbie','WAIT_CUSTOMER','cndebbie','SOLVED',151),(204,'cndebbie','2011-10-08 15:19:07','get smart 1 已经补发，还欠yippee  green  20套\r\n','cndebbie','NEW','cndebbie','WAIT_CUSTOMER',153),(205,'cndebbie','2011-10-08 15:39:33','已经补发1A正版光盘一张，刻录光盘1张，圆通 快递 6126339809\r\n10.8 ','cndebbie','NEW','cndebbie','SOLVED',155),(206,'cndebbie','2011-10-08 15:59:48','补发单号 圆通6126339825\r\n10.8 ','cndebbie','NEW','cndebbie','WAIT_CUSTOMER',257),(207,'cndebbie','2011-10-08 16:00:06','已经解决 ，补发单号 圆通6126339825\r\n10.8 ','cndebbie','WAIT_CUSTOMER','cndebbie','SOLVED',257),(208,'cndebbie','2011-10-08 16:12:50','单号 圆通 6126339812 ，已经补发测评题教师用书','cndebbie','NEW','cndebbie','SOLVED',163),(209,'cndebbie','2011-10-08 16:13:57','已经发送。','cndebbie','NEW','cndebbie','SOLVED',254),(210,'cndebbie','2011-10-08 16:15:06','已经发送到邮箱 ','cndebbie','NEW','cndebbie','SOLVED',253),(211,'cndebbie','2011-10-08 16:18:40','已经补发 pk4A 和 love english level3 \r\n\r\n单号圆通 6126339826\r\n','cndebbie','WAIT_CUSTOMER','cndebbie','SOLVED',201),(212,'cndebbie','2011-10-08 17:14:50','已经补发一张正版的6A 和一张刻录的6A  单号圆通6126339827\r\n','cndebbie','NEW','cndebbie','SOLVED',255),(213,'cndebbie','2011-10-08 17:20:28','已经补发了书，快递单号 6126339810\r\n圆通 10.8 ','cndebbie','NEW','cndebbie','SOLVED',164),(214,'cndebbie','2011-10-08 17:32:19','已经补发，圆通，单号6126339811\r\n','cndebbie','NEW','cndebbie','SOLVED',162),(215,'cndebbie','2011-10-09 18:10:44','圆通 6126339830\r\n','cndebbie','NEW','cndebbie','WAIT_CUSTOMER',260),(216,'cndebbie','2011-10-09 18:10:57','6126339830\r\n','cndebbie','WAIT_CUSTOMER','cndebbie','SOLVED',260),(217,'cndebbie','2011-10-09 18:35:44','中通 680137079179\r\n','cndebbie','NEW','cndebbie','SOLVED',261),(218,'cndebbie','2011-10-09 18:36:10','重发680137079179中通 这个是重复的问题件','cndebbie','NEW','cndebbie','CLOSED',262),(251,'cndebbie','2011-10-09 23:33:26','要和客户确认一下之前欠的pk4A 3本是否已经补发过了。 ','cndebbie','NEW','cndebbie','WAIT_CUSTOMER',154),(252,'cndebbie','2011-10-09 23:42:21','PK4A 3本还没补发，需要一起补发','cndebbie','WAIT_CUSTOMER','cndebbie','WAIT_CUSTOMER',154),(253,'cndebbie','2011-10-09 23:42:53','登记了新的问题件了。','cndebbie','WAIT_CUSTOMER','cndebbie','SOLVED',153),(254,'cndebbie','2011-10-12 16:36:38','发票 圆通 6126339869 ','cndebbie','NEW','cndebbie','SOLVED',252),(255,'cndebbie','2011-10-12 16:54:49','6126339855 圆通 发票已经发了 ','cndebbie','NEW','cndebbie','SOLVED',309),(256,'cndebbie','2011-10-12 17:28:13','dsbsj 7001252769\r\n','cndebbie','NEW','cndebbie','SOLVED',103),(257,'cndebbie','2011-10-12 17:48:38','6126339852\r\n','cndebbie','NEW','cndebbie','SOLVED',159),(258,'cndebbie','2011-10-12 17:59:08','7001252762\r\n','cndebbie','WAIT_CUSTOMER','cndebbie','SOLVED',154),(259,'cndebbie','2011-10-12 18:13:18','7001252751\r\n','cndebbie','NEW','cndebbie','SOLVED',165),(260,'cndebbie','2011-10-12 18:16:59','680141051971','cndebbie','NEW','cndebbie','SOLVED',251),(261,'cndebbie','2011-10-12 18:19:55','7001252752\r\n','cndebbie','NEW','cndebbie','SOLVED',158),(262,'cndebbie','2011-10-12 20:54:42','680141051972 ','cndebbie','NEW','cndebbie','SOLVED',259),(263,'cndebbie','2011-10-12 21:13:17','客户不要发票了。 ','cndebbie','NEW','cndebbie','SOLVED',157),(264,'cndebbie','2011-10-12 21:14:12','已经补发 ','cndebbie','NEW','cndebbie','WAIT_CUSTOMER',256),(265,'cndebbie','2011-10-12 21:14:22','sisifish24 已经补发','cndebbie','WAIT_CUSTOMER','cndebbie','SOLVED',256),(266,'cndebbie','2011-10-12 21:20:10','680137079157\r\n中通 ','cndebbie','NEW','cndebbie','WAIT_CUSTOMER',306),(267,'cndebbie','2011-10-12 21:20:17','680137079157\r\n','cndebbie','WAIT_CUSTOMER','cndebbie','WAIT_CUSTOMER',306),(268,'cndebbie','2011-10-12 21:23:13','680137079157\r\n','cndebbie','WAIT_CUSTOMER','cndebbie','SOLVED',160),(269,'cndebbie','2011-10-12 21:23:41','680137079157\r\n','cndebbie','WAIT_CUSTOMER','cndebbie','SOLVED',306),(270,'cndebbie','2011-10-13 19:33:38','680141051980\r\n中通','cndebbie','NEW','cndebbie','SOLVED',301),(271,'cndebbie','2011-10-15 18:54:28','6126339889\r\n补pk1-6，精装 ','cndebbie','NEW','cndebbie','SOLVED',327),(272,'cndebbie','2011-10-15 18:55:02','sisifish24@yahoo.com.cn \r\n','cndebbie','NEW','cndebbie','SOLVED',318),(273,'cndebbie','2011-10-15 18:56:10','莱城区 200901080760 顺风到付\r\n198*10+ 180+160*10= 3760 ','cndebbie','NEW','cndebbie','SOLVED',322),(274,'cndebbie','2011-10-15 19:04:43','6126339890\r\n','cndebbie','NEW','cndebbie','SOLVED',258),(301,'cndebbie','2011-10-16 17:17:18',' 另外要送 ebook 2A 2B 各一张','cndebbie','NEW','cndebbie','WAIT_CUSTOMER',351),(302,'cndebbie','2011-10-17 19:05:10','680142559434\r\n','cndebbie','NEW','cndebbie','SOLVED',329),(303,'cndebbie','2011-10-17 19:06:31','680142559487\r\n','cndebbie','NEW','cndebbie','SOLVED',328),(304,'cndebbie','2011-10-17 19:15:31','680142559435\r\n','cndebbie','NEW','cndebbie','SOLVED',352),(305,'cndebbie','2011-10-18 14:49:48','再加一张soe 一年级刻录CD。','丽丽','NEW','cndebbie','WAIT_CUSTOMER',319),(306,'cndebbie','2011-10-18 15:19:29','重新写了一个问题件','丽丽','WAIT_CUSTOMER','cndebbie','CLOSED',319),(307,'cndebbie','2011-10-20 14:22:36','已补发 ，全峰快递 100001982628 ','cndebbie','WAIT_CUSTOMER','cndebbie','SOLVED',351),(308,'cndebbie','2011-10-20 14:48:12','cndebbie 店，已经退款 ','cndebbie','NEW','cndebbie','WAIT_CUSTOMER',326),(309,'cndebbie','2011-10-20 14:48:51','cndebbie 店，已经退款 160	\r\n250	\r\n260	\r\n250	\r\n260	\r\n250	\r\n	\r\n1430	\r\n	1072.5\r\n','cndebbie','WAIT_CUSTOMER','cndebbie','SOLVED',326),(310,'cndebbie','2011-10-20 15:46:51','单号是 680137345672  中通，  9 月13号 发的。 地址 山东省 济南市 高新区会展西路111号新生活家园一区5号楼3单元301 ，250101 lizzie_chen (15:55:17): 李远贵 收我的电话 15589920703 \r\n  ','cndebbie','NEW','cndebbie','WAIT_CUSTOMER',104),(311,'cndebbie','2011-10-24 17:06:11','补平装 4-6 全峰快递100001982631','cndebbie','NEW','cndebbie','SOLVED',324),(312,'cndebbie','2011-10-24 17:10:40','补发全峰 单号 100001982632','cndebbie','NEW','cndebbie','SOLVED',355),(313,'cndebbie','2011-10-24 17:23:29','补发中通快递 680142559101','cndebbie','NEW','cndebbie','WAIT_CUSTOMER',310),(314,'cndebbie','2011-10-24 17:23:35','补发中通快递 680142559101','cndebbie','WAIT_CUSTOMER','cndebbie','SOLVED',310),(315,'cndebbie','2011-10-24 17:24:23','发票和书一起发了 ','cndebbie','NEW','cndebbie','SOLVED',359),(316,'cndebbie','2011-10-24 17:24:54','已经QQ发了 ','cndebbie','NEW','cndebbie','SOLVED',358),(317,'cndebbie','2011-10-24 17:25:20','已经发货，单号见淘宝 ','cndebbie','NEW','cndebbie','SOLVED',361),(318,'cndebbie','2011-10-24 17:29:56','已补发，中通快递  680142559110 ，但是还没收到退回的件。 ','cndebbie','NEW','cndebbie','WAIT_SUPPORT',362),(319,'cndebbie','2011-10-26 18:30:09','680144678449\r\n中通 ','cndebbie','NEW','cndebbie','SOLVED',364),(320,'cndebbie','2011-10-26 18:33:08','已经收到退回的书，但是都烂了 ','cndebbie','WAIT_SUPPORT','cndebbie','SOLVED',362),(321,'cndebbie','2011-10-27 09:51:48','欠  ，lv 1 教师用书，光盘盒子和袋子, \r\n其中lv 1 正版律动操不要了，下回买书直接退款。','丽丽','NEW','cndebbie','WAIT_CUSTOMER',360),(322,'cndebbie','2011-10-27 09:52:43','欠  ，lv 1 教师用书，光盘盒子和袋子, \r\n其中lv 1 正版律动操不要了，下回买书直接退款。','丽丽','WAIT_CUSTOMER','cndebbie','WAIT_CUSTOMER',360),(323,'cndebbie','2011-10-27 10:45:28','退款了','丽丽','NEW','cndebbie','SOLVED',303),(324,'cndebbie','2011-10-27 10:50:33','骄阳有华 (10:45:35): \r\n第三套书已寄回！快递是圆通！单号：6141086028\r\n','丽丽','NEW','cndebbie','WAIT_CUSTOMER',363),(325,'cndebbie','2011-10-27 10:54:13','补phonics box 里的光盘','丽丽','NEW','cndebbie','CLOSED',370),(326,'cndebbie','2011-10-27 17:57:18','已追回','cndebbie','NEW','cndebbie','SOLVED',367),(327,'cndebbie','2011-10-27 18:42:33','顺风 200901080788\r\n','cndebbie','NEW','cndebbie','SOLVED',325),(328,'cndebbie','2011-10-28 10:02:57','已打款200元到丽丽账户，丽丽晚点会退回。 ','cndebbie','WAIT_CUSTOMER','cndebbie','SOLVED',104),(329,'cndebbie','2011-10-28 10:16:01','已补发光盘 单号 1707544191  \r\n ','cndebbie','NEW','cndebbie','SOLVED',161),(330,'cndebbie','2011-10-28 10:24:45','已经发了短信过去 ','cndebbie','NEW','cndebbie','SOLVED',305),(331,'cndebbie','2011-10-28 10:53:31','发票已经开出，但交易已经关闭，等客户回复。\r\n\r\n','cndebbie','NEW','cndebbie','EXPIRED',308),(332,'cndebbie','2011-10-28 10:56:45','已经发送到客户邮箱 ','cndebbie','NEW','cndebbie','SOLVED',307),(333,'cndebbie','2011-10-28 11:08:06','已发 ','cndebbie','NEW','cndebbie','SOLVED',313),(334,'cndebbie','2011-10-28 11:10:35','已经补发 ','cndebbie','NEW','cndebbie','SOLVED',314),(335,'cndebbie','2011-10-28 11:12:02','已经发了。 ','cndebbie','NEW','cndebbie','SOLVED',316),(336,'cndebbie','2011-10-28 11:50:57','已发送','cndebbie','NEW','cndebbie','SOLVED',353),(337,'cndebbie','2011-10-28 11:53:30','重复的 ','cndebbie','NEW','cndebbie','CLOSED',320),(338,'cndebbie','2011-10-28 11:54:02','已经发送 ','cndebbie','NEW','cndebbie','SOLVED',356),(339,'cndebbie','2011-10-28 11:57:03','已经补发了。  ','cndebbie','NEW','cndebbie','EXPIRED',354),(340,'cndebbie','2011-10-28 12:08:58','已经补发 1707544190\r\n','cndebbie','NEW','cndebbie','SOLVED',373),(341,'cndebbie','2011-10-30 03:23:32','全峰 100001982870\r\n','cndebbie','NEW','cndebbie','SOLVED',365),(342,'cndebbie','2011-10-30 03:46:39','100001982868\r\n全峰快递','cndebbie','NEW','cndebbie','SOLVED',372),(343,'cndebbie','2011-10-30 03:51:13','已补发，全峰100001982867\r\n\r\n等客户退回来得件。','cndebbie','NEW','cndebbie','WAIT_CUSTOMER',371),(344,'cndebbie','2011-10-30 04:30:10','白板软件全部都发了，单号 1707544184\r\n欠的书还没到货。 ','cndebbie','NEW','cndebbie','WAIT_CUSTOMER',369),(345,'cndebbie','2011-10-30 04:31:21','已经收到退件','cndebbie','WAIT_CUSTOMER','cndebbie','SOLVED',363),(351,'cndebbie','2011-11-02 16:53:24','退款了','丽丽','WAIT_CUSTOMER','cndebbie','SOLVED',360),(352,'cndebbie','2011-11-04 11:37:43','还要发yippee 电子版闪卡给老师 ','cndebbie','NEW','cndebbie','WAIT_CUSTOMER',404),(353,'cndebbie','2011-11-04 12:02:33','已经退回','cndebbie','WAIT_CUSTOMER','cndebbie','SOLVED',371),(354,'cndebbie','2011-11-04 12:43:57','已 补发  680144678477\r\n','cndebbie','NEW','cndebbie','SOLVED',403),(355,'cndebbie','2011-11-05 15:43:59','5592661ping (10:31:50): \r\n再把碟寄来 深圳福田区景田北街银座五楼博尔思 张萍 13928442441\r\n\r\n\r\n已经补发中通  680144678430\r\n','cndebbie','NEW','cndebbie','WAIT_CUSTOMER',374),(356,'cndebbie','2011-11-05 15:44:06','已经补发中通  680144678430\r\n','cndebbie','WAIT_CUSTOMER','cndebbie','SOLVED',374),(357,'cndebbie','2011-11-05 16:52:03','中通快递单号 680144678494\r\n','cndebbie','NEW','cndebbie','SOLVED',407),(358,'cndebbie','2011-11-05 17:22:34','zhaowawa75  补发 全峰快递 100001982641\r\n','cndebbie','NEW','cndebbie','WAIT_CUSTOMER',406),(359,'cndebbie','2011-11-05 17:22:49','补发 全峰快递 100001982641\r\n ','cndebbie','WAIT_CUSTOMER','cndebbie','SOLVED',406),(360,'cndebbie','2011-11-05 17:34:23','补发单号，中通 680144678493\r\n','cndebbie','NEW','cndebbie','SOLVED',401),(361,'cndebbie','2011-11-06 16:10:45','680144678436 ','cndebbie','NEW','cndebbie','SOLVED',376),(362,'cndebbie','2011-11-07 15:54:29','loveeglish level 3 要4套 发票抬头：上海流动花朵教育咨询有限公司金额：420 内容;书籍  夏美红 ，15216763575 ，021-62086360- ，上海 上海市 长宁区 古北水城南路59号明珠大楼1103室 上海成恩教育培训中心 ，200050 \r\n ','cndebbie','NEW','cndebbie','WAIT_CUSTOMER',411),(363,'cndebbie','2011-11-08 18:13:44','已发送给丽丽 ','cndebbie','NEW','cndebbie','SOLVED',408),(401,'cndebbie','2011-11-13 17:17:11','补发 申通 680145268587','cndebbie','NEW','cndebbie','SOLVED',414),(402,'cndebbie','2011-11-13 17:23:55','发了 680145268577','cndebbie','NEW','cndebbie','SOLVED',417),(451,'cndebbie','2011-11-15 09:24:06','重新','丽丽','NEW','cndebbie','CLOSED',413),(452,'cndebbie','2011-11-15 15:38:20','100004274193  全峰快递，已经补发 ','cndebbie','NEW','cndebbie','WAIT_CUSTOMER',501),(453,'cndebbie','2011-11-15 15:38:28','100004274193  全峰快递，已经补发 ','cndebbie','WAIT_CUSTOMER','cndebbie','SOLVED',501),(454,'cndebbie','2011-11-15 16:00:24','补发的 单号  是 全峰 100004274192    yippee小班的全套，中班的练习册   发票 开办公用品。  ','cndebbie','NEW','cndebbie','WAIT_CUSTOMER',451),(455,'cndebbie','2011-11-15 16:08:08','100004274191  全峰快递 ','cndebbie','NEW','cndebbie','SOLVED',416),(456,'cndebbie','2011-11-15 16:15:25','已经补发过了 ','cndebbie','NEW','cndebbie','SOLVED',402),(457,'cndebbie','2011-11-15 16:15:45','已经顺风补发过了 ','cndebbie','NEW','cndebbie','EXPIRED',366),(458,'cndebbie','2011-11-16 13:23:24','两个都不需要发票了。 ','cndebbie','WAIT_CUSTOMER','cndebbie','EXPIRED',411),(459,'cndebbie','2011-11-16 15:56:44','已经补发了 ','cndebbie','NEW','cndebbie','SOLVED',304),(460,'cndebbie','2011-11-16 16:16:29','补发单号 200925246560','cndebbie','NEW','cndebbie','SOLVED',405),(461,'cndebbie','2011-11-16 18:17:54','单号 全峰快递 700000418056\r\n补发了SOE K 和 SOE 1年级的教师用书和学生用书 各一本， SOE 一年级的互动软件，加密狗，还有SOE K 和SOE1年级的 CD，还有 Yippee 红色书和闪卡， green 的funbook 一本  ','cndebbie','NEW','cndebbie','SOLVED',415),(462,'cndebbie','2011-11-17 16:12:26','再加欠的30本PK 2A','丽丽','NEW','cndebbie','WAIT_CUSTOMER',357),(463,'cndebbie','2011-11-20 01:24:47','已经补发发票了，顺风快递，到付的。 ','cndebbie','WAIT_CUSTOMER','cndebbie','SOLVED',451),(464,'cndebbie','2011-11-20 10:00:40','发了','丽丽','NEW','cndebbie','CLOSED',311),(465,'cndebbie','2011-11-20 10:01:14','发了','丽丽','NEW','cndebbie','CLOSED',315),(466,'cndebbie','2011-11-20 10:02:34','发了','丽丽','NEW','cndebbie','CLOSED',323),(467,'cndebbie','2011-11-20 10:03:00','发了','丽丽','NEW','cndebbie','CLOSED',409),(468,'cndebbie','2011-11-20 10:03:26','发了','丽丽','NEW','cndebbie','CLOSED',312),(469,'cndebbie','2011-11-20 10:04:23','发了','丽丽','NEW','cndebbie','CLOSED',410),(470,'cndebbie','2011-11-20 10:06:51','发了','丽丽','NEW','cndebbie','CLOSED',412),(471,'cndebbie','2011-11-20 10:14:41','补DVD，两张。','丽丽','NEW','cndebbie','WAIT_CUSTOMER',504),(472,'cndebbie','2011-11-23 18:12:36','已补发中通  PK2A 30本， love 1-6 的教师用书 一共6本。 单号 680148773681','cndebbie','WAIT_CUSTOMER','cndebbie','WAIT_SUPPORT',357),(473,'cndebbie','2011-11-23 18:18:44','补发PK 3B 4套书，单号中通快递 680148773303','cndebbie','NEW','cndebbie','SOLVED',506),(474,'cndebbie','2011-11-23 18:52:35','全峰快递 100004274678 已补发','cndebbie','NEW','cndebbie','WAIT_CUSTOMER',507),(475,'cndebbie','2011-11-23 18:52:49','全峰快递 100004274678 已补发','cndebbie','WAIT_CUSTOMER','cndebbie','SOLVED',507),(476,'cndebbie','2011-11-23 18:53:16','已补发','cndebbie','WAIT_CUSTOMER','cndebbie','SOLVED',504),(477,'cndebbie','2011-11-23 18:53:57','已补发，已退款 ','cndebbie','NEW','cndebbie','SOLVED',375),(478,'cndebbie','2011-11-23 18:54:52','发票 已补发 ','cndebbie','WAIT_CUSTOMER','cndebbie','WAIT_CUSTOMER',404),(479,'丽丽','2011-11-23 19:00:21','已发 ','cndebbie','NEW','cndebbie','SOLVED',101),(480,'cndebbie','2011-11-23 19:01:20','已经全部补发','cndebbie','WAIT_CUSTOMER','cndebbie','SOLVED',369),(481,'cndebbie','2011-11-23 19:01:37','发票 已补发 ','cndebbie','WAIT_CUSTOMER','cndebbie','SOLVED',404),(482,'cndebbie','2011-11-23 19:02:03','已经QQ传送文件 ','cndebbie','NEW','cndebbie','SOLVED',502),(483,'cndebbie','2011-11-23 19:02:28','22号已经补发 ','cndebbie','NEW','cndebbie','WAIT_SUPPORT',505),(484,'cndebbie','2011-11-24 11:56:56','已经补发，中通 100004274677 ','cndebbie','NEW','cndebbie','SOLVED',302),(485,'cndebbie','2011-11-25 19:09:06','解决','丽丽','NEW','cndebbie','CLOSED',368),(486,'cndebbie','2011-11-26 14:31:05','中通快递 100004274705','cndebbie','NEW','cndebbie','WAIT_CUSTOMER',509),(487,'cndebbie','2011-11-30 11:58:45','又买东西了','丽丽','NEW','cndebbie','CLOSED',519),(488,'cndebbie','2011-11-30 17:56:02','中通快递  680148773280 ','cndebbie','NEW','cndebbie','SOLVED',514),(489,'cndebbie','2011-11-30 17:56:29','已退差价 ','cndebbie','WAIT_SUPPORT','cndebbie','SOLVED',505),(490,'cndebbie','2011-11-30 18:19:00','补发单号 全峰 100004638918','cndebbie','NEW','cndebbie','SOLVED',508),(491,'cndebbie','2011-11-30 18:20:55','已补发了。  ','cndebbie','NEW','cndebbie','SOLVED',515),(492,'cndebbie','2011-11-30 18:21:12','没问题了','cndebbie','NEW','cndebbie','SOLVED',516),(493,'cndebbie','2011-11-30 19:03:55','680148773660','cndebbie','NEW','cndebbie','SOLVED',510),(494,'cndebbie','2011-11-30 19:09:52','ＳＯＥ　二年级的一整套','cndebbie','NEW','cndebbie','WAIT_CUSTOMER',522),(495,'cndebbie','2011-12-01 20:32:56','和新买的书一起发。','丽丽','NEW','cndebbie','CLOSED',511),(496,'cndebbie','2011-12-01 20:33:41','解决','丽丽','WAIT_SUPPORT','cndebbie','CLOSED',357),(497,'cndebbie','2011-12-02 19:49:51','重新记录','丽丽','NEW','cndebbie','CLOSED',525),(498,'cndebbie','2011-12-02 20:43:47','再加1B的语法答案\r\n','丽丽','NEW','cndebbie','WAIT_CUSTOMER',526),(499,'cndebbie','2011-12-02 21:45:09','鲍京林 ，13911399471 ， ，北京 北京市 崇文区 东花市北里东区6号楼5层 ，100062  \r\n运送方式： 卖家包邮  \r\n物流公司名称： 北京全峰  \r\n','cndebbie','NEW','cndebbie','WAIT_CUSTOMER',524),(500,'cndebbie','2011-12-02 21:45:31','江幸芳 ，13980725768 ， ，四川省 成都市 武侯区 新光路1号 观南上域 6栋16楼3号 ，610041 ','cndebbie','NEW','cndebbie','WAIT_CUSTOMER',527),(501,'cndebbie','2011-12-03 15:26:26','大头0216 (15:09:04): \r\n我现在给您退5本书和一本答案回去\r\n大头0216 (15:09:20): \r\n运费13元\r\n大头0216 (15:09:55): \r\n你能上丽丽的账号吗\r\n大头0216 (15:12:51): \r\n我退5本书，其中3A和3B是要换4A的综合练习和阅读和写作。另外三本书和一本答案是发错货的。\r\n大头0216 (15:14:00): \r\n另外，还要补一张CD给我。\r\n大头0216 (15:14:33): \r\n请发一个地址给我\r\n大头0216 (15:15:32): \r\n快递费13元\r\n','cndebbie','WAIT_CUSTOMER','cndebbie','WAIT_CUSTOMER',526),(502,'cndebbie','2011-12-03 18:27:02','补发中通 680148773290','cndebbie','WAIT_CUSTOMER','cndebbie','SOLVED',526),(503,'cndebbie','2011-12-05 20:21:42','CD是4A的听力练习册CD。','丽丽','NEW','cndebbie','WAIT_CUSTOMER',530),(551,'cndebbie','2011-12-06 17:38:40','w sg g s','丽丽','NEW','cndebbie','CLOSED',520),(552,'cndebbie','2011-12-07 09:39:04',' 12号 又借了10套 get smart 1年级的书 ','cndebbie','WAIT_CUSTOMER','cndebbie','WAIT_CUSTOMER',509),(553,'cndebbie','2011-12-08 09:49:47','文件做好','cndebbie','NEW','cndebbie','SOLVED',512),(554,'cndebbie','2011-12-08 09:53:37','补发的4A的练习册的单号是100004638886\r\n补发的听力CD的单号是100004638892\r\n','cndebbie','WAIT_CUSTOMER','cndebbie','WAIT_CUSTOMER',530),(555,'cndebbie','2011-12-08 10:01:30','已解决。单号是680148773282','cndebbie','NEW','cndebbie','WAIT_CUSTOMER',523),(556,'cndebbie','2011-12-08 10:05:10','已解决','cndebbie','WAIT_CUSTOMER','cndebbie','SOLVED',530),(557,'cndebbie','2011-12-08 10:09:10','已解决单号是680148773282','cndebbie','WAIT_CUSTOMER','cndebbie','SOLVED',523),(558,'cndebbie','2011-12-08 16:57:27','已解决，单号是中通快递680148773653\r\n','cndebbie','NEW','cndebbie','SOLVED',553),(559,'cndebbie','2011-12-14 09:32:58','已解决','cndebbie','NEW','cndebbie','CLOSED',556),(560,'cndebbie','2011-12-14 09:35:14','已到货，已拍','cndebbie','NEW','cndebbie','SOLVED',503),(561,'cndebbie','2011-12-14 09:40:38','已解决，客户已确认收货','cndebbie','NEW','cndebbie','CLOSED',529),(562,'cndebbie','2011-12-14 09:41:30','已解决','cndebbie','NEW','cndebbie','SOLVED',317),(563,'cndebbie','2011-12-14 09:42:23','已解决','cndebbie','NEW','cndebbie','SOLVED',513),(564,'cndebbie','2011-12-14 09:43:03','发的全峰快递，单号100004638657\r\n','cndebbie','NEW','cndebbie','SOLVED',557),(565,'cndebbie','2011-12-14 09:47:01','圆通 2487448949   后转EMS680148773682','cndebbie','NEW','cndebbie','WAIT_CUSTOMER',518),(566,'cndebbie','2011-12-14 09:47:15','第一个件，客户没收到。 ','cndebbie','WAIT_CUSTOMER','cndebbie','WAIT_CUSTOMER',518),(567,'cndebbie','2011-12-14 09:54:27','已发货。','cndebbie','WAIT_CUSTOMER','cndebbie','WAIT_CUSTOMER',522),(568,'cndebbie','2011-12-14 09:54:36','已发货。','cndebbie','WAIT_CUSTOMER','cndebbie','SOLVED',522),(569,'cndebbie','2011-12-14 09:54:57','已解决 ','cndebbie','WAIT_CUSTOMER','cndebbie','SOLVED',524),(570,'cndebbie','2011-12-14 09:55:44','等收 退回的 23套SOE 1年级的书。','cndebbie','NEW','cndebbie','WAIT_CUSTOMER',551),(571,'cndebbie','2011-12-14 15:50:46','顺丰单号107406879250','cndebbie','WAIT_CUSTOMER','cndebbie','SOLVED',527),(572,'cndebbie','2011-12-15 23:32:19','今天已经和 get smart 2 年级的教师用书一起发了。 ','cndebbie','NEW','cndebbie','WAIT_CUSTOMER',555),(573,'cndebbie','2011-12-15 23:32:26','今天已经和 get smart 2 年级的教师用书一起发了。 ','cndebbie','WAIT_CUSTOMER','cndebbie','SOLVED',555),(574,'cndebbie','2011-12-18 12:47:09','已解决。全峰快递单号100004638672\r\n','cndebbie','NEW','cndebbie','SOLVED',552),(575,'cndebbie','2011-12-18 14:08:42','发顺风快递 243078605196','cndebbie','NEW','cndebbie','SOLVED',561),(576,'cndebbie','2011-12-18 14:11:15','已收到退的书 ','cndebbie','WAIT_CUSTOMER','cndebbie','WAIT_CUSTOMER',551),(577,'cndebbie','2011-12-18 14:11:23','已收到退的书 ','cndebbie','WAIT_CUSTOMER','cndebbie','SOLVED',551),(578,'cndebbie','2011-12-18 14:12:27','已退回一本yippee ','cndebbie','WAIT_CUSTOMER','cndebbie','SOLVED',518),(579,'cndebbie','2011-12-18 14:12:44','不解决','cndebbie','NEW','cndebbie','EXPIRED',521),(580,'cndebbie','2011-12-18 14:23:52','已经发到邮箱 ','cndebbie','NEW','cndebbie','SOLVED',562),(581,'cndebbie','2011-12-18 14:29:46','已解决。中通快递单号728000971948\r\n','cndebbie','NEW','cndebbie','SOLVED',558),(582,'cndebbie','2011-12-18 14:37:12','已帮他解决，中通快递单号728000957396\r\n','cndebbie','NEW','cndebbie','SOLVED',517),(583,'cndebbie','2011-12-18 14:44:24','不退了','丽丽','NEW','cndebbie','CLOSED',528),(584,'cndebbie','2011-12-18 14:58:54','已解决，发的圆通快递单号是1743787852\r\n','cndebbie','NEW','cndebbie','SOLVED',560),(585,'cndebbie','2011-12-20 09:04:33','已解决。发的全峰快递，单号是100004638681\r\n','cndebbie','NEW','cndebbie','SOLVED',565),(586,'cndebbie','2011-12-21 12:35:39','已解决，发的全峰快递单号是100004638692\r\n','cndebbie','NEW','cndebbie','SOLVED',563),(587,'cndebbie','2011-12-23 18:21:40','已经帮他发过去了','cndebbie','NEW','cndebbie','CLOSED',554),(588,'cndebbie','2011-12-29 15:06:00','12月27号 帮Jamie 发到 \r\niBridgeJamie13801743002 11:24:28 \r\n\r\n你今天帮我发出去吧，Yippe红色20本\r\n\r\n绿蓝各30套，红色2本教师用书，\r\n绿和蓝一本教师用书，\r\n\r\nget smart 1 30套\r\n\r\n','cndebbie','WAIT_CUSTOMER','cndebbie','WAIT_CUSTOMER',509),(589,'cndebbie','2011-12-29 15:24:51','已经帮他补了，全峰快递单号是100004620387\r\n','cndebbie','NEW','cndebbie','SOLVED',568),(590,'cndebbie','2011-12-29 15:26:23','已经帮他发了的，全峰快递单号是100004620343\r\n','cndebbie','NEW','cndebbie','SOLVED',566),(591,'cndebbie','2011-12-29 15:30:03','今天帮他补了，发的中通快递单号是728003786393\r\n','cndebbie','NEW','cndebbie','SOLVED',567),(592,'cndebbie','2011-12-30 10:10:22','今天帮她补发，中通快递单号是728003786396','cndebbie','NEW','cndebbie','SOLVED',569),(593,'cndebbie','2012-01-02 21:51:47','不退了','丽丽','NEW','cndebbie','CLOSED',559),(594,'cndebbie','2012-01-08 10:43:23','今天帮他补发，全峰快递100004620670','cndebbie','NEW','cndebbie','SOLVED',571);
/*!40000 ALTER TABLE `ist_isue_track_log` ENABLE KEYS */;
UNLOCK TABLES;

create function daydiff(var1 DATETIME,var2 DATETIME) returns INTEGER return timestampdiff(DAY,var1,var2);