-- MySQL dump 10.13  Distrib 5.5.9, for Win64 (x86)
--
-- Host: localhost    Database: webshop_manage
-- ------------------------------------------------------
-- Server version	5.5.9

/*!40101 SET @OLD_CHARACTER_SET_CLIENT=@@CHARACTER_SET_CLIENT */;
/*!40101 SET @OLD_CHARACTER_SET_RESULTS=@@CHARACTER_SET_RESULTS */;
/*!40101 SET @OLD_COLLATION_CONNECTION=@@COLLATION_CONNECTION */;
/*!40101 SET NAMES utf8 */;
/*!40103 SET @OLD_TIME_ZONE=@@TIME_ZONE */;
/*!40103 SET TIME_ZONE='+00:00' */;
/*!40014 SET @OLD_UNIQUE_CHECKS=@@UNIQUE_CHECKS, UNIQUE_CHECKS=0 */;
/*!40014 SET @OLD_FOREIGN_KEY_CHECKS=@@FOREIGN_KEY_CHECKS, FOREIGN_KEY_CHECKS=0 */;
/*!40101 SET @OLD_SQL_MODE=@@SQL_MODE, SQL_MODE='NO_AUTO_VALUE_ON_ZERO' */;
/*!40111 SET @OLD_SQL_NOTES=@@SQL_NOTES, SQL_NOTES=0 */;

--
-- Table structure for table `gsm_delivery`
--

DROP TABLE IF EXISTS `gsm_delivery`;
/*!40101 SET @saved_cs_client     = @@character_set_client */;
/*!40101 SET character_set_client = utf8 */;
CREATE TABLE `gsm_delivery` (
  `obj_id` bigint(20) NOT NULL,
  `send_date` datetime DEFAULT NULL,
  `status` varchar(10) DEFAULT NULL,
  `company` varchar(20) DEFAULT NULL,
  `number` varchar(30) DEFAULT NULL,
  `create_date` datetime DEFAULT NULL,
  `delivery_fee` decimal(10,2) DEFAULT NULL,
  `gross_weight` decimal(10,2) DEFAULT NULL,
  `obj_version` decimal(10,0) DEFAULT NULL,
  `order_id` bigint(20) DEFAULT NULL,
  `contact_phone` varchar(255) DEFAULT NULL,
  `contact_location` varchar(255) DEFAULT NULL,
  `contact_address` varchar(255) DEFAULT NULL,
  `contact_name` varchar(255) DEFAULT NULL,
  PRIMARY KEY (`obj_id`),
  KEY `FK_gsm_delivery_order_id` (`order_id`),
  CONSTRAINT `FK_gsm_delivery_order_id` FOREIGN KEY (`order_id`) REFERENCES `gsm_order` (`obj_id`)
) ENGINE=InnoDB DEFAULT CHARSET=utf8;
/*!40101 SET character_set_client = @saved_cs_client */;

--
-- Dumping data for table `gsm_delivery`
--

LOCK TABLES `gsm_delivery` WRITE;
/*!40000 ALTER TABLE `gsm_delivery` DISABLE KEYS */;
/*!40000 ALTER TABLE `gsm_delivery` ENABLE KEYS */;
UNLOCK TABLES;

--
-- Table structure for table `gsm_delivery_item`
--

DROP TABLE IF EXISTS `gsm_delivery_item`;
/*!40101 SET @saved_cs_client     = @@character_set_client */;
/*!40101 SET character_set_client = utf8 */;
CREATE TABLE `gsm_delivery_item` (
  `obj_id` bigint(20) NOT NULL,
  `item_count` decimal(5,0) DEFAULT NULL,
  `header_id` bigint(20) DEFAULT NULL,
  `order_item_id` bigint(20) DEFAULT NULL,
  PRIMARY KEY (`obj_id`),
  KEY `FK_gsm_delivery_item_order_item_id` (`order_item_id`),
  KEY `FK_gsm_delivery_item_header_id` (`header_id`),
  CONSTRAINT `FK_gsm_delivery_item_header_id` FOREIGN KEY (`header_id`) REFERENCES `gsm_delivery` (`obj_id`),
  CONSTRAINT `FK_gsm_delivery_item_order_item_id` FOREIGN KEY (`order_item_id`) REFERENCES `gsm_order_item` (`obj_id`)
) ENGINE=InnoDB DEFAULT CHARSET=utf8;
/*!40101 SET character_set_client = @saved_cs_client */;

--
-- Dumping data for table `gsm_delivery_item`
--

LOCK TABLES `gsm_delivery_item` WRITE;
/*!40000 ALTER TABLE `gsm_delivery_item` DISABLE KEYS */;
/*!40000 ALTER TABLE `gsm_delivery_item` ENABLE KEYS */;
UNLOCK TABLES;

--
-- Table structure for table `gsm_group`
--

DROP TABLE IF EXISTS `gsm_group`;
/*!40101 SET @saved_cs_client     = @@character_set_client */;
/*!40101 SET character_set_client = utf8 */;
CREATE TABLE `gsm_group` (
  `obj_id` bigint(20) NOT NULL,
  `status` varchar(30) DEFAULT NULL,
  `desc_text` text,
  `name` varchar(40) DEFAULT NULL,
  `code` varchar(10) DEFAULT NULL,
  `obj_version` decimal(10,0) DEFAULT NULL,
  PRIMARY KEY (`obj_id`),
  UNIQUE KEY `uk_code` (`code`)
) ENGINE=InnoDB DEFAULT CHARSET=utf8;
/*!40101 SET character_set_client = @saved_cs_client */;

--
-- Dumping data for table `gsm_group`
--

LOCK TABLES `gsm_group` WRITE;
/*!40000 ALTER TABLE `gsm_group` DISABLE KEYS */;
INSERT INTO `gsm_group` VALUES (1,'IN_PROGRESS',NULL,'爸妈网第69号团购',NULL,1);
/*!40000 ALTER TABLE `gsm_group` ENABLE KEYS */;
UNLOCK TABLES;

--
-- Table structure for table `gsm_order`
--

DROP TABLE IF EXISTS `gsm_order`;
/*!40101 SET @saved_cs_client     = @@character_set_client */;
/*!40101 SET character_set_client = utf8 */;
CREATE TABLE `gsm_order` (
  `obj_id` bigint(20) NOT NULL,
  `status` varchar(20) DEFAULT NULL,
  `remark` text,
  `customer` varchar(30) DEFAULT NULL,
  `ref_number` varchar(30) DEFAULT NULL,
  `obj_version` decimal(10,0) DEFAULT NULL,
  `gross_weight` decimal(10,2) DEFAULT NULL,
  `expect_delivery_method` varchar(10) DEFAULT NULL,
  `adjust` decimal(10,2) DEFAULT NULL,
  `total_amount` decimal(10,2) DEFAULT NULL,
  `paid_amount` decimal(10,2) DEFAULT NULL,
  `pay_date` datetime DEFAULT NULL,
  `create_date` datetime DEFAULT NULL,
  `group_code` varchar(20) DEFAULT NULL,
  `delivery_status` varchar(20) DEFAULT NULL,
  `delivery` bigint(20) DEFAULT NULL,
  `cont_phone` varchar(255) DEFAULT NULL,
  `cont_location` varchar(255) DEFAULT NULL,
  `cont_address` varchar(255) DEFAULT NULL,
  `cont_name` varchar(255) DEFAULT NULL,
  PRIMARY KEY (`obj_id`),
  KEY `FK_gsm_order_delivery` (`delivery`),
  CONSTRAINT `FK_gsm_order_delivery` FOREIGN KEY (`delivery`) REFERENCES `gsm_delivery` (`obj_id`)
) ENGINE=InnoDB DEFAULT CHARSET=utf8;
/*!40101 SET character_set_client = @saved_cs_client */;

--
-- Dumping data for table `gsm_order`
--

LOCK TABLES `gsm_order` WRITE;
/*!40000 ALTER TABLE `gsm_order` DISABLE KEYS */;
INSERT INTO `gsm_order` VALUES (2,'CONFIRMED',' 已备货','69#caroltsui96楼','1',1,8.42,'EXPRESS',48.00,1022.00,1022.00,NULL,'2011-10-16 23:50:02','爸妈网第69号团购','NOT_PREPARED',NULL,NULL,NULL,'徐晓霞 烟台莱州 山东省莱州市文泉路文泉花园1号楼3单元302# 13255523237 261400   ','徐晓霞'),(3,'CONFIRMED',' 中通680142559379 ','69#qyaeon175楼','2',1,2.20,'EXPRESS',7.00,90.00,90.00,NULL,'2011-10-16 23:50:03','爸妈网第69号团购','NOT_PREPARED',NULL,NULL,NULL,'钱瑛 江苏苏州东环路1500号现代创展大厦6楼605室 215021 13915596644   ','钱瑛'),(4,'CONFIRMED',' 已备货','69#jingzog99楼','3',2,9.90,'EXPRESS',53.00,1226.00,1226.00,NULL,'2011-10-16 23:50:03','爸妈网第69号团购','NOT_PREPARED',NULL,'',NULL,'广东省佛山市顺德区顺德碧桂园西苑听涛居三街三座T02房 15986123124 528312','李晶'),(5,'CONFIRMED',' 中通：\n680142559377','69#萤火虫慢慢飞129#','4',1,10.56,'POST',36.00,1319.00,1283.00,NULL,'2011-10-16 23:50:03','爸妈网第69号团购','NOT_PREPARED',NULL,NULL,NULL,'湖北省武汉市江汉区发展大道188号市公安局姓名：张丽；邮编：430022；电话：13296664596 027-85396481','张丽'),(6,'CONFIRMED',' 已备货','69#+socat_c+83','5',1,4.50,'EXPRESS',9.00,434.00,434.00,NULL,'2011-10-16 23:50:03','爸妈网第69号团购','NOT_PREPARED',NULL,NULL,NULL,'程东萍+江苏省苏州市+十梓街188号苏州大学附属第一医院信息处+13915585210+215006   ','程东萍'),(7,'CONFIRMED','更改了书单，，需退款。（实际支付额待核） 中通680142559406','69#宏兴102楼','6',1,5.38,'EXPRESS',45.00,336.00,472.00,NULL,'2011-10-16 23:50:03','爸妈网第69号团购','NOT_PREPARED',NULL,NULL,NULL,'收货地址：四川省成都市成华区万科路2号万科魅力之城3期27栋1单元401室余霞收电话13982081917 邮编610000','王新宏'),(8,'CONFIRMED',' 中通680142559407','69#carolyn92楼','7',1,6.90,'EXPRESS',11.00,165.00,165.00,NULL,'2011-10-16 23:50:03','爸妈网第69号团购','NOT_PREPARED',NULL,NULL,NULL,'王立武， 江苏省南京市龙蟠中路319号1幢101室，13851420438，210001   ','王莹'),(9,'CONFIRMED',' 发邮局','69#蕴涵妈妈147楼','8',1,8.44,'POST',18.00,283.00,283.00,NULL,'2011-10-16 23:50:03','爸妈网第69号团购','NOT_PREPARED',NULL,NULL,NULL,'孔德佳 13804947450 大连市中山区五五路30号名仕国际B2308 116001   ','孔德佳'),(10,'CONFIRMED',' 已备货','69#大宝MM178楼','9',2,10.70,'EXPRESS',60.00,743.00,743.00,NULL,'2011-10-16 23:50:03','爸妈网第69号团购','NOT_PREPARED',NULL,'',NULL,'齐旋；福建省福州市鼓楼区天泉路263号天泉丽景11#602 ，13809559756,350000   ','李杰'),(11,'CONFIRMED',' 中通680141051977','69#villay163','10',2,5.96,'EXPRESS',10.00,270.00,270.00,NULL,'2011-10-16 23:50:03','爸妈网第69号团购','NOT_PREPARED',NULL,'',NULL,'江苏省 南京市 鼓楼区 龙园西路120号金陵名人居13-2-702 ，210036  13915596644 ','姜梅'),(12,'CONFIRMED',' 已备货','69#xqsong2007  227#','11',1,7.52,'EXPRESS',12.00,913.00,913.00,NULL,'2011-10-16 23:50:03','爸妈网第69号团购','NOT_PREPARED',NULL,NULL,NULL,'收货人：宋小青+城市：杭州市+地址：浙江省杭州市天目山路398号古荡工业园10号楼2楼+电话：13857133709+邮编：310023 请在周一至周五工作日送货   ','宋洪涛'),(13,'CONFIRMED',' 已备货','69#huhu87楼','12',2,4.62,'EXPRESS',30.00,467.00,467.00,NULL,'2011-10-16 23:50:03','爸妈网第69号团购','NOT_PREPARED',NULL,'13871310299',NULL,'湖北省武汉市东西湖区金山大道万科高尔夫城市花园502-17B，电话：13871310299，邮编：430040   ','李卉玲'),(14,'CONFIRMED',' 已备货','69#  _▂上善若水.  93楼','13',1,6.62,'POST',25.00,523.00,523.00,NULL,'2011-10-16 23:50:03','爸妈网第69号团购','NOT_PREPARED',NULL,NULL,NULL,'张莉娜 江西省南昌市青云谱区南苑一路65号 15170039325 330001   ','张莉娜'),(15,'CONFIRMED',' 已备货','69#+liuyue19811+81楼（补）','14',1,5.34,'POST',25.00,486.00,486.00,NULL,'2011-10-16 23:50:03','爸妈网第69号团购','NOT_PREPARED',NULL,NULL,NULL,'刘悦+城市：辽宁沈阳+地址：沈阳市浑南新区浑南东路9号+ 邮编：110168 +电话：13940215405   ','刘悦'),(16,'CONFIRMED',' 中通680142559408','69#moonmoon300楼','15',1,4.26,'POST',25.00,513.00,513.00,NULL,'2011-10-16 23:50:03','爸妈网第69号团购','NOT_PREPARED',NULL,NULL,NULL,'罗敏 深圳市南山区文心二路海印长城10栋7A 13715370429 518054   ','罗敏'),(17,'CONFIRMED',' 中通:680142559378','69#moluelue137楼','16',2,10.04,'POST',18.00,298.00,295.00,NULL,'2011-10-16 23:50:03','爸妈网第69号团购','NOT_PREPARED',NULL,'',NULL,'广西省南宁市广西大学生命科学与技术学院 13152696198 530005   ','莫柏立'),(18,'CONFIRMED',' 已备货','购书221','17',1,5.60,'EXPRESS',10.00,750.00,750.00,NULL,'2011-10-16 23:50:03','爸妈网第69号团购','NOT_PREPARED',NULL,NULL,NULL,'姓名：龚辉电话：13906766766 地址：浙江省台州市椒江区机场北路45号','龚辉'),(19,'CONFIRMED',' 单号：中通680141051975','69#旺才MAMA265楼','19',1,9.70,'EXPRESS',14.00,1674.00,1674.00,NULL,'2011-10-16 23:50:03','爸妈网第69号团购','NOT_PREPARED',NULL,NULL,NULL,'江苏省镇江市学府路 江苏大学本部一区单身教师宿舍3栋121室 王琳 收 15905287933','谢云海'),(20,'CONFIRMED',' 发邮局','69#vividzeng179楼','20',1,6.20,'POST',18.00,292.00,292.00,NULL,'2011-10-16 23:50:03','爸妈网第69号团购','NOT_PREPARED',NULL,NULL,NULL,'曾红 湖南省长沙市雨花区香樟路393号澧水公司806室 13548589080 0731-82918699 邮编:410004   ','曾红'),(52,'CONFIRMED',' 已备货','69#绿色柠檬片# 309楼','21',2,6.60,'EXPRESS',11.00,510.00,510.00,NULL,'2011-10-16 23:50:54','爸妈网第69号团购','NOT_PREPARED',NULL,'',NULL,'江苏省苏州市苏州工业园区若水路398号 中科院苏州纳米所 215123 陆晓鸣 13913191946','陆晓鸣'),(53,'CONFIRMED',' 680142559413','69#+cjing1+324楼','22',1,4.66,'EXPRESS',28.00,145.00,145.00,NULL,'2011-10-16 23:50:55','爸妈网第69号团购','NOT_PREPARED',NULL,NULL,NULL,'陈婧+北京+西城区三里河一区2号院2号楼1107+13701157711+100045','陈婧'),(54,'CONFIRMED',' 已备货','69#婷嫂380楼','23',2,24.50,'POST',36.00,4013.00,4000.00,NULL,'2011-10-16 23:50:55','爸妈网第69号团购','NOT_PREPARED',NULL,'',NULL,'汪涛+广州+海珠区石榴岗路信步东街28号103+13316078261+510350   ','汪涛'),(55,'CONFIRMED',' 680142559397','69# w6z6jn  339','24',1,3.30,'POST',15.00,213.00,213.00,NULL,'2011-10-16 23:50:55','爸妈网第69号团购','NOT_PREPARED',NULL,NULL,NULL,'赵定义 武汉市 汉口宝丰二路126号 13507197820 430030   ','赵定义'),(56,'CONFIRMED',' 680142559404','69#+穿靴子的猫001+320楼','25',1,4.14,'EXPRESS',9.00,247.00,247.00,NULL,'2011-10-16 23:50:55','爸妈网第69号团购','NOT_PREPARED',NULL,NULL,NULL,'收货人姓名：叶玉莲城市：上海市地址：长宁区仙霞路423-2 宇通房地产电话：13501789103 邮编：200051   ','叶玉莲'),(57,'CONFIRMED',' 发邮局','69# cabexon 419楼','26',1,3.92,'POST',15.00,152.00,152.00,NULL,'2011-10-16 23:50:55','爸妈网第69号团购','NOT_PREPARED',NULL,NULL,NULL,'潘峻 安徽合肥 包河区太宁花园紫兰苑13幢405室 13705510193 230011   ','吕培'),(58,'CONFIRMED',' 已备货','69#fanfanyangzhou192楼','27',1,4.50,'POST',25.00,450.00,450.00,NULL,'2011-10-16 23:50:55','爸妈网第69号团购','NOT_PREPARED',NULL,NULL,NULL,'陈亚平 四川江油市马路湾四川幼专生活区 15181651828   ','陈亚平'),(59,'CONFIRMED',' 680142559398','62#peagirlgu142楼','28',2,5.26,'EXPRESS',10.00,801.00,801.00,NULL,'2011-10-16 23:50:55','爸妈网第69号团购','NOT_PREPARED',NULL,'13671789101',NULL,'上海市浦东新区博山东路553弄32号602室','顾怡芳'),(60,'CONFIRMED',' 700000418099','69#roben382楼','29',2,11.60,'EXPRESS',16.00,1646.00,1646.00,NULL,'2011-10-16 23:50:55','爸妈网第69号团购','NOT_PREPARED',NULL,'',NULL,'姓名:李炜瓯;城市：温州；地址：浙江省温州市惠民路温州职业中专 ；电话：15825426758；邮编：325000.送达请快递打电话确认，谢谢。','李炜瓯'),(61,'CONFIRMED',' 680142559400','69#shalala128楼','30',2,3.30,'EXPRESS',23.00,221.00,221.00,NULL,'2011-10-16 23:50:55','爸妈网第69号团购','NOT_PREPARED',NULL,'13802582168',NULL,'王琳 +广东省深圳市福田区石厦北三街雅云轩10F 13802582168','周勇'),(62,'CONFIRMED',' 805000055291','69#+之妍+247楼','31',2,17.72,'EXPRESS',22.00,1403.00,1403.00,NULL,'2011-10-16 23:50:55','爸妈网第69号团购','NOT_PREPARED',NULL,'',NULL,'张莹，江苏省镇江市京口区丁卯桥路沃得花园2期24栋502室，13815489826,0511-\r\n88893129 ','张莹'),(63,'CONFIRMED',' 已备货','69#+larkbaby+268','32',1,6.84,'EXPRESS',38.00,622.00,622.00,NULL,'2011-10-16 23:50:55','爸妈网第69号团购','NOT_PREPARED',NULL,NULL,NULL,'北京市东城区东直门南大街7号 李洋收邮编：100007 电话：13911916248   ','李广博'),(64,'CONFIRMED',' 已备货','69#bessieliu 397楼','33',1,5.84,'EXPRESS',10.00,529.00,529.00,NULL,'2011-10-16 23:50:55','爸妈网第69号团购','NOT_PREPARED',NULL,NULL,NULL,'收货人姓名：刘蓓，城市：上海，地址：上海市古美西路631弄202号601室，电话：13701852615，邮编：201102   ','刘蓓'),(65,'CONFIRMED',' 680142559394','69#woaithr123楼','34',2,5.66,'EXPRESS',10.00,283.00,283.00,NULL,'2011-10-16 23:50:55','爸妈网第69号团购','NOT_PREPARED',NULL,'',NULL,'姓名：李焱 城市地址：江苏省连云港市新浦区小学路向阳公寓3号楼3单元602室 电话：13605131533 邮编：222002   ','唐善旺'),(66,'CONFIRMED',' 已备货','69#+幸运鱼+420楼','35',1,4.20,'EXPRESS',9.00,308.00,308.00,NULL,'2011-10-16 23:50:55','爸妈网第69号团购','NOT_PREPARED',NULL,NULL,NULL,'苏延静，上海，松江区泗陈公路1888弄436号，13816763211，201601   ','王玉玲'),(67,'CONFIRMED',' 680142559393','69#淇淇田田208楼','36',1,3.30,'POST',15.00,213.00,213.00,NULL,'2011-10-16 23:50:55','爸妈网第69号团购','NOT_PREPARED',NULL,NULL,NULL,'河南省郑州市上街区阳光小区东马固家园4号楼中门洞2楼韩延凤收，邮编450041 电话13598813073   ','韩延凤'),(68,'CONFIRMED',' 发邮局','69#jwlqc  283楼','37',2,6.34,'POST',10.00,104.00,104.00,NULL,'2011-10-16 23:50:55','爸妈网第69号团购','NOT_PREPARED',NULL,'',NULL,'姜伟 天津南开天江格调花园3-3-801   ','姜伟'),(69,'CONFIRMED',' 680142559392','69#萍踪侠影504楼','38',2,4.20,'EXPRESS',9.00,197.00,197.00,NULL,'2011-10-16 23:50:55','爸妈网第69号团购','NOT_PREPARED',NULL,'',NULL,'周萍，浙江省杭州市机神新村11幢3单元104室，13588706849，310004  ','周萍'),(70,'CONFIRMED',' 发邮局','69#+小思妈+523楼','39',2,6.38,'POST',25.00,451.00,451.00,NULL,'2011-10-16 23:50:55','爸妈网第69号团购','NOT_PREPARED',NULL,'',NULL,'收货人：吴筠地址：江西省南昌市中山路铁街25号人民银行邮编：330008 电话：13807080813 使用平邮   ','吴筠'),(71,'CONFIRMED',' 已备货','69# sy_jijin 楼层463','40',1,6.62,'POST',30.00,609.00,609.00,NULL,'2011-10-16 23:50:55','爸妈网第69号团购','NOT_PREPARED',NULL,NULL,NULL,'收货人:王悦 城市：辽宁省沈阳市 地址：和平区集贤街55-2号1-3-1 电话：15140008623 024-23393734 邮编：110000   ','王悦'),(72,'CONFIRMED','无误 已备货','69# sy_jijin 楼层463','40',2,3.90,'EXPRESS',33.00,483.00,456.00,NULL,'2011-10-16 23:50:55','爸妈网第69号团购','NOT_PREPARED',NULL,'',NULL,'收货人:王悦 城市：辽宁省沈阳市 地址：和平区集贤街55-2号1-3-1 电话：15140008623 024-23393734 邮编：110000 需要跟进','王悦'),(102,'CONFIRMED',' 680142559396','69# dodo99 124楼','41',2,2.70,'EXPRESS',18.00,178.00,178.00,NULL,'2011-10-16 23:51:11','爸妈网第69号团购','NOT_PREPARED',NULL,'',NULL,'广东省深圳市福田区益田村104-2H TEL：13714321656 ZIP: 518048','胡蓉'),(103,'CONFIRMED',' 发邮局','69# Lillian第478楼','42',2,6.21,'POST',30.00,535.00,514.00,NULL,'2011-10-16 23:51:12','爸妈网第69号团购','NOT_PREPARED',NULL,'',NULL,'张莉 陕西省西安市西安交通大学外国语学院英语系 13772484716 邮编710049   ','张莉'),(104,'CONFIRMED','已备货 发邮局','69#小虎丫丫465楼','43',1,3.00,'POST',10.00,47.00,47.00,NULL,'2011-10-16 23:51:12','爸妈网第69号团购','NOT_PREPARED',NULL,NULL,NULL,'王剑辉 ，13235991992， ，福建省 邵武市 水北镇大漠村长窠28号 ，354000   ','刘峻'),(105,'CONFIRMED',' 100001982584','69#maggieluyang358楼','44',2,8.64,'EXPRESS',13.00,230.00,230.00,NULL,'2011-10-16 23:51:12','爸妈网第69号团购','NOT_PREPARED',NULL,'',NULL,'陆扬,13681766952,上海市闵行区银都路3151弄58号101室,201108   ','陆扬'),(106,'CONFIRMED','漏写了两本书，书款36，编号24,Olover 和27  Only Dream，货已发，来不及补了，和会员协商下 680142559403','69#珍珠鱼宝宝592楼','45',2,6.04,'POST',15.00,144.00,164.00,NULL,'2011-10-16 23:51:12','爸妈网第69号团购','NOT_PREPARED',NULL,'',NULL,'四川省成都市锦江区光明路69号蓉上坊一期二幢二单元2904 郑咏收 610000 13880007761   ','刘移'),(107,'CONFIRMED',' 已备货','69#小勺子409楼','46',2,12.54,'EXPRESS',68.00,1779.00,1779.00,NULL,'2011-10-16 23:51:12','爸妈网第69号团购','NOT_PREPARED',NULL,'',NULL,'山东省青岛市海尔路1号海尔信息产业园S楼大厅 13396395360 266011   ','孙凤莲'),(108,'CONFIRMED','应退款 发邮局','69#xsj071016 344楼','47',1,19.62,'POST',25.00,476.00,851.00,NULL,'2011-10-16 23:51:12','爸妈网第69号团购','NOT_PREPARED',NULL,NULL,NULL,'王红梅 宁夏银川市兴庆区宝湖东路星光华小区A区19号楼1单元502 18695118330 750001   ','王红梅'),(109,'CONFIRMED',' 已备货','69#saillily 239楼','48',1,5.82,'POST',25.00,501.00,501.00,NULL,'2011-10-16 23:51:12','爸妈网第69号团购','NOT_PREPARED',NULL,NULL,NULL,'湖北省武汉市武汉大学九区七栋4－601张帆（收）430072电话13469986956   ','张帆'),(110,'CONFIRMED',' 已备货','69#lemurialxx127楼','49',1,4.94,'EXPRESS',28.00,471.00,471.00,NULL,'2011-10-16 23:51:12','爸妈网第69号团购','NOT_PREPARED',NULL,NULL,NULL,'李潇潇 北京市西城区月坛北街18号楼1005室 13701180330 100045   ','李潇潇'),(111,'CONFIRMED',' 680142559395','69#+icecoffee1980+607楼','50',2,10.72,'EXPRESS',15.00,287.00,287.00,NULL,'2011-10-16 23:51:12','爸妈网第69号团购','NOT_PREPARED',NULL,'',NULL,'收货人姓名:李银燕城市：宁波市地址：浙江省宁波市北仑大榭开发区海文东区21-202室电话：13685871380 邮编：315812   ','李银燕'),(112,'CONFIRMED',' 680142559402','69#hotberry364楼','51',2,4.78,'EXPRESS',9.00,222.00,222.00,NULL,'2011-10-16 23:51:12','爸妈网第69号团购','NOT_PREPARED',NULL,'',NULL,'钟萍江苏省无锡市滨湖区滴翠路100号530大厦2号楼18层 15371058130 214072   ','钟萍'),(113,'CONFIRMED','平邮也是发挂号平邮吧？如果不是的话，请告知我，多谢！  \n 发邮局','69#+xp930+606楼','52',1,29.00,'POST',36.00,1306.00,1306.00,NULL,'2011-10-16 23:51:12','爸妈网第69号团购','NOT_PREPARED',NULL,NULL,NULL,'胡洋+北京市+东城区和平里中街16号北院新楼113室+13488802009+100013 平邮也是发挂号平邮吧？如果不是的话，请告知我，多谢！   ','胡洋'),(114,'CONFIRMED',' 680142559401','69#  夸父追爱 603楼','53',1,3.64,'EXPRESS',15.00,75.00,75.00,NULL,'2011-10-16 23:51:12','爸妈网第69号团购','NOT_PREPARED',NULL,NULL,NULL,'马辉+安徽省阜阳市颍东区刘西巷29号-104户（火车站工行后面）+13866221692+236000   ','马辉'),(115,'CONFIRMED',' 680142559399','69#arisensun605楼','54',2,2.20,'EXPRESS',7.00,90.00,90.00,NULL,'2011-10-16 23:51:12','爸妈网第69号团购','NOT_PREPARED',NULL,'',NULL,'严昕+江苏省扬州市+文昌中路541号中国银行+13852785191+225000   ','严昕'),(116,'CONFIRMED',' 已备货','69#+pmint+616','55',2,5.94,'EXPRESS',33.00,524.00,524.00,NULL,'2011-10-16 23:51:12','爸妈网第69号团购','NOT_PREPARED',NULL,'',NULL,'收货人：罗礼北京市海淀区北太平庄村54号紫瑞嘉园2-5-901 电话：13426311150 邮编：100081 订单内容见邮件！   ','罗礼'),(117,'CONFIRMED',' 已备货','69#琳琪琳琪388楼','56',1,4.94,'EXPRESS',28.00,481.00,481.00,NULL,'2011-10-16 23:51:12','爸妈网第69号团购','NOT_PREPARED',NULL,NULL,NULL,'叶国强，广东湛江市赤坎区寸金路10号市疾病预防控制中心21栋701，13828252211，524037   ','叶国强'),(118,'CONFIRMED',' 已备货','转账（620楼）','57',1,4.50,'EXPRESS',9.00,434.00,434.00,NULL,'2011-10-16 23:51:12','爸妈网第69号团购','NOT_PREPARED',NULL,NULL,NULL,'收件人：董小玉\n地址：浙江省杭州市上城区抚宁巷66号  邮编：310002\n电话：13958109270 ','董小玉'),(119,'CONFIRMED','有缺货：35号All Around Farm 缺货，退书款25 100001982585','69#+misxy328+630楼','58',2,7.96,'EXPRESS',12.00,301.00,301.00,NULL,'2011-10-16 23:51:12','爸妈网第69号团购','NOT_PREPARED',NULL,'',NULL,'江苏省南京市江宁区将军大道韩府路19号南航揽翠苑3幢603室，211100，彭星， 13813089282   ','彭星'),(120,'CONFIRMED',' 700000418098','69#ROSY妈妈579楼','59',2,6.86,'EXPRESS',11.00,1102.00,1102.00,NULL,'2011-10-16 23:51:12','爸妈网第69号团购','NOT_PREPARED',NULL,'',NULL,'收货人:余旭 地址：上海市黄浦区福建中路66号 电话：13601691200 邮编：200001   ','余旭'),(121,'CONFIRMED',' 已备货','69#+晨光熹微+590','60',1,4.50,'POST',25.00,450.00,450.00,NULL,'2011-10-16 23:51:12','爸妈网第69号团购','NOT_PREPARED',NULL,NULL,NULL,'湖北省武汉市武昌区中北路新安花园A栋2单元304 马楚岚 18971561996','马燕丽'),(152,'CONFIRMED','无误  ','69#+sleet+634','61',1,10.50,'POST',36.00,1461.00,1461.00,NULL,'2011-10-16 23:51:22','爸妈网第69号团购','NOT_PREPARED',NULL,NULL,NULL,'姓名:王燕+城市：广东省湛江市+地址:赤坎区人民大道北33号+电话:13560511329+邮编:3282043   ','王燕'),(153,'CONFIRMED','无误 ','69#daydreaming+641楼','62',1,4.46,'POST',15.00,180.00,180.00,NULL,'2011-10-16 23:51:23','爸妈网第69号团购','NOT_PREPARED',NULL,NULL,NULL,'北京市东城区朝阳门北大街1号新保利大厦二十六层，收货人高宇庆，邮编100010，电话13911012139 书共165元+15元运费=180元   ','高宇庆'),(154,'CONFIRMED','无误 ','69#+摇摇妈+647楼（646）','63',2,3.90,'EXPRESS',23.00,483.00,483.00,NULL,'2011-10-16 23:51:23','爸妈网第69号团购','NOT_PREPARED',NULL,'18688788426',NULL,'广东省深圳市南山区学府路学林雅苑5-604   电话18688788426','彭娟'),(155,'CONFIRMED','补款20 ','69#+bjzly+648楼','64',2,6.04,'POST',15.00,199.00,179.00,NULL,'2011-10-16 23:51:23','爸妈网第69号团购','NOT_PREPARED',NULL,'',NULL,'张连媛北京海淀区中关村丹棱街微软大厦2号楼电话:13651318168   ','蔡晓伟'),(156,'CONFIRMED','无误  ','69#goodluckapple682楼','65',2,6.66,'EXPRESS',54.00,540.00,540.00,NULL,'2011-10-16 23:51:23','爸妈网第69号团购','NOT_PREPARED',NULL,'',NULL,'贾颖　辽宁省沈阳市和平区十一纬路68号702室，110003　13940317022   ','贾颖'),(157,'CONFIRMED','无误  ','69#笑天使008 193楼','66',1,5.74,'EXPRESS',35.00,498.00,498.00,NULL,'2011-10-16 23:51:23','爸妈网第69号团购','NOT_PREPARED',NULL,NULL,NULL,'李晓丹 湖北省宜昌市西陵区东山大道95号清江大厦2203#湖北清江工程管理咨询有限公司 电话13872676010 邮编：443000   ','李晓丹'),(158,'CONFIRMED','无误  ','69#+最爱小臭宝+217楼','67',1,7.90,'EXPRESS',61.00,1036.00,1036.00,NULL,'2011-10-16 23:51:23','爸妈网第69号团购','NOT_PREPARED',NULL,NULL,NULL,'地址：辽宁省沈阳市和平区常德街69号 王馨 电话：15840090507 邮编110001   ','王馨'),(159,'CONFIRMED','无误  ','69#甜甜妈妈668楼','68',1,2.80,'EXPRESS',18.00,228.00,228.00,NULL,'2011-10-16 23:51:23','爸妈网第69号团购','NOT_PREPARED',NULL,NULL,NULL,'戴新义 山东省烟台市莱山区银海路566号南山世纪华府15号楼2单元601室 13645454235 264003   ','王麒麟'),(160,'CONFIRMED','无误  ','69#janeandapple 725楼','69',1,5.36,'POST',25.00,488.00,488.00,NULL,'2011-10-16 23:51:23','爸妈网第69号团购','NOT_PREPARED',NULL,NULL,NULL,'魏兴 ，武汉，湖北省武汉市硚口区海军工程大学 训练部 教务处 ，13476184033，430033   ','简冰毳'),(161,'CONFIRMED','无误 ','69# wch_xx 694楼','70',2,4.74,'EXPRESS',28.00,542.00,542.00,NULL,'2011-10-16 23:51:23','爸妈网第69号团购','NOT_PREPARED',NULL,'',NULL,'北京市海淀区蓟门桥 国家专利局东门 王趁红 100088 13552580118   ','王趁红'),(162,'CONFIRMED','无误  ','69#tea_zzzz427楼','71',1,5.60,'EXPRESS',33.00,763.00,763.00,NULL,'2011-10-16 23:51:23','爸妈网第69号团购','NOT_PREPARED',NULL,NULL,NULL,'收货人：李静北京市海淀区安宁庄西路15号怡美家园8号楼5单元502 13701249103 100085 请在快递单上备注“平日下午2点前或5点后送货，周末不送货”，谢谢   ','李静'),(163,'CONFIRMED','无误 ','69#mmlovess281楼','72',2,5.16,'EXPRESS',33.00,551.00,551.00,NULL,'2011-10-16 23:51:23','爸妈网第69号团购','NOT_PREPARED',NULL,'',NULL,'广东省深圳市深圳市南山区后海路海印长城3栋13H 室手机： 13509668940 邮编： 518054   ','郑雪辉'),(164,'CONFIRMED','无误  ','69# huizheng 599楼','73',2,3.82,'EXPRESS',25.00,257.00,257.00,NULL,'2011-10-16 23:51:23','爸妈网第69号团购','NOT_PREPARED',NULL,'',NULL,'郑辉+ 福建福州+ 仓山三盛巴厘岛1#1005 +13805095991+350000   ','郑辉'),(165,'CONFIRMED','无误  ','69#懒洋洋 311楼','74',1,5.34,'POST',22.00,412.00,412.00,NULL,'2011-10-16 23:51:23','爸妈网第69号团购','NOT_PREPARED',NULL,NULL,NULL,'收货：胡珍华，山东省东营市东城曹州路10号东营烟草公司，18654610977,257091','肖静辉'),(166,'CONFIRMED','无误  ','69#laisla728楼','75',1,6.94,'EXPRESS',38.00,685.00,685.00,NULL,'2011-10-16 23:51:23','爸妈网第69号团购','NOT_PREPARED',NULL,NULL,NULL,'王妍，北京市，朝阳区北苑家园绣菊园南区20号楼1003，13521174076，100012   ','王妍'),(167,'CONFIRMED','无误  ','69#YUNNI+721(805)','76',1,5.92,'EXPRESS',10.00,209.00,209.00,NULL,'2011-10-16 23:51:23','爸妈网第69号团购','NOT_PREPARED',NULL,NULL,NULL,'蔡菁菁+上海+虹口区中山北一路184号1602室+13701672535+邮编200083   ','蔡菁菁'),(168,'CONFIRMED','无误 ','69#长空飞雪+288楼','77',2,3.30,'EXPRESS',8.00,206.00,206.00,NULL,'2011-10-16 23:51:23','爸妈网第69号团购','NOT_PREPARED',NULL,'13601405618',NULL,'江苏省南京市龙江月光广场4-2908 手机13601405618','张雯蓉'),(169,'CONFIRMED','无误  ','69#美妞妈670楼','78',1,17.16,'POST',36.00,1393.00,1393.00,NULL,'2011-10-16 23:51:23','爸妈网第69号团购','NOT_PREPARED',NULL,NULL,NULL,'卢倩，山东日照菏泽路267#海德名庭1#1单元502,15006337373,276800   ','谭新伟'),(170,'CONFIRMED','无误  ','69#liuguangying800楼','79',1,5.40,'EXPRESS',33.00,541.00,541.00,NULL,'2011-10-16 23:51:23','爸妈网第69号团购','NOT_PREPARED',NULL,NULL,NULL,'北京市东城区安外大街6号楼1408室邮编：100011 收件人：刘广英电话：13811747251   ','范修柏'),(171,'CONFIRMED','无误  ','69#+lelenc+669楼（832）','80',1,8.90,'EXPRESS',48.00,632.00,632.00,NULL,'2011-10-16 23:51:23','爸妈网第69号团购','NOT_PREPARED',NULL,NULL,NULL,'施琴红+广东省深圳市南山区+向南西海花园玉兰阁2-8C+13662220776+邮编518057   ','施琴红'),(202,'CONFIRMED','无误 ','69#+dxylucky+276','81',1,14.94,'POST',36.00,1813.00,1810.00,NULL,'2011-10-16 23:51:35','爸妈网第69号团购','NOT_PREPARED',NULL,NULL,NULL,'收货人姓名杜馨昱、城市+地址：北京市海淀区建材城西二里小区（知本时代小区）15号楼2单元1201室电话：186-1128-1670 邮编：10096   ','杜馨昱'),(203,'CONFIRMED','见邮件 ','69#ikea9921第759楼','82',1,6.50,'EXPRESS',11.00,505.00,505.00,NULL,'2011-10-16 23:51:35','爸妈网第69号团购','NOT_PREPARED',NULL,NULL,NULL,'郭慧，上海，徐汇区虹梅路1801号凯科大厦5F，13917231333，邮编200233   ','郭慧'),(204,'CONFIRMED','无误 ','69#+祯祯妈+122楼','83',1,4.66,'POST',15.00,151.00,151.00,NULL,'2011-10-16 23:51:35','爸妈网第69号团购','NOT_PREPARED',NULL,NULL,NULL,'郝晓琴；城市：四川成都；地址：青羊区小南街69号长城园3-1-14；电话：18908236515；邮编610000   ','郝晓琴'),(205,'CONFIRMED','无误  ','69# COLUU 825楼','84',1,3.30,'POST',15.00,213.00,213.00,NULL,'2011-10-16 23:51:35','爸妈网第69号团购','NOT_PREPARED',NULL,NULL,NULL,'地址：重庆市沙坪坝区小龙坎正街369号 诺丁阳光7-10-3 姓名：闵芸倩 电话：13983018010  ','闵芸倩'),(206,'CONFIRMED','无误  ','69#jennyx_2008 784楼','85',2,19.26,'EXPRESS',24.00,2755.00,2755.00,NULL,'2011-10-16 23:51:35','爸妈网第69号团购','NOT_PREPARED',NULL,'',NULL,'谢玉华 上海市浦东新区龙阳路2277号永达大厦6楼 13795470429 201204   ','谢玉华'),(207,'CONFIRMED','补款 ','69#+Eddie+楼层357','86',1,4.50,'POST',25.00,450.00,442.00,NULL,'2011-10-16 23:51:35','爸妈网第69号团购','NOT_PREPARED',NULL,NULL,NULL,'陕西省西安市未央区凤城四路明珠花园四号楼二单元0701# ； 收件人：魏颖；手机：13629248797；邮编：710021   ','魏俊梅'),(208,'CONFIRMED','见邮件 ','69#olivia_ch738 楼','87',1,5.76,'EXPRESS',10.00,491.00,491.00,NULL,'2011-10-16 23:51:35','爸妈网第69号团购','NOT_PREPARED',NULL,NULL,NULL,'张琦　（南京）江苏省南京市北京东路４号江苏广电城24楼网络公司　210008 13851537746   ','张琦'),(209,'CONFIRMED','无误 ','转账','88',1,9.70,'EXPRESS',75.00,151.00,105.00,NULL,'2011-10-16 23:51:35','爸妈网第69号团购','NOT_PREPARED',NULL,NULL,NULL,'辽宁省 沈阳市 沈河区文艺路 1 \n9-1-12 地王国际大厦12楼 英格瓷阿斯创公司 李威威 收 电话 024 83963392 \n手机：18640058729 ','李威威'),(210,'CONFIRMED','无误  ','69#+睿妈空间+806楼','89',2,7.10,'POST',36.00,921.00,921.00,NULL,'2011-10-16 23:51:35','爸妈网第69号团购','NOT_PREPARED',NULL,'',NULL,'重庆市黔江区黔龙街269号403办公室，佘丹收，13983560098,409000','佘丹'),(211,'CONFIRMED','无误 ','69#+deepautumn+843楼','90',1,3.30,'EXPRESS',8.00,206.00,206.00,NULL,'2011-10-16 23:51:35','爸妈网第69号团购','NOT_PREPARED',NULL,NULL,NULL,'魏红芹+上海市+延安西路1740弄32号乙101室+200051+手机：13917431130   ','魏红芹'),(212,'CONFIRMED','无误 ','69#+yixuan200609+530楼','91',1,4.50,'POST',25.00,450.00,450.00,NULL,'2011-10-16 23:51:35','爸妈网第69号团购','NOT_PREPARED',NULL,NULL,NULL,'赵莉+武汉+武汉理工大学工大路15亩地6栋2单元2楼+15308637599+430070   ','赵莉'),(213,'CONFIRMED','无误  ','69#MJYYX837楼','92',2,5.00,'EXPRESS',9.00,487.00,487.00,NULL,'2011-10-16 23:51:35','爸妈网第69号团购','NOT_PREPARED',NULL,'',NULL,'杨毅昕 上海市浦东南路528号南塔14楼 上海联创建筑设计有限公司 13701855954 200120   ','杨毅昕'),(214,'CONFIRMED','无误  ','69#魏玛妈791楼','93',1,13.56,'POST',22.00,362.00,362.00,NULL,'2011-10-16 23:51:36','爸妈网第69号团购','NOT_PREPARED',NULL,NULL,NULL,'夏明静；安徽合肥；安徽合肥包河区文明办（包河大道118号/包河区政府北楼717房间）13965070550；邮编：230051   ','夏明静'),(215,'CONFIRMED','无误  ','69#我的小可爱884楼','94',1,3.85,'EXPRESS',23.00,403.00,403.00,NULL,'2011-10-16 23:51:36','爸妈网第69号团购','NOT_PREPARED',NULL,NULL,NULL,'山东济南市山大路183号 孙军 250014 13791059161 105号团品一套   ','孙军'),(216,'CONFIRMED','无误  ','69#笑在我心282楼','95',1,16.38,'POST',36.00,1631.00,1631.00,NULL,'2011-10-16 23:51:36','爸妈网第69号团购','NOT_PREPARED',NULL,NULL,NULL,'姓名：肖汉珍 城市：武汉市地址：湖北省武汉市洪山区珞喻路726号鲁巷广场购物中心总服务台电话：13554189510 邮编：430074   ','肖汉珍'),(217,'CONFIRMED','无误  ','69#肥皂泡泡272楼','96',1,3.30,'EXPRESS',8.00,206.00,206.00,NULL,'2011-10-16 23:51:36','爸妈网第69号团购','NOT_PREPARED',NULL,NULL,NULL,'张瑜芳 上海 肇嘉浜路1065(甲)号飞雕国际大厦1405室 13601807580， 200030 （周一到周五）   ','张瑜芳'),(218,'CONFIRMED','无误  ','69#肥葉子Queen 395#','97',2,10.58,'EXPRESS',15.00,1820.00,1839.00,NULL,'2011-10-16 23:51:36','爸妈网第69号团购','NOT_PREPARED',NULL,'',NULL,'姓名：叶子城市：浙江温州地址：鹿城区牛山北路银竹花苑5幢304室电话：15857716111 邮编：325000   ','叶子'),(219,'CONFIRMED','见邮件 ','69#lx_ynb413楼','98',1,19.08,'EXPRESS',24.00,459.00,459.00,NULL,'2011-10-16 23:51:36','爸妈网第69号团购','NOT_PREPARED',NULL,NULL,NULL,'李雪，上海市虹口区欧阳路378弄16号502室，TEL：13918756909，邮编：200081   ','李雪'),(220,'CONFIRMED','无误  ','69#+yuanfang+908#','99',2,5.20,'EXPRESS',10.00,181.00,199.00,NULL,'2011-10-16 23:51:36','爸妈网第69号团购','NOT_PREPARED',NULL,'',NULL,'孙荣 上海 徐汇区 钦州北路1122号89号楼9楼 200233 电话：13564791669   ','孙荣'),(221,'CONFIRMED','无误  ','69#+yayaliang+902#','100',1,3.30,'EXPRESS',8.00,206.00,208.00,NULL,'2011-10-16 23:51:36','爸妈网第69号团购','NOT_PREPARED',NULL,NULL,NULL,'留言：收货人姓名：梁琴城市：江苏昆山地址：黑龙江北路55号电话：13862601222邮编：215300','梁琴'),(252,'CONFIRMED','退款 ','69#xjalypiao896楼','101',2,9.80,'POST',18.00,317.00,317.00,NULL,'2011-10-16 23:51:45','爸妈网第69号团购','NOT_PREPARED',NULL,'',NULL,'许静，北京，北京市海淀区复兴路22号75号楼人民军医出版社，13581902806，100036\r\n\r\n顺丰到付','许静'),(253,'CONFIRMED','无误 ','69#+金宝宝1212+312楼','102',2,5.72,'POST',25.00,510.00,510.00,NULL,'2011-10-16 23:51:46','爸妈网第69号团购','NOT_PREPARED',NULL,'',NULL,'王宛玉+河南南阳+供电公司+13419910282+473000   ','尹进'),(254,'CONFIRMED','无误  ','69#maiomaont159层','103',1,5.90,'EXPRESS',10.00,658.00,658.00,NULL,'2011-10-16 23:51:46','爸妈网第69号团购','NOT_PREPARED',NULL,NULL,NULL,'马颖江苏省南通市太阳鑫城3#楼611室（邮编：226000）；手机：13485113091   ','马颖'),(255,'CONFIRMED','见邮件 ','69#+幸福的小熊熊+921层','104',1,5.60,'EXPRESS',0.00,633.00,643.00,NULL,'2011-10-16 23:51:46','爸妈网第69号团购','NOT_PREPARED',NULL,NULL,NULL,'姓名+城市+地址+电话+邮编','陈畅'),(256,'CONFIRMED','见邮件 ','69#食疗551','105',1,10.14,'EXPRESS',15.00,321.00,321.00,NULL,'2011-10-16 23:51:46','爸妈网第69号团购','NOT_PREPARED',NULL,NULL,NULL,'冯斌，上海，上海市淞虹路855弄11号601室，13916458686，200335 收货人','冯斌'),(257,'CONFIRMED','无误  ','69#美智690楼','106',3,10.92,'EXPRESS',82.00,2238.00,2238.00,NULL,'2011-10-16 23:51:46','爸妈网第69号团购','NOT_PREPARED',NULL,'',NULL,'辽宁','王玲'),(258,'CONFIRMED','无误 ','69#+baoer+796楼','107',2,7.42,'EXPRESS',59.00,1071.00,1071.00,NULL,'2011-10-16 23:51:46','爸妈网第69号团购','NOT_PREPARED',NULL,'',NULL,'霍怡捷+陕西省西安市龙渠堡106号+13152105825+710048   ','霍怡捷'),(259,'CONFIRMED','无误  ','69#cloversan810楼','108',1,2.94,'EXPRESS',18.00,231.00,231.00,NULL,'2011-10-16 23:51:46','爸妈网第69号团购','NOT_PREPARED',NULL,NULL,NULL,'赵青云 广东省江门市蓬江区东华一路金华商业中心828 13702279933 529000   ','赵青云'),(260,'CONFIRMED','缺快递费 ','69#+dongrong327+941','109',2,36.54,'POST',36.00,6991.00,6955.00,NULL,'2011-10-16 23:51:46','爸妈网第69号团购','NOT_PREPARED',NULL,'',NULL,'四川省成都市高升桥路9号罗浮世家 2-4-203 董蓉 13084418480 （走平邮）   ','董蓉'),(261,'CONFIRMED','无误  ','69#+fjj82+960楼','110',1,4.50,'EXPRESS',9.00,434.00,434.00,NULL,'2011-10-16 23:51:46','爸妈网第69号团购','NOT_PREPARED',NULL,NULL,NULL,'冯敬晶，江苏省南通市，外环北路88号南通市动物卫生监督所，13861984468，,226011   ','冯敬晶'),(262,'CONFIRMED','无误 ','69# hhxx 932楼','111',1,9.86,'EXPRESS',14.00,286.00,286.00,NULL,'2011-10-16 23:51:46','爸妈网第69号团购','NOT_PREPARED',NULL,NULL,NULL,'姓名:周蔚城市地址：上海市闵行区山花路108弄31号902室电话：13916218317 邮编：201100   ','周蔚'),(263,'CONFIRMED','见邮件 ','69#+cyndafu+937#','112',2,8.98,'EXPRESS',13.00,636.00,636.00,NULL,'2011-10-16 23:51:46','爸妈网第69号团购','NOT_PREPARED',NULL,'',NULL,'江苏省苏州工业园区胜浦镇金胜路1号资讯处 215126 13913542117   ','李云'),(264,'CONFIRMED','无误 ','69#千顷秋950#','113',2,23.32,'EXPRESS',28.00,304.00,304.00,NULL,'2011-10-16 23:51:46','爸妈网第69号团购','NOT_PREPARED',NULL,'',NULL,'丁婉芬 城市：浙江省绍兴市 地址：中兴北路339号华汇昌安大厦9楼计算中心 电话：13858457943 邮编：312000   ','丁婉芬'),(265,'CONFIRMED','无误 ','69#+论坛ID meimeiadou+楼层597','114',2,14.14,'POST',25.00,519.00,519.00,NULL,'2011-10-16 23:51:46','爸妈网第69号团购','NOT_PREPARED',NULL,'',NULL,'姓名 高鲁阳+地址：河北省涿州市甲秀路东方地球物理公司研究院设备物资部+电话13933230501+邮编072751   ','丁闫'),(266,'CONFIRMED','无误  ','69#fate811,933楼','115',1,4.50,'EXPRESS',9.00,434.00,434.00,NULL,'2011-10-16 23:51:46','爸妈网第69号团购','NOT_PREPARED',NULL,NULL,NULL,'张筠 宁波 浙江省宁波市海曙区中山东路137#红帮大厦6楼 新世界百货财务部 13884496107 315000   ','张筠'),(267,'CONFIRMED','无误  ','69#+论坛ID栗子冰冰+楼层948#','116',1,8.70,'POST',36.00,985.00,985.00,NULL,'2011-10-16 23:51:46','爸妈网第69号团购','NOT_PREPARED',NULL,NULL,NULL,'姓名：简洁城市：广西南宁地址：广西南宁市新竹路43号电话13006916967 邮编：530022','简洁'),(268,'CONFIRMED','无误  ','69#librapig321楼','117',1,9.10,'EXPRESS',53.00,1126.00,1126.00,NULL,'2011-10-16 23:51:46','爸妈网第69号团购','NOT_PREPARED',NULL,NULL,NULL,'江涛，北京，海淀区红山口甲3号，13581955988,100091   ','潘征'),(269,'CONFIRMED','见邮件 ','#69爱小宝820楼','118',1,2.70,'EXPRESS',7.00,167.00,167.00,NULL,'2011-10-16 23:51:46','爸妈网第69号团购','NOT_PREPARED',NULL,NULL,NULL,'王珏+上海市+普陀区谈家渡路28号南区5楼B座+13701623881+200063 请工作日送到   ','王珏'),(270,'CONFIRMED','退款 ','69#+蕙质兰心+879','119',2,6.94,'EXPRESS',38.00,685.00,682.00,NULL,'2011-10-16 23:51:46','爸妈网第69号团购','NOT_PREPARED',NULL,'',NULL,'许惠兰 广东汕头潮南区峡山广祥路694 号 15815219904 515144 平邮   ','许惠兰'),(271,'CONFIRMED','无误  ','69#znlai842楼','120',1,3.30,'POST',15.00,213.00,213.00,NULL,'2011-10-16 23:51:46','爸妈网第69号团购','NOT_PREPARED',NULL,NULL,NULL,'俞黎雯 ， ，福建省 厦门市 思明区 仙岳路558号联发花园一层爱婴室 ，13959297101 ，361000   ','王宗来'),(302,'CONFIRMED','无误  ','69# kedge 995楼','121',2,3.30,'EXPRESS',23.00,221.00,221.00,NULL,'2011-10-16 23:51:57','爸妈网第69号团购','NOT_PREPARED',NULL,'',NULL,'广东省 深圳 福田区 皇岗北路 5011号 九星印刷 财务部 13670091503 518035   ','刘晓小'),(303,'CONFIRMED','见邮件 ','69#+hbmiaomiao11+476楼','122',1,5.86,'EXPRESS',35.00,581.00,581.00,NULL,'2011-10-16 23:51:58','爸妈网第69号团购','NOT_PREPARED',NULL,NULL,NULL,'姓名：赵艳平 +城市：湖北襄樊 +地址：湖北省襄樊市樊城区财政局（高庄街3号） +电话：13871605656 邮编：441002   ','赵艳平'),(304,'CONFIRMED','退款 ','69#  redmouseliang05  742楼','123',2,6.26,'EXPRESS',38.00,724.00,721.00,NULL,'2011-10-16 23:51:58','爸妈网第69号团购','NOT_PREPARED',NULL,'13410498083',NULL,'梁红青 广东省深圳市福田区红荔西路上步工业区10栋 邮编518028 电话13410498083 （差3元钱）','宋小敏'),(305,'CONFIRMED','见邮件 ','69#  陆阳阳20070213   988楼','124',1,5.20,'EXPRESS',10.00,196.00,196.00,NULL,'2011-10-16 23:51:58','爸妈网第69号团购','NOT_PREPARED',NULL,NULL,NULL,'收货人：陆少娟城市：江苏徐州地址：徐州市肿瘤医院儿科电话：15852481295 邮编：221005   ','陆少娟'),(306,'CONFIRMED','无误 ','69#婷婷妈妈532楼','125',1,13.16,'POST',25.00,457.00,457.00,NULL,'2011-10-16 23:51:58','爸妈网第69号团购','NOT_PREPARED',NULL,NULL,NULL,'刘静+河北省涿州市+物探局2号院19号楼116房间+13513432273+072750   ','宋群会'),(307,'CONFIRMED','无误 ','69# lqhu 768楼','126',1,4.28,'POST',15.00,163.00,163.00,NULL,'2011-10-16 23:51:58','爸妈网第69号团购','NOT_PREPARED',NULL,NULL,NULL,'深圳市福田区园岭园东花园1栋28F 刘秋鹄 电话13509688320 邮编518000   ','刘秋鹄'),(308,'CONFIRMED','无误 ','69#勤劳的小懒洋197楼','127',3,1.30,'EXPRESS',8.00,0.00,0.00,NULL,'2011-10-16 23:51:58','爸妈网第69号团购','NOT_PREPARED',NULL,'',NULL,'上海普陀区真华路388弄14号1102 张健 收 联系电话：13917869333   （合并到另一个订单里）','张健'),(309,'CONFIRMED','无误 ','69#勤劳的小懒洋197楼','127',2,11.34,'EXPRESS',16.00,503.00,498.00,NULL,'2011-10-16 23:51:58','爸妈网第69号团购','NOT_PREPARED',NULL,'',NULL,'上海普陀区真华路388弄14号1102 张健 收 联系电话：13917869333   ','张健'),(310,'CONFIRMED','无误 ','69#diana_d585楼','128',1,5.38,'POST',15.00,153.00,153.00,NULL,'2011-10-16 23:51:58','爸妈网第69号团购','NOT_PREPARED',NULL,NULL,NULL,'邓燕 成都市青羊大道8号成都花园望郡B区68-1-18 18980806184 610072   ','邓燕'),(311,'CONFIRMED','无误 ','69#榕树海411楼','129',1,3.46,'POST',10.00,93.00,93.00,NULL,'2011-10-16 23:51:58','爸妈网第69号团购','NOT_PREPARED',NULL,NULL,NULL,'陈碧茹漳州市福建省漳州市龙海市石码镇紫光路吉祥楼401室15960699193+363100   ','王志超'),(312,'CONFIRMED','见邮件 ','69#+693111992+490楼','130',2,8.56,'EXPRESS',48.00,1002.00,1002.00,NULL,'2011-10-16 23:51:58','爸妈网第69号团购','NOT_PREPARED',NULL,'',NULL,'广东省广州经济技术开发区东区骏功路20号+13725209216+510530 请注明:一定要本人签收快递   ','廖日秀'),(313,'CONFIRMED','无误  ','69#+lazycat1976+999#','131',1,3.00,'POST',18.00,298.00,298.00,NULL,'2011-10-16 23:51:58','爸妈网第69号团购','NOT_PREPARED',NULL,NULL,NULL,'王悦琴，北京，北京市昌平区回龙观田园风光雅苑6号楼5单元-201，电话15901369787 邮编102208   ','别负远'),(314,'CONFIRMED','无误  ','69#B0909卓卓妈1030#','132',1,7.42,'POST',30.00,622.00,622.00,NULL,'2011-10-16 23:51:58','爸妈网第69号团购','NOT_PREPARED',NULL,NULL,NULL,'郭卫新广东省深圳市福田区下沙一坊81号203房邮编:518000 电话:13510907975   ','郭卫新'),(315,'CONFIRMED','无误  ','69# +littlebat+925楼','133',5,6.06,'POST',30.00,500.00,525.00,NULL,'2011-10-16 23:51:58','爸妈网第69号团购','NOT_PREPARED',NULL,'',NULL,'辽宁省 大连市 金州区金石滩国家旅游度假区中心大街9号枫叶教育园区集团人力资源部  13842669869,116000   ','邓婉婷'),(316,'CONFIRMED','见邮件 ','69#yingshanhongkai 1032楼','134',2,20.92,'EXPRESS',25.00,881.00,881.00,NULL,'2011-10-16 23:51:58','爸妈网第69号团购','NOT_PREPARED',NULL,'',NULL,'浙江省杭州市西湖区学院路58号华星创业大厦203 13666685292 310000   ','傅小龙'),(317,'CONFIRMED','见邮件 ','69#+微凡+1033','135',1,6.92,'EXPRESS',0.00,559.00,597.00,NULL,'2011-10-16 23:51:58','爸妈网第69号团购','NOT_PREPARED',NULL,NULL,NULL,'无地址信息','郑琦'),(318,'CONFIRMED','无误 ','69# shopping66200 97楼','136',1,6.70,'EXPRESS',11.00,759.00,759.00,NULL,'2011-10-16 23:51:58','爸妈网第69号团购','NOT_PREPARED',NULL,NULL,NULL,'上海浦东荷泽路418弄25-402室 13918028632 200129   ','陈可'),(319,'CONFIRMED',' ','69＃小野妈妈819楼','137',2,15.64,'EXPRESS',20.00,1876.00,1876.00,NULL,'2011-10-16 23:51:58','爸妈网第69号团购','NOT_PREPARED',NULL,'',NULL,'浙江省宁波市北仑区长江路都会经典3幢801室 13857461599 315800','蒲晓勤'),(320,'CONFIRMED',' ','69#+yashia+689楼','138',2,50.16,'EXPRESS',55.00,4812.00,4812.00,NULL,'2011-10-16 23:51:58','爸妈网第69号团购','NOT_PREPARED',NULL,'',NULL,'一共两笔付款4812元，这是第二笔朱健芳上海市浦东南路256号1102室邮编200120 联系电话13917522293   ','刘浩'),(321,'CONFIRMED','无误  ','69#+ekixia+110','139',1,12.40,'POST',36.00,1156.00,1156.00,NULL,'2011-10-16 23:51:58','爸妈网第69号团购','NOT_PREPARED',NULL,NULL,NULL,'收货地址：湖南省长沙市韶山北路159号通程大酒店1512室邮编：410011 收货人：易 \n昕手机：13507318005 ','易昕'),(322,'CONFIRMED','无误  ','69#大波斯菊991楼','140',2,16.84,'POST',35.00,666.00,666.00,NULL,'2011-10-16 23:51:58','爸妈网第69号团购','NOT_PREPARED',NULL,'',NULL,'辽宁省 营口市 站前区 万有街98号楼2单元5楼13号 115000 13204171685   ','高勇'),(352,'CONFIRMED','无误 ','69#翔翔妈妈1088楼','142',2,10.30,'POST',36.00,1336.00,1336.00,NULL,'2011-10-16 23:52:13','爸妈网第69号团购','NOT_PREPARED',NULL,'',NULL,'山东省济南市天桥区东工商河路68号6楼 李艳敏 收电话：15615313319 18678899697 邮编：250031   ','李艳敏'),(353,'CONFIRMED','无误  ','69#jasmine1376+500','143',1,3.30,'POST',15.00,213.00,213.00,NULL,'2011-10-16 23:52:14','爸妈网第69号团购','NOT_PREPARED',NULL,NULL,NULL,'杨波，北京，石景山区鲁谷大街重兴园9号楼2单元402室，13241262235，100040   ','杨波'),(354,'CONFIRMED','无误  ','69#phh2700  593楼','144',2,11.18,'EXPRESS',16.00,670.00,689.00,NULL,'2011-10-16 23:52:14','爸妈网第69号团购','NOT_PREPARED',NULL,'',NULL,'浙江省杭州市下城区现代名苑6幢1单元402 电话号码：13957329317 邮编：310004   （多付了邮费）','徐君'),(355,'CONFIRMED','见邮件 ','69#caone999第1096楼（1095）','145',2,5.30,'EXPRESS',10.00,406.00,406.00,NULL,'2011-10-16 23:52:14','爸妈网第69号团购','NOT_PREPARED',NULL,'',NULL,'汤慧敏+上海+浦东新区南码头路1136弄35号乙5号窗口+13701802425+200125   ','汤慧敏'),(356,'CONFIRMED','无误 ','69#weierp1099楼','147',1,16.40,'EXPRESS',21.00,283.00,283.00,NULL,'2011-10-16 23:52:14','爸妈网第69号团购','NOT_PREPARED',NULL,NULL,NULL,'地址：江苏省张家港市杨舍镇亨通花园53幢507室（新市河路）收货人：庞蔚邮编：215600 联系电话：13701567783','庞蔚'),(357,'CONFIRMED','见邮件 ','69#lan352125 1021楼','148',1,4.50,'EXPRESS',9.00,434.00,434.00,NULL,'2011-10-16 23:52:14','爸妈网第69号团购','NOT_PREPARED',NULL,NULL,NULL,'洪晓玲 江苏省丹阳市司徒镇丹伏路88号海昌隐形眼镜有限公司 电话：15952943059 邮编：212331   ','王富和'),(358,'CONFIRMED','无误  ','69#tiantianran1094楼','149',1,3.30,'EXPRESS',8.00,206.00,206.00,NULL,'2011-10-16 23:52:14','爸妈网第69号团购','NOT_PREPARED',NULL,NULL,NULL,'江苏省徐州市中山北路231号北大众 庞芳 13776583095 221000   ','庞芳'),(359,'CONFIRMED','无误 ','#69团 1056楼 凤舞九天','150',1,2.92,'POST',10.00,109.00,109.00,NULL,'2011-10-16 23:52:14','爸妈网第69号团购','NOT_PREPARED',NULL,NULL,NULL,'我的地址是山东济宁市新世界广场北舜泰园小区#7楼6楼A东朱含含 15605476896','朱含含'),(360,'CONFIRMED','无误  ','69#eilleen7698 710楼层（709）','152',1,6.66,'POST',35.00,664.00,664.00,NULL,'2011-10-16 23:52:14','爸妈网第69号团购','NOT_PREPARED',NULL,NULL,NULL,'范爱霞 河南省濮阳市中原油田采油一厂地质研究所 13213929538 457071','范爱霞'),(361,'CONFIRMED','无误 ','69#淘淘Riby953楼（952）','153',1,5.16,'POST',25.00,523.00,523.00,NULL,'2011-10-16 23:52:14','爸妈网第69号团购','NOT_PREPARED',NULL,NULL,NULL,'收货人：姜宁地址：哈尔滨市南岗区闽江小区一期18栋5单元603室邮编：15001 电话：13054275060   ','姜宁'),(362,'CONFIRMED','见邮件 ','69#chergu426楼','154',1,8.64,'EXPRESS',13.00,575.00,575.00,NULL,'2011-10-16 23:52:14','爸妈网第69号团购','NOT_PREPARED',NULL,NULL,NULL,'浙江省西湖区华星路12号1单元202室','顾雪飞'),(363,'CONFIRMED','无误 ','69#第1072楼jsxzhl','155',1,6.28,'EXPRESS',11.00,201.00,201.00,NULL,'2011-10-16 23:52:14','爸妈网第69号团购','NOT_PREPARED',NULL,NULL,NULL,'贺琳+江苏省徐州市+南三环森活绿郡小区4-2-202室+13813481087+221008   ','胡强'),(364,'CONFIRMED','无误  ','69# Beanmother 1217楼','156',2,3.30,'EXPRESS',23.00,221.00,221.00,NULL,'2011-10-16 23:52:14','爸妈网第69号团购','NOT_PREPARED',NULL,'',NULL,'广东省广州市竹丝岗三马路8号701楼 13903011388   ','章舜慧'),(365,'CONFIRMED','无误 ','69#+beanmother+1126','156',1,6.82,'POST',15.00,172.00,172.00,NULL,'2011-10-16 23:52:14','爸妈网第69号团购','NOT_PREPARED',NULL,NULL,NULL,'章舜慧 广州竹丝岗三马路8号701房 13903011388 510000   ','章舜慧'),(366,'CONFIRMED','无误  ','69#论坛ID15067625楼层404楼','157',1,11.58,'EXPRESS',16.00,1699.00,1699.00,NULL,'2011-10-16 23:52:14','爸妈网第69号团购','NOT_PREPARED',NULL,NULL,NULL,'齐宏，杭州市滨江区泰安路199号浙江农资大厦1111室，电话13516829752，邮编310052   ','孙树森'),(367,'CONFIRMED','见邮件 ','69#snowksg401楼','158',1,6.72,'EXPRESS',40.00,580.00,580.00,NULL,'2011-10-16 23:52:14','爸妈网第69号团购','NOT_PREPARED',NULL,NULL,NULL,'杨宁+丹江口市+湖北省丹江口市汉江集团信息中心+13986905678+442700   ','杨宁'),(368,'CONFIRMED','无误 ','69#+ljm33844+497楼','159',1,4.70,'EXPRESS',38.00,1018.00,1018.00,NULL,'2011-10-16 23:52:14','爸妈网第69号团购','NOT_PREPARED',NULL,NULL,NULL,'收货人：李俊梅地址：广西南宁秀灵路37号广西工业职业技术学院东区10栋701号邮编：5 \n30001 联系电话：13978814911 ','李俊梅'),(369,'CONFIRMED','见邮件 ','69#穗倪宝贝1125楼','160',1,3.30,'EXPRESS',23.00,221.00,221.00,NULL,'2011-10-16 23:52:14','爸妈网第69号团购','NOT_PREPARED',NULL,NULL,NULL,'胡扬辉广东省深圳市龙岗区布吉龙威花园1栋5单元503 18927499695 518000   ','胡扬辉'),(402,'CONFIRMED','无误  ','69#小语妈妈1141楼','161',2,9.00,'EXPRESS',13.00,635.00,646.00,NULL,'2011-10-17 01:56:21','爸妈网第69号团购','NOT_PREPARED',NULL,'',NULL,'浙江省余姚市阳明东路264号，邮编：315400电话：13116775060或057422665568  （分两次付的 457+189) ','施华波'),(403,'CONFIRMED','见邮件 ','69＃小野妈妈819楼','162',1,5.54,'EXPRESS',33.00,516.00,516.00,NULL,'2011-10-17 01:56:21','爸妈网第69号团购','NOT_PREPARED',NULL,NULL,NULL,'白小进 北京市朝阳区首都机场老候机楼国航客舱服务部N309 13699257144 100621   ','蒲晓勤'),(404,'CONFIRMED','见邮件 ','69#+bigsandy+717楼','163',1,9.04,'EXPRESS',14.00,388.00,388.00,NULL,'2011-10-17 01:56:21','爸妈网第69号团购','NOT_PREPARED',NULL,NULL,NULL,'留言：上海市普陀区绥德路128号 杨雅琦 13040626149 021-660800 \n','杨雅琦'),(405,'CONFIRMED','无误  ','69#zlynancy1140楼','164',1,8.34,'POST',36.00,1029.00,1029.00,NULL,'2011-10-17 01:56:21','爸妈网第69号团购','NOT_PREPARED',NULL,NULL,NULL,'周漓云广西桂林七星花园世纪新城5号楼306 541004 13977318826  ','周漓云'),(406,'CONFIRMED','退款 ','转账（69#tybaby1025楼 ）','166',2,3.10,'POST',15.00,197.00,297.00,NULL,'2011-10-17 01:56:21','爸妈网第69号团购','NOT_PREPARED',NULL,'',NULL,'山西省 太原市 万柏林区 漪汾街53号200信箱7号 030027 13643611390','张忠峰'),(407,'CONFIRMED','无误  ','69#+karenf_yin+619楼','167',2,17.58,'EXPRESS',22.00,1052.00,1052.00,NULL,'2011-10-17 01:56:21','爸妈网第69号团购','NOT_PREPARED',NULL,'',NULL,'上海市 七莘路 2288弄26号401室+13817632923+201101   ','李伟平'),(408,'CONFIRMED','无误  ','69#桃桃1157楼','168',1,4.80,'POST',25.00,458.00,458.00,NULL,'2011-10-17 01:56:21','爸妈网第69号团购','NOT_PREPARED',NULL,NULL,NULL,'徐文琦 山东省淄博市张店区远景花园滋欣苑3号楼2单元302室 15666705326 255000   ','徐文琦'),(409,'CONFIRMED','补款 ','69# taotaogouzyh 1006楼','169',2,7.10,'EXPRESS',12.00,887.00,500.00,NULL,'2011-10-17 01:56:21','爸妈网第69号团购','NOT_PREPARED',NULL,'',NULL,'章迎华浙江宁波镇海庄市中兴中学 315201 13586833876  15好，已经补款 375，待核实  ','章迎华'),(410,'CONFIRMED','无误 ','69#jim442楼','170',1,4.30,'POST',25.00,488.00,488.00,NULL,'2011-10-17 01:56:21','爸妈网第69号团购','NOT_PREPARED',NULL,NULL,NULL,'戴昕+辽宁省大连市中山区解放路604号小二楼左数第一家+13387877620+116013   ','戴亦晖'),(411,'CONFIRMED','无误 ','69#lssj804 楼层1151楼','173',2,4.98,'POST',15.00,142.00,138.00,NULL,'2011-10-17 01:56:22','爸妈网第69号团购','NOT_PREPARED',NULL,'',NULL,'福建省 福州市五一北路162号厦门国际银行福州分行电话：13305929315 邮编：350005   ','吴荣荣'),(412,'CONFIRMED','无误  ','69#+xmy+811楼','174',1,7.88,'EXPRESS',43.00,783.00,783.00,NULL,'2011-10-17 01:56:22','爸妈网第69号团购','NOT_PREPARED',NULL,NULL,NULL,'高越 山东淄博 张店区王舍二区16#楼2单元3楼西户 15553301906 255000   ','吕国红'),(413,'CONFIRMED','无误  ','69#hjxdesign973楼','175',1,3.30,'EXPRESS',8.00,206.00,206.00,NULL,'2011-10-17 01:56:22','爸妈网第69号团购','NOT_PREPARED',NULL,NULL,NULL,'收货人：洪妮地址：上海市长宁区幸福路88号906室电话：13611757297 62830269 邮编 ：200052   ','黄均祥'),(414,'CONFIRMED','无误 ','69#+fayer9+325楼','176',1,4.74,'EXPRESS',9.00,129.00,129.00,NULL,'2011-10-17 01:56:22','爸妈网第69号团购','NOT_PREPARED',NULL,NULL,NULL,'姓名：陆颜萍城市：江苏省苏州市地址：江苏省苏州市新区阳山工业园旁西金芝路2号俊峰电子第1幢意迪特电话：13656227353 邮编：215151   ','陆颜萍'),(415,'CONFIRMED','无误 ','69# agile 1190 楼','177',2,3.30,'EXPRESS',23.00,221.00,221.00,NULL,'2011-10-17 01:56:22','爸妈网第69号团购','NOT_PREPARED',NULL,'',NULL,'广东省佛山市顺德区容桂容奇大道中丽雅豪苑C座307 谢敏收 手机：1392 \r\n8229980 ','谢敏'),(416,'CONFIRMED','见邮件 ','69#家有三宝232楼','178',2,15.12,'EXPRESS',20.00,1305.00,1315.00,NULL,'2011-10-17 01:56:22','爸妈网第69号团购','NOT_PREPARED',NULL,'',NULL,'江苏省如皋市锦绣苑604幢307室 电话18962708355 邮编226500 请星期六星期日两天送货   ','田继武'),(417,'CONFIRMED','无误 ','69#+健康最重要2011+355楼','180',1,6.42,'EXPRESS',11.00,199.00,199.00,NULL,'2011-10-17 01:56:22','爸妈网第69号团购','NOT_PREPARED',NULL,NULL,NULL,'陈雷+上海市+延安中路810号+13386279665+200041','李彦'),(452,'CONFIRMED',NULL,'69# 黄昏独倚阑 1111','171',1,4.50,'EXPRESS',30.00,455.00,455.00,NULL,'2011-10-17 02:13:27','爸妈网第69号团购','NOT_PREPARED',NULL,'',NULL,'福建省厦门市集美区杏林街道杏东路33号楼401 张磊 13799267180 ，快递，','张磊'),(502,'CONFIRMED','无误 ','69#  +  xmy   + 1194楼','181',2,3.50,'EXPRESS',23.00,123.00,123.00,NULL,'2011-10-17 02:16:37','爸妈网第69号团购','NOT_PREPARED',NULL,'',NULL,'高越 山东淄博 张店区王舍二区16#楼2单元3楼西户 15553301906 255000   ','吕国红'),(503,'CONFIRMED','无误  ','69#+CJF+681','182',2,6.66,'EXPRESS',38.00,859.00,859.00,NULL,'2011-10-17 02:16:38','爸妈网第69号团购','NOT_PREPARED',NULL,'',NULL,'北京市 海淀区 温泉电话局 18611050841 100095   ','齐燕颖'),(504,'CONFIRMED','无误  ','69#movie3000#1178楼','184',1,4.50,'POST',25.00,450.00,450.00,NULL,'2011-10-17 02:16:38','爸妈网第69号团购','NOT_PREPARED',NULL,NULL,NULL,'王慧卿 山西太原迎泽区桃园正街2号万博电子 030002 13934639696   ','王慧卿'),(505,'CONFIRMED','无误  ','69#大海琴心844楼','185',1,4.50,'POST',25.00,450.00,450.00,NULL,'2011-10-17 02:16:38','爸妈网第69号团购','NOT_PREPARED',NULL,NULL,NULL,'姓名:梁玉泉 ; 城市: 湖南 衡阳市 ; 收货地址:湖南 衡阳市 常宁市松柏镇衡阳水口山金信铅业公司; 电话:13975489576 7582421. 邮编:421513   ','梁玉泉'),(506,'CONFIRMED','无误 ','69# raindavis 206楼','189',1,2.40,'POST',10.00,105.00,105.00,NULL,'2011-10-17 02:16:38','爸妈网第69号团购','NOT_PREPARED',NULL,NULL,NULL,'收货人：吴林燕（惠州）地址：广东省惠州市惠城区三环南路16号河南岸威廉城邦家园1栋A座2201 电话：13719675260 邮编：516007   ','吴小姐'),(507,'CONFIRMED','无误 ','69#100501奕奕妈1183楼','190',2,5.28,'EXPRESS',10.00,468.00,458.00,NULL,'2011-10-17 02:16:38','爸妈网第69号团购','NOT_PREPARED',NULL,'',NULL,'浙江省 丽水市莲都区寿尔福路28号丽水市疾病预防控制中心+15906421159+323000 （仅书款，快递费稍后补上）   ','陈秀英'),(508,'CONFIRMED','无误 ','69#叶丁丁905楼','191',1,4.62,'POST',15.00,165.00,170.00,NULL,'2011-10-17 02:16:38','爸妈网第69号团购','NOT_PREPARED',NULL,NULL,NULL,'胡玲娟 武汉市东湖开发区关山一路1号光谷软件园A11栋5楼 安思达信息技术有限公司开发部二办公 \n室 13507182874 邮编：430074 ','叶猛'),(509,'CONFIRMED','见邮件 ','69#德香132楼','192',1,4.50,'EXPRESS',0.00,425.00,453.00,NULL,'2011-10-17 02:16:38','爸妈网第69号团购','NOT_PREPARED',NULL,NULL,NULL,'无信息','卢惠'),(510,'CONFIRMED','无误 ','69#xiaolumama892楼','194',1,14.02,'POST',18.00,265.00,265.00,NULL,'2011-10-17 02:16:38','爸妈网第69号团购','NOT_PREPARED',NULL,NULL,NULL,'宋秀丽 青岛市崂山区株洲路192号（昌硕电子有限公司） 13675328710 邮编266101 69#团书，购书清单见892楼   ','宋秀丽'),(511,'CONFIRMED','无误 ','69#开心亦儿1224楼','195',1,3.30,'EXPRESS',8.00,206.00,206.00,NULL,'2011-10-17 02:16:38','爸妈网第69号团购','NOT_PREPARED',NULL,NULL,NULL,'地址：江苏省太仓市郑和西路246号城管城西中队 王晓艳收 电话：13862374113 邮编215400   ','王志红'),(512,'CONFIRMED','无误  ','69# redluo 957楼','196',2,10.30,'EXPRESS',58.00,980.00,980.00,NULL,'2011-10-17 02:16:38','爸妈网第69号团购','NOT_PREPARED',NULL,'',NULL,'广东省深圳市福田区梅林一村84幢29F 手机13554928788 邮编518049   ','罗红'),(513,'CONFIRMED','无误 ','69#olivia_chen1223#','197',1,3.30,'EXPRESS',8.00,206.00,206.00,NULL,'2011-10-17 02:16:38','爸妈网第69号团购','NOT_PREPARED',NULL,NULL,NULL,'陈璐，上海市松江区文翔路3088弄116号402室，13917520449，201620   ','陈璐'),(514,'CONFIRMED','无误  ','69#+mj523mj+415楼','199',1,6.88,'POST',22.00,355.00,355.00,NULL,'2011-10-17 02:16:38','爸妈网第69号团购','NOT_PREPARED',NULL,NULL,NULL,'马杰 山东青岛四方区金华支路9号2号楼3单元402 电话：13706481237 邮编266044    ','马杰'),(515,'CONFIRMED','无误  ','教材团购 1232','200',1,7.96,'EXPRESS',12.00,931.00,931.00,NULL,'2011-10-17 02:16:38','爸妈网第69号团购','NOT_PREPARED',NULL,NULL,NULL,'姓名:夏焱，城市：上海，地址：上海浦东东方路969号907房间，电话：138175556 \n73，邮编：200122 ','夏焱'),(516,'CONFIRMED','无误 ','69#小猪mama 830楼','201',2,14.30,'EXPRESS',80.00,1905.00,1905.00,NULL,'2011-10-17 02:16:38','爸妈网第69号团购','NOT_PREPARED',NULL,'',NULL,'李杰辉 福建省福州市金山大道金山大景城1号楼905 邮编：350008 电话：13906928466    ','朱辉'),(517,'CONFIRMED','无误  ','69#宝贝一家亲429楼','202',2,8.92,'POST',36.00,1050.00,1050.00,NULL,'2011-10-17 02:16:38','爸妈网第69号团购','NOT_PREPARED',NULL,'',NULL,'附加单','程美系'),(518,'CONFIRMED','补款 ','69#泽泽妈1234楼','204',3,7.90,'POST',36.00,1011.00,1000.00,NULL,'2011-10-17 02:16:38','爸妈网第69号团购','NOT_PREPARED',NULL,'',NULL,'山东省淄博市周村区爱国新村25号 沈麟育 15053336037 255300 （欠11元）','沈麟育'),(519,'CONFIRMED','无误 ','69#包包1180','206',1,4.18,'EXPRESS',0.00,122.00,127.00,NULL,'2011-10-17 02:16:38','爸妈网第69号团购','NOT_PREPARED',NULL,NULL,NULL,'无信息','肖鹰'),(520,'CONFIRMED','无误 ','69#+luckyredstar+589楼（588）','207',1,6.10,'EXPRESS',0.00,660.00,660.00,NULL,'2011-10-17 02:16:38','爸妈网第69号团购','NOT_PREPARED',NULL,NULL,NULL,'关洁映+广州+北较场17号之一303+电话13318828801+邮编510060 110--东西Sight words 平装全10册 450元 108--Super Phonics 1-3 全套（6书8CD） 198元 121--Longman Primary Elect 1B - 香港小学英语书-朗文 12元   ','黄洁茹'),(521,'CONFIRMED','无误 ','69#光影天涯1213楼','208',1,4.08,'POST',10.00,102.00,102.00,NULL,'2011-10-17 02:16:38','爸妈网第69号团购','NOT_PREPARED',NULL,NULL,NULL,'文茂旻四川省自贡市自井区自贡鸿鹤化工股份有限公司规划技术处13990001990 邮编643000   ','文茂旻'),(522,'CONFIRMED','无误  ','69#芯儿芯儿303楼','209',1,5.36,'POST',25.00,484.00,484.00,NULL,'2011-10-17 02:16:38','爸妈网第69号团购','NOT_PREPARED',NULL,NULL,NULL,'王蕊芯 山东淄博临淄齐兴花园5号楼6单元301 255400 电话：15964471778，15275915778   ','王蕊芯'),(523,'CONFIRMED','无误  ','69#二娃麻麻82楼(补款)','210',2,4.50,'EXPRESS',28.00,453.00,453.00,NULL,'2011-10-17 02:16:38','爸妈网第69号团购','NOT_PREPARED',NULL,'',NULL,'北京市海淀区建西苑中里2号楼5单元503(石景山游乐园北100米) 13311162675 100043  ','杨继生'),(524,'CONFIRMED','无误  ','69#ella_a816楼','211',1,7.90,'EXPRESS',45.00,1020.00,1020.00,NULL,'2011-10-17 02:16:38','爸妈网第69号团购','NOT_PREPARED',NULL,NULL,NULL,'河北省沧州市运河区浮阳南大道13号运河公安分局出入境管理科 赵颖 15832751616,15933285858,061001   ','赵颖'),(525,'CONFIRMED','无误  ','69#molly7791 1241楼','212',2,3.00,'POST',18.00,298.00,298.00,NULL,'2011-10-17 02:16:38','爸妈网第69号团购','NOT_PREPARED',NULL,'',NULL,'河南郑州互助路1号中讯邮电咨询设计院建筑处王璐收 18637120103   ','苏惠'),(526,'CONFIRMED','无误  ','69#1980波波1158楼','213',1,5.00,'POST',25.00,503.00,503.00,NULL,'2011-10-17 02:16:38','爸妈网第69号团购','NOT_PREPARED',NULL,NULL,NULL,'哈尔滨市南岗区保健路大众嘉园3号楼7单元501室，秦春波收电话：13936190111，邮编150080   ','秦春波'),(527,'CONFIRMED','无误  ','69#+stacy+1249#','215',1,4.50,'EXPRESS',9.00,434.00,434.00,NULL,'2011-10-17 02:16:38','爸妈网第69号团购','NOT_PREPARED',NULL,NULL,NULL,' 田晓珍地址： 上海长宁路10 \n27号兆丰广场9楼 200050 电话：18917610962 ','田晓珍'),(528,'CONFIRMED','见邮件 ','69#kathyky1256楼','216',3,6.66,'EXPRESS',11.00,513.50,513.00,NULL,'2011-10-17 02:16:38','爸妈网第69号团购','NOT_PREPARED',NULL,'',NULL,'浙江省嘉兴市秀洲区新洲路亚厦风和苑康宁居9幢602室+电话:13957382348+邮编:314000 ','匡颖'),(529,'CONFIRMED','无误 ','69#+洪太阳好书地+1260 ','217',2,9.10,'POST',36.00,1109.00,1079.00,NULL,'2011-10-17 02:16:38','爸妈网第69号团购','NOT_PREPARED',NULL,'',NULL,'453000 河南新乡市人民东路环卫处家属院6号楼3单元3层东户洪亮 13903802204    （内部人员，优惠30元？） ','马庆华 ');
/*!40000 ALTER TABLE `gsm_order` ENABLE KEYS */;
UNLOCK TABLES;

--
-- Table structure for table `gsm_order_item`
--

DROP TABLE IF EXISTS `gsm_order_item`;
/*!40101 SET @saved_cs_client     = @@character_set_client */;
/*!40101 SET character_set_client = utf8 */;
CREATE TABLE `gsm_order_item` (
  `obj_id` bigint(20) NOT NULL,
  `item_count` decimal(5,0) DEFAULT NULL,
  `sent_count` decimal(5,0) DEFAULT NULL,
  `prepared_count` decimal(5,0) DEFAULT NULL,
  `unit_price` decimal(10,2) DEFAULT NULL,
  `order_id` bigint(20) DEFAULT NULL,
  `product_id` bigint(20) DEFAULT NULL,
  PRIMARY KEY (`obj_id`),
  KEY `FK_gsm_order_item_order_id` (`order_id`),
  KEY `FK_gsm_order_item_product_id` (`product_id`),
  CONSTRAINT `FK_gsm_order_item_order_id` FOREIGN KEY (`order_id`) REFERENCES `gsm_order` (`obj_id`),
  CONSTRAINT `FK_gsm_order_item_product_id` FOREIGN KEY (`product_id`) REFERENCES `gsm_product` (`obj_id`)
) ENGINE=InnoDB DEFAULT CHARSET=utf8;
/*!40101 SET character_set_client = @saved_cs_client */;

--
-- Dumping data for table `gsm_order_item`
--

LOCK TABLES `gsm_order_item` WRITE;
/*!40000 ALTER TABLE `gsm_order_item` DISABLE KEYS */;
INSERT INTO `gsm_order_item` VALUES (2,1,0,0,425.00,2,1),(3,1,0,0,450.00,2,10),(4,1,0,0,45.00,2,17),(5,1,0,0,38.00,2,18),(6,1,0,0,16.00,2,36),(7,1,0,0,45.00,3,17),(8,1,0,0,38.00,3,18),(9,1,0,0,425.00,4,1),(10,1,0,0,550.00,4,6),(11,1,0,0,198.00,4,8),(12,1,0,0,198.00,5,8),(13,1,0,0,490.00,5,13),(14,1,0,0,490.00,5,15),(15,1,0,0,50.00,5,25),(16,1,0,0,16.00,5,36),(17,1,0,0,18.00,5,38),(18,1,0,0,16.00,5,40),(19,1,0,0,5.00,5,54),(20,1,0,0,425.00,6,1),(21,1,0,0,198.00,7,8),(22,1,0,0,45.00,7,17),(23,1,0,0,10.00,7,23),(24,1,0,0,13.00,7,19),(25,1,0,0,25.00,7,47),(26,1,0,0,10.00,8,23),(27,1,0,0,2.50,8,26),(28,1,0,0,2.50,8,27),(29,1,0,0,12.00,8,33),(30,1,0,0,22.00,8,35),(31,1,0,0,20.00,8,37),(32,1,0,0,20.00,8,43),(33,1,0,0,25.00,8,47),(34,1,0,0,16.00,8,48),(35,1,0,0,5.00,8,54),(36,1,0,0,19.00,8,69),(37,1,0,0,45.00,9,17),(38,1,0,0,10.00,9,23),(39,1,0,0,50.00,9,25),(40,1,0,0,12.00,9,33),(41,1,0,0,22.00,9,34),(42,1,0,0,22.00,9,35),(43,1,0,0,20.00,9,37),(44,1,0,0,18.00,9,38),(45,1,0,0,16.00,9,42),(46,1,0,0,20.00,9,43),(47,1,0,0,9.00,9,44),(48,1,0,0,16.00,9,46),(49,1,0,0,5.00,9,54),(50,1,0,0,425.00,10,1),(51,1,0,0,22.00,10,32),(52,1,0,0,12.00,10,33),(53,1,0,0,16.00,10,36),(54,1,0,0,20.00,10,37),(55,1,0,0,16.00,10,39),(56,1,0,0,16.00,10,40),(57,1,0,0,16.00,10,42),(58,1,0,0,20.00,10,43),(59,2,0,0,38.00,10,45),(60,1,0,0,25.00,10,47),(61,1,0,0,19.00,10,68),(62,1,0,0,12.00,11,22),(63,1,0,0,198.00,11,8),(64,1,0,0,50.00,11,25),(65,1,0,0,425.00,12,1),(66,1,0,0,460.00,12,7),(67,1,0,0,16.00,12,39),(68,1,0,0,425.00,13,1),(69,1,0,0,12.00,13,33),(70,1,0,0,425.00,14,1),(71,1,0,0,10.00,14,23),(72,1,0,0,22.00,14,35),(73,1,0,0,16.00,14,40),(74,1,0,0,20.00,14,43),(75,1,0,0,5.00,14,54),(76,1,0,0,425.00,15,1),(77,1,0,0,16.00,15,40),(78,1,0,0,20.00,15,43),(79,1,0,0,450.00,16,10),(80,1,0,0,38.00,16,18),(81,1,0,0,198.00,17,8),(82,1,0,0,19.00,17,69),(83,1,0,0,19.00,17,75),(84,1,0,0,19.00,17,76),(85,1,0,0,13.00,17,19),(86,1,0,0,12.00,17,21),(87,1,0,0,280.00,18,3),(88,1,0,0,460.00,18,7),(89,1,0,0,490.00,19,11),(90,1,0,0,490.00,19,13),(91,1,0,0,490.00,19,15),(92,1,0,0,45.00,19,17),(93,1,0,0,38.00,19,18),(94,1,0,0,13.00,19,19),(95,1,0,0,13.00,19,20),(96,1,0,0,12.00,19,21),(97,1,0,0,10.00,19,23),(98,1,0,0,16.00,19,36),(99,1,0,0,18.00,19,38),(100,1,0,0,25.00,19,47),(101,1,0,0,198.00,20,8),(102,1,0,0,13.00,20,19),(103,1,0,0,13.00,20,20),(104,1,0,0,50.00,20,25),(152,1,0,0,425.00,52,1),(153,1,0,0,10.00,52,23),(154,1,0,0,2.50,52,26),(155,1,0,0,2.50,52,27),(156,1,0,0,22.00,52,35),(157,1,0,0,28.00,52,41),(158,1,0,0,4.00,52,52),(159,1,0,0,5.00,52,54),(160,1,0,0,25.00,53,47),(161,1,0,0,28.00,53,55),(162,1,0,0,8.00,53,58),(163,1,0,0,8.00,53,59),(164,1,0,0,8.00,53,60),(165,1,0,0,8.00,53,61),(166,1,0,0,8.00,53,62),(167,1,0,0,8.00,53,63),(168,1,0,0,8.00,53,64),(169,1,0,0,8.00,53,65),(170,1,0,0,425.00,54,1),(171,1,0,0,198.00,54,8),(172,1,0,0,450.00,54,10),(173,1,0,0,490.00,54,11),(174,1,0,0,390.00,54,12),(175,1,0,0,490.00,54,13),(176,1,0,0,390.00,54,14),(177,1,0,0,490.00,54,15),(178,1,0,0,390.00,54,16),(179,1,0,0,50.00,54,25),(180,1,0,0,8.00,54,62),(181,1,0,0,12.00,54,33),(182,1,0,0,3.00,54,24),(183,1,0,0,22.00,54,34),(184,1,0,0,22.00,54,34),(185,1,0,0,22.00,54,35),(186,1,0,0,22.00,54,34),(187,1,0,0,9.00,54,44),(188,1,0,0,25.00,54,47),(189,1,0,0,20.00,54,37),(190,1,0,0,5.00,54,54),(191,1,0,0,28.00,54,55),(192,1,0,0,16.00,54,40),(193,1,0,0,198.00,55,8),(194,1,0,0,198.00,56,8),(195,1,0,0,3.00,56,24),(196,1,0,0,25.00,56,47),(197,1,0,0,12.00,56,33),(198,1,0,0,13.00,57,19),(199,1,0,0,13.00,57,20),(200,1,0,0,12.00,57,33),(201,1,0,0,16.00,57,39),(202,1,0,0,16.00,57,40),(203,1,0,0,20.00,57,43),(204,1,0,0,9.00,57,44),(205,1,0,0,38.00,57,45),(206,1,0,0,425.00,58,1),(207,1,0,0,210.00,59,2),(208,1,0,0,450.00,60,10),(209,1,0,0,198.00,61,8),(210,1,0,0,460.00,62,7),(211,1,0,0,425.00,63,1),(212,1,0,0,45.00,63,17),(213,1,0,0,38.00,63,18),(214,1,0,0,22.00,63,35),(215,1,0,0,16.00,63,36),(216,1,0,0,38.00,63,45),(217,1,0,0,425.00,64,1),(218,1,0,0,45.00,64,17),(219,1,0,0,38.00,64,18),(220,1,0,0,2.50,64,26),(221,1,0,0,2.50,64,27),(222,1,0,0,6.00,64,28),(223,1,0,0,198.00,65,8),(224,1,0,0,280.00,66,3),(225,1,0,0,19.00,66,68),(226,1,0,0,198.00,67,8),(227,6,0,0,10.00,68,23),(228,1,0,0,9.00,68,44),(229,1,0,0,25.00,68,47),(230,1,0,0,160.00,69,9),(231,1,0,0,28.00,69,55),(232,1,0,0,198.00,70,8),(233,1,0,0,425.00,71,1),(234,1,0,0,45.00,71,17),(235,1,0,0,38.00,71,18),(236,1,0,0,28.00,71,41),(237,1,0,0,38.00,71,45),(238,1,0,0,5.00,71,54),(239,1,0,0,450.00,72,10),(252,1,0,0,160.00,102,9),(253,1,0,0,380.00,103,5),(254,1,0,0,38.00,103,18),(255,0,0,0,15.00,103,50),(256,1,0,0,6.00,103,28),(257,1,0,0,16.00,103,39),(258,0,0,0,6.00,103,28),(259,1,0,0,28.00,103,41),(260,1,0,0,16.00,103,40),(261,1,0,0,16.00,103,48),(262,0,0,0,6.00,103,28),(263,1,0,0,5.00,103,54),(264,1,0,0,10.00,104,23),(265,1,0,0,3.00,104,24),(266,1,0,0,2.50,104,26),(267,1,0,0,2.50,104,27),(268,1,0,0,6.00,104,28),(269,1,0,0,8.00,104,53),(270,1,0,0,5.00,104,54),(271,1,0,0,13.00,105,19),(272,1,0,0,16.00,106,42),(273,1,0,0,9.00,106,44),(274,1,0,0,16.00,106,49),(275,1,0,0,28.00,106,56),(276,1,0,0,28.00,106,57),(277,1,0,0,425.00,107,1),(278,1,0,0,198.00,108,8),(279,1,0,0,10.00,108,23),(280,1,0,0,12.00,108,33),(281,1,0,0,18.00,108,38),(282,1,0,0,16.00,108,39),(283,1,0,0,28.00,108,41),(284,1,0,0,20.00,108,43),(285,1,0,0,16.00,108,49),(286,1,0,0,15.00,108,50),(287,1,0,0,4.00,108,52),(288,1,0,0,19.00,108,69),(289,1,0,0,19.00,108,70),(290,1,0,0,19.00,108,71),(291,1,0,0,19.00,108,72),(292,1,0,0,19.00,108,75),(293,1,0,0,19.00,108,76),(294,1,0,0,425.00,109,1),(295,1,0,0,3.00,109,24),(296,1,0,0,18.00,109,38),(297,1,0,0,25.00,109,47),(298,1,0,0,5.00,109,54),(299,1,0,0,425.00,110,1),(300,1,0,0,18.00,110,38),(301,1,0,0,160.00,111,9),(302,1,0,0,160.00,112,9),(303,1,0,0,460.00,113,7),(304,1,0,0,450.00,113,10),(305,1,0,0,13.00,113,19),(306,1,0,0,13.00,113,20),(307,1,0,0,12.00,113,21),(308,1,0,0,12.00,113,22),(309,1,0,0,10.00,113,23),(310,1,0,0,50.00,113,25),(311,1,0,0,2.50,113,26),(312,1,0,0,2.50,113,27),(313,1,0,0,6.00,113,28),(314,1,0,0,22.00,113,34),(315,1,0,0,18.00,113,38),(316,1,0,0,9.00,113,44),(317,1,0,0,25.00,113,47),(318,1,0,0,4.00,113,52),(319,1,0,0,28.00,113,55),(320,1,0,0,19.00,113,71),(321,1,0,0,19.00,113,72),(322,1,0,0,19.00,113,73),(323,1,0,0,19.00,113,74),(324,1,0,0,19.00,113,75),(325,1,0,0,19.00,113,76),(326,1,0,0,19.00,113,77),(327,1,0,0,16.00,114,36),(328,1,0,0,16.00,114,39),(329,1,0,0,28.00,114,57),(330,1,0,0,45.00,115,17),(331,1,0,0,425.00,116,1),(332,1,0,0,12.00,116,21),(333,0,0,0,3.00,116,24),(334,1,0,0,12.00,116,22),(335,0,0,0,3.00,116,24),(336,1,0,0,16.00,116,36),(337,1,0,0,6.00,116,28),(338,0,0,0,6.00,116,28),(339,1,0,0,20.00,116,43),(340,0,0,0,22.00,116,32),(341,1,0,0,425.00,117,1),(342,1,0,0,28.00,117,41),(343,1,0,0,425.00,118,1),(344,1,0,0,45.00,119,17),(345,1,0,0,490.00,120,13),(346,1,0,0,425.00,121,1),(352,1,0,0,425.00,152,1),(353,1,0,0,550.00,152,6),(354,1,0,0,450.00,152,10),(355,1,0,0,13.00,153,19),(356,1,0,0,12.00,153,33),(357,1,0,0,22.00,153,34),(358,1,0,0,22.00,153,35),(359,1,0,0,18.00,153,38),(360,1,0,0,38.00,153,45),(361,1,0,0,8.00,153,58),(362,1,0,0,8.00,153,59),(363,1,0,0,8.00,153,60),(364,1,0,0,8.00,153,63),(365,1,0,0,8.00,153,65),(366,1,0,0,460.00,154,7),(367,1,0,0,13.00,155,19),(368,1,0,0,13.00,155,20),(369,1,0,0,12.00,155,33),(370,1,0,0,16.00,155,42),(371,1,0,0,22.00,155,34),(372,1,0,0,20.00,155,37),(373,1,0,0,20.00,155,43),(374,1,0,0,16.00,155,46),(375,1,0,0,25.00,155,47),(376,1,0,0,8.00,155,65),(377,1,0,0,19.00,155,68),(378,1,0,0,425.00,156,1),(379,1,0,0,10.00,156,23),(380,1,0,0,2.50,156,26),(381,1,0,0,2.50,156,27),(382,1,0,0,16.00,156,40),(383,1,0,0,25.00,156,47),(384,1,0,0,5.00,156,54),(385,1,0,0,425.00,157,1),(386,1,0,0,18.00,157,38),(387,1,0,0,5.00,157,54),(388,1,0,0,15.00,157,50),(389,1,0,0,425.00,158,1),(390,1,0,0,550.00,158,6),(391,1,0,0,210.00,159,2),(392,1,0,0,425.00,160,1),(393,1,0,0,20.00,160,37),(394,1,0,0,18.00,160,38),(395,1,0,0,450.00,161,10),(396,1,0,0,280.00,162,3),(397,1,0,0,450.00,162,10),(398,1,0,0,450.00,163,10),(399,1,0,0,12.00,163,21),(400,1,0,0,18.00,163,38),(401,1,0,0,38.00,163,45),(402,1,0,0,198.00,164,8),(403,1,0,0,198.00,165,8),(404,1,0,0,160.00,165,9),(405,1,0,0,12.00,165,33),(406,1,0,0,16.00,165,39),(407,1,0,0,4.00,165,52),(408,1,0,0,425.00,166,1),(409,1,0,0,198.00,166,8),(410,1,0,0,12.00,166,21),(411,1,0,0,12.00,166,22),(412,1,0,0,45.00,167,17),(413,1,0,0,10.00,167,23),(414,1,0,0,2.50,167,26),(415,1,0,0,2.50,167,27),(416,1,0,0,12.00,167,29),(417,1,0,0,12.00,167,31),(418,1,0,0,22.00,167,32),(419,1,0,0,12.00,167,33),(420,1,0,0,22.00,167,35),(421,1,0,0,20.00,167,37),(422,1,0,0,9.00,167,44),(423,1,0,0,25.00,167,47),(424,1,0,0,5.00,167,54),(425,1,0,0,198.00,168,8),(426,1,0,0,425.00,169,1),(427,1,0,0,550.00,169,6),(428,1,0,0,45.00,169,17),(429,1,0,0,10.00,169,23),(430,1,0,0,3.00,169,24),(431,1,0,0,2.50,169,26),(432,1,0,0,2.50,169,27),(433,1,0,0,12.00,169,29),(434,1,0,0,12.00,169,30),(435,1,0,0,12.00,169,31),(436,1,0,0,22.00,169,32),(437,1,0,0,16.00,169,36),(438,1,0,0,20.00,169,37),(439,1,0,0,18.00,169,38),(440,1,0,0,16.00,169,39),(441,1,0,0,16.00,169,40),(442,1,0,0,28.00,169,41),(443,1,0,0,16.00,169,42),(444,1,0,0,20.00,169,43),(445,1,0,0,9.00,169,44),(446,1,0,0,38.00,169,45),(447,1,0,0,16.00,169,46),(448,1,0,0,16.00,169,49),(449,1,0,0,15.00,169,50),(450,1,0,0,4.00,169,52),(451,1,0,0,8.00,169,53),(452,1,0,0,5.00,169,54),(453,1,0,0,425.00,170,1),(454,1,0,0,45.00,170,17),(455,1,0,0,38.00,170,18),(456,1,0,0,425.00,171,1),(457,1,0,0,10.00,171,23),(458,1,0,0,2.50,171,26),(459,1,0,0,2.50,171,27),(460,1,0,0,16.00,171,36),(461,1,0,0,20.00,171,37),(462,1,0,0,18.00,171,38),(463,1,0,0,16.00,171,39),(464,1,0,0,16.00,171,40),(465,1,0,0,25.00,171,47),(466,1,0,0,16.00,171,49),(467,1,0,0,5.00,171,54),(468,1,0,0,12.00,171,33),(502,1,0,0,425.00,202,1),(503,1,0,0,550.00,202,6),(504,1,0,0,198.00,202,8),(505,1,0,0,450.00,202,10),(506,1,0,0,45.00,202,17),(507,1,0,0,38.00,202,18),(508,1,0,0,12.00,202,21),(509,1,0,0,3.00,202,24),(510,1,0,0,16.00,202,39),(511,1,0,0,28.00,202,41),(512,1,0,0,4.00,202,52),(513,1,0,0,8.00,202,53),(514,1,0,0,425.00,203,1),(515,1,0,0,38.00,203,18),(516,1,0,0,3.00,203,24),(517,1,0,0,28.00,203,55),(518,1,0,0,6.00,204,28),(519,1,0,0,16.00,204,36),(520,1,0,0,20.00,204,37),(521,1,0,0,16.00,204,39),(522,1,0,0,16.00,204,40),(523,1,0,0,38.00,204,45),(524,1,0,0,15.00,204,50),(525,1,0,0,4.00,204,52),(526,1,0,0,5.00,204,54),(527,1,0,0,198.00,205,8),(528,1,0,0,425.00,206,1),(529,1,0,0,550.00,206,6),(530,2,0,0,490.00,206,11),(531,1,0,0,490.00,206,13),(532,1,0,0,13.00,206,19),(533,1,0,0,13.00,206,20),(534,1,0,0,10.00,206,23),(535,1,0,0,3.00,206,24),(536,2,0,0,2.50,206,26),(537,2,0,0,2.50,206,27),(538,1,0,0,6.00,206,28),(539,1,0,0,12.00,206,29),(540,1,0,0,12.00,206,30),(541,1,0,0,12.00,206,31),(542,1,0,0,12.00,206,33),(543,1,0,0,22.00,206,35),(544,1,0,0,16.00,206,36),(545,1,0,0,20.00,206,37),(546,1,0,0,18.00,206,38),(547,1,0,0,16.00,206,39),(548,1,0,0,16.00,206,40),(549,1,0,0,16.00,206,42),(550,1,0,0,38.00,206,45),(551,1,0,0,16.00,206,46),(552,1,0,0,5.00,206,54),(553,1,0,0,425.00,207,1),(554,1,0,0,425.00,208,1),(555,1,0,0,3.00,208,24),(556,1,0,0,12.00,208,33),(557,1,0,0,20.00,208,37),(558,1,0,0,16.00,208,49),(559,1,0,0,5.00,208,54),(560,1,0,0,19.00,209,70),(561,1,0,0,19.00,209,71),(562,1,0,0,19.00,209,72),(563,1,0,0,19.00,209,75),(564,1,0,0,425.00,210,1),(565,1,0,0,198.00,211,8),(566,1,0,0,425.00,212,1),(567,1,0,0,280.00,213,3),(568,1,0,0,198.00,214,8),(569,1,0,0,38.00,214,18),(570,1,0,0,28.00,214,55),(571,1,0,0,19.00,214,70),(572,1,0,0,19.00,214,72),(573,1,0,0,19.00,214,73),(574,1,0,0,19.00,214,75),(575,1,0,0,380.00,215,5),(576,1,0,0,425.00,216,1),(577,1,0,0,460.00,216,7),(578,1,0,0,490.00,216,13),(579,1,0,0,45.00,216,17),(580,1,0,0,12.00,216,21),(581,1,0,0,12.00,216,22),(582,1,0,0,10.00,216,23),(583,1,0,0,2.50,216,26),(584,1,0,0,2.50,216,27),(585,1,0,0,16.00,216,36),(586,1,0,0,16.00,216,39),(587,1,0,0,16.00,216,42),(588,1,0,0,20.00,216,43),(589,1,0,0,9.00,216,44),(590,1,0,0,16.00,216,48),(591,1,0,0,5.00,216,54),(592,1,0,0,19.00,216,68),(593,1,0,0,19.00,216,77),(594,1,0,0,198.00,217,8),(595,1,0,0,425.00,218,1),(596,1,0,0,550.00,218,6),(597,1,0,0,390.00,218,12),(598,1,0,0,390.00,218,14),(599,1,0,0,12.00,218,21),(600,1,0,0,12.00,218,22),(601,1,0,0,6.00,218,28),(602,1,0,0,20.00,218,37),(603,1,0,0,198.00,219,8),(604,1,0,0,50.00,219,25),(605,1,0,0,22.00,219,34),(606,1,0,0,22.00,219,35),(607,1,0,0,20.00,219,43),(608,1,0,0,28.00,219,55),(609,1,0,0,19.00,219,70),(610,1,0,0,19.00,219,72),(611,1,0,0,19.00,219,74),(612,1,0,0,19.00,219,75),(613,1,0,0,19.00,219,76),(614,1,0,0,10.00,220,23),(615,1,0,0,2.50,220,26),(616,1,0,0,2.50,220,27),(617,1,0,0,12.00,220,29),(618,1,0,0,12.00,220,30),(619,1,0,0,22.00,220,32),(620,1,0,0,12.00,220,33),(621,1,0,0,22.00,220,35),(622,2,0,0,38.00,220,45),(623,1,0,0,198.00,221,8),(652,1,0,0,10.00,252,23),(653,1,0,0,6.00,252,28),(654,1,0,0,12.00,252,33),(655,1,0,0,16.00,252,36),(656,1,0,0,20.00,252,37),(657,1,0,0,18.00,252,38),(658,1,0,0,16.00,252,39),(659,1,0,0,16.00,252,40),(660,1,0,0,28.00,252,41),(661,1,0,0,16.00,252,42),(662,1,0,0,20.00,252,43),(663,1,0,0,16.00,252,46),(664,1,0,0,25.00,252,47),(665,1,0,0,16.00,252,48),(666,1,0,0,16.00,252,49),(667,1,0,0,15.00,252,50),(668,1,0,0,5.00,252,54),(669,1,0,0,28.00,252,55),(670,1,0,0,20.00,253,43),(671,1,0,0,8.00,253,58),(672,1,0,0,8.00,253,60),(673,1,0,0,8.00,253,61),(674,1,0,0,8.00,253,63),(675,1,0,0,8.00,253,65),(676,1,0,0,198.00,254,8),(677,1,0,0,450.00,254,10),(678,1,0,0,550.00,255,6),(679,1,0,0,45.00,255,17),(680,1,0,0,38.00,255,18),(681,1,0,0,10.00,256,23),(682,1,0,0,2.50,256,26),(683,1,0,0,2.50,256,27),(684,1,0,0,6.00,256,28),(685,1,0,0,12.00,256,29),(686,1,0,0,12.00,256,30),(687,1,0,0,12.00,256,31),(688,1,0,0,22.00,256,32),(689,1,0,0,12.00,256,33),(690,1,0,0,22.00,256,34),(691,1,0,0,16.00,256,36),(692,1,0,0,20.00,256,37),(693,1,0,0,18.00,256,38),(694,1,0,0,16.00,256,40),(695,1,0,0,16.00,256,42),(696,1,0,0,9.00,256,44),(697,1,0,0,16.00,256,46),(698,1,0,0,25.00,256,47),(699,1,0,0,16.00,256,49),(700,1,0,0,8.00,256,53),(701,1,0,0,5.00,256,54),(702,1,0,0,28.00,256,55),(703,1,0,0,198.00,257,8),(704,1,0,0,550.00,258,6),(705,1,0,0,450.00,258,10),(706,1,0,0,12.00,258,33),(707,1,0,0,210.00,259,2),(708,1,0,0,3.00,259,24),(709,2,0,0,425.00,260,1),(710,3,0,0,198.00,260,8),(711,1,0,0,450.00,260,10),(712,5,0,0,490.00,260,11),(713,5,0,0,490.00,260,13),(714,1,0,0,20.00,260,37),(715,1,0,0,18.00,260,38),(716,1,0,0,16.00,260,39),(717,1,0,0,28.00,260,41),(718,1,0,0,20.00,260,43),(719,1,0,0,9.00,260,44),(720,1,0,0,16.00,260,49),(721,1,0,0,15.00,260,50),(722,1,0,0,19.00,260,73),(723,1,0,0,425.00,261,1),(724,1,0,0,3.00,262,24),(725,1,0,0,2.50,262,26),(726,1,0,0,2.50,262,27),(727,1,0,0,6.00,262,28),(728,1,0,0,12.00,262,29),(729,1,0,0,12.00,262,30),(730,1,0,0,22.00,262,32),(731,1,0,0,12.00,262,33),(732,1,0,0,22.00,262,35),(733,1,0,0,16.00,262,36),(734,1,0,0,16.00,262,39),(735,1,0,0,28.00,262,41),(736,1,0,0,20.00,262,43),(737,1,0,0,38.00,262,45),(738,1,0,0,8.00,262,53),(739,1,0,0,5.00,262,54),(740,1,0,0,28.00,262,55),(741,1,0,0,19.00,262,75),(742,1,0,0,425.00,263,1),(743,1,0,0,13.00,263,19),(744,1,0,0,13.00,263,20),(745,1,0,0,10.00,263,23),(746,1,0,0,3.00,263,24),(747,1,0,0,2.50,263,26),(748,1,0,0,2.50,263,27),(749,1,0,0,12.00,263,33),(750,1,0,0,22.00,263,35),(751,1,0,0,18.00,263,38),(752,1,0,0,38.00,263,45),(753,1,0,0,8.00,263,58),(754,1,0,0,8.00,263,59),(755,1,0,0,8.00,263,60),(756,1,0,0,8.00,263,61),(757,1,0,0,8.00,263,62),(758,1,0,0,8.00,263,63),(759,1,0,0,8.00,263,64),(760,1,0,0,8.00,263,65),(761,1,0,0,2.50,264,26),(762,1,0,0,13.00,265,19),(763,2,0,0,10.00,265,23),(764,1,0,0,12.00,265,29),(765,1,0,0,12.00,265,30),(766,1,0,0,12.00,265,31),(767,1,0,0,22.00,265,32),(768,1,0,0,12.00,265,33),(769,1,0,0,16.00,265,36),(770,3,0,0,18.00,265,38),(771,1,0,0,16.00,265,39),(772,2,0,0,16.00,265,40),(773,1,0,0,28.00,265,41),(774,1,0,0,16.00,265,42),(775,2,0,0,20.00,265,43),(776,1,0,0,38.00,265,45),(777,1,0,0,25.00,265,47),(778,1,0,0,16.00,265,49),(779,1,0,0,8.00,265,53),(780,2,0,0,5.00,265,54),(781,1,0,0,28.00,265,55),(782,1,0,0,8.00,265,58),(783,1,0,0,8.00,265,59),(784,1,0,0,8.00,265,60),(785,1,0,0,8.00,265,61),(786,1,0,0,8.00,265,62),(787,1,0,0,8.00,265,63),(788,1,0,0,8.00,265,64),(789,1,0,0,8.00,265,65),(790,1,0,0,425.00,266,1),(791,1,0,0,425.00,267,1),(792,1,0,0,460.00,267,7),(793,1,0,0,18.00,267,38),(794,1,0,0,16.00,267,40),(795,1,0,0,25.00,267,47),(796,1,0,0,5.00,267,54),(797,1,0,0,425.00,268,1),(798,1,0,0,198.00,268,8),(799,1,0,0,450.00,268,10),(800,1,0,0,160.00,269,9),(801,1,0,0,425.00,270,1),(802,1,0,0,198.00,270,8),(803,1,0,0,12.00,270,21),(804,1,0,0,12.00,270,22),(805,1,0,0,198.00,271,8),(852,1,0,0,198.00,302,8),(853,1,0,0,450.00,303,10),(854,1,0,0,6.00,303,28),(855,1,0,0,16.00,303,40),(856,1,0,0,16.00,303,42),(857,1,0,0,20.00,303,43),(858,1,0,0,38.00,303,45),(859,1,0,0,198.00,304,8),(860,1,0,0,450.00,304,10),(861,1,0,0,38.00,304,18),(862,1,0,0,45.00,305,17),(863,1,0,0,38.00,305,18),(864,1,0,0,13.00,305,19),(865,1,0,0,13.00,305,20),(866,1,0,0,12.00,305,21),(867,1,0,0,12.00,305,22),(868,1,0,0,25.00,305,47),(869,1,0,0,28.00,305,55),(870,1,0,0,45.00,306,17),(871,1,0,0,38.00,306,18),(872,1,0,0,13.00,306,19),(873,1,0,0,13.00,306,20),(874,1,0,0,50.00,306,25),(875,1,0,0,2.50,306,26),(876,1,0,0,2.50,306,27),(877,1,0,0,16.00,306,36),(878,1,0,0,20.00,306,37),(879,1,0,0,18.00,306,38),(880,1,0,0,16.00,306,39),(881,1,0,0,28.00,306,41),(882,1,0,0,20.00,306,43),(883,1,0,0,9.00,306,44),(884,1,0,0,38.00,306,45),(885,1,0,0,16.00,306,48),(886,1,0,0,16.00,306,49),(887,1,0,0,15.00,306,50),(888,1,0,0,28.00,306,55),(889,1,0,0,28.00,306,57),(890,1,0,0,2.50,307,26),(891,1,0,0,2.50,307,27),(892,1,0,0,12.00,307,33),(893,1,0,0,22.00,307,35),(894,1,0,0,20.00,307,37),(895,1,0,0,28.00,307,41),(896,1,0,0,16.00,307,42),(897,1,0,0,20.00,307,43),(898,1,0,0,9.00,307,44),(899,1,0,0,16.00,307,49),(900,0,0,0,198.00,308,8),(901,1,0,0,13.00,309,19),(902,1,0,0,13.00,309,20),(903,1,0,0,10.00,309,23),(904,1,0,0,50.00,309,25),(905,1,0,0,12.00,309,33),(906,1,0,0,22.00,309,34),(907,1,0,0,22.00,309,35),(908,1,0,0,16.00,309,36),(909,1,0,0,20.00,309,37),(910,1,0,0,16.00,309,39),(911,1,0,0,38.00,309,45),(912,1,0,0,16.00,309,46),(913,1,0,0,25.00,309,47),(914,1,0,0,16.00,309,49),(915,1,0,0,18.00,310,38),(916,1,0,0,16.00,310,39),(917,1,0,0,16.00,310,42),(918,1,0,0,38.00,310,45),(919,1,0,0,16.00,310,49),(920,1,0,0,15.00,310,50),(921,1,0,0,19.00,310,68),(922,1,0,0,10.00,311,23),(923,1,0,0,12.00,311,33),(924,1,0,0,16.00,311,42),(925,1,0,0,20.00,311,43),(926,1,0,0,9.00,311,44),(927,1,0,0,16.00,311,49),(928,1,0,0,425.00,312,1),(929,1,0,0,460.00,312,7),(930,1,0,0,18.00,312,38),(931,1,0,0,38.00,312,45),(932,1,0,0,8.00,312,53),(933,1,0,0,5.00,312,54),(934,1,0,0,280.00,313,3),(935,1,0,0,425.00,314,1),(936,1,0,0,45.00,314,17),(937,1,0,0,38.00,314,18),(938,1,0,0,6.00,314,28),(939,1,0,0,16.00,314,36),(940,1,0,0,20.00,314,37),(941,1,0,0,18.00,314,38),(942,1,0,0,16.00,314,40),(943,1,0,0,8.00,314,60),(944,1,0,0,425.00,315,1),(945,1,0,0,12.00,315,33),(946,1,0,0,20.00,315,37),(947,1,0,0,18.00,315,38),(948,1,0,0,25.00,315,47),(949,1,0,0,450.00,316,10),(950,1,0,0,45.00,316,17),(951,1,0,0,38.00,316,18),(952,1,0,0,13.00,316,19),(953,1,0,0,13.00,316,20),(954,1,0,0,3.00,316,24),(955,1,0,0,6.00,316,28),(956,1,0,0,12.00,316,33),(957,1,0,0,20.00,316,37),(958,1,0,0,18.00,316,38),(959,1,0,0,16.00,316,39),(960,1,0,0,20.00,316,43),(961,1,0,0,9.00,316,44),(962,1,0,0,38.00,316,45),(963,1,0,0,16.00,316,46),(964,1,0,0,25.00,316,47),(965,1,0,0,19.00,316,68),(966,1,0,0,19.00,316,69),(967,1,0,0,19.00,316,70),(968,1,0,0,19.00,316,71),(969,1,0,0,19.00,316,72),(970,1,0,0,19.00,316,74),(971,1,0,0,425.00,317,1),(972,1,0,0,45.00,317,17),(973,1,0,0,18.00,317,38),(974,1,0,0,20.00,317,43),(975,1,0,0,38.00,317,45),(976,1,0,0,8.00,317,53),(977,1,0,0,5.00,317,54),(978,1,0,0,550.00,318,6),(979,1,0,0,198.00,318,8),(980,4,0,0,425.00,319,1),(981,4,0,0,38.00,319,18),(982,1,0,0,4.00,319,52),(983,1,0,0,425.00,320,1),(984,1,0,0,550.00,320,6),(985,1,0,0,460.00,320,7),(986,2,0,0,450.00,320,10),(987,1,0,0,490.00,320,11),(988,2,0,0,490.00,320,13),(989,1,0,0,490.00,320,15),(990,1,0,0,13.00,320,19),(991,1,0,0,13.00,320,20),(992,1,0,0,50.00,320,25),(993,1,0,0,16.00,320,36),(994,2,0,0,18.00,320,38),(995,1,0,0,38.00,320,45),(996,2,0,0,25.00,320,47),(997,1,0,0,8.00,320,60),(998,1,0,0,8.00,320,61),(999,1,0,0,8.00,320,62),(1000,1,0,0,8.00,320,63),(1001,1,0,0,8.00,320,64),(1002,2,0,0,8.00,320,65),(1003,2,0,0,19.00,320,70),(1004,1,0,0,19.00,320,71),(1005,2,0,0,19.00,320,72),(1006,1,0,0,19.00,320,73),(1007,1,0,0,19.00,320,74),(1008,1,0,0,19.00,320,75),(1009,1,0,0,19.00,320,76),(1010,1,0,0,19.00,320,77),(1011,1,0,0,425.00,321,1),(1012,1,0,0,550.00,321,6),(1013,1,0,0,12.00,321,21),(1014,1,0,0,12.00,321,22),(1015,1,0,0,10.00,321,23),(1016,1,0,0,20.00,321,37),(1017,1,0,0,18.00,321,38),(1018,1,0,0,16.00,321,39),(1019,1,0,0,20.00,321,43),(1020,1,0,0,9.00,321,44),(1021,1,0,0,28.00,321,55),(1022,1,0,0,425.00,322,1),(1023,1,0,0,50.00,322,25),(1024,1,0,0,18.00,322,38),(1025,1,0,0,38.00,322,45),(1026,1,0,0,5.00,322,54),(1027,2,0,0,19.00,322,68),(1028,3,0,0,19.00,322,69),(1052,2,0,0,425.00,352,1),(1053,1,0,0,450.00,352,10),(1054,1,0,0,198.00,353,8),(1055,1,0,0,425.00,354,1),(1056,1,0,0,45.00,354,17),(1057,1,0,0,38.00,354,18),(1058,1,0,0,3.00,354,24),(1059,1,0,0,12.00,354,30),(1060,1,0,0,12.00,354,31),(1061,1,0,0,22.00,354,32),(1062,1,0,0,16.00,354,36),(1063,1,0,0,38.00,354,45),(1064,1,0,0,5.00,354,54),(1065,1,0,0,19.00,354,68),(1066,1,0,0,19.00,354,69),(1067,2,0,0,198.00,355,8),(1068,1,0,0,13.00,356,19),(1069,1,0,0,13.00,356,20),(1070,1,0,0,6.00,356,28),(1071,1,0,0,12.00,356,33),(1072,1,0,0,22.00,356,34),(1073,1,0,0,16.00,356,46),(1074,1,0,0,25.00,356,47),(1075,1,0,0,16.00,356,49),(1076,1,0,0,28.00,356,55),(1077,1,0,0,8.00,356,58),(1078,1,0,0,8.00,356,65),(1079,1,0,0,19.00,356,70),(1080,1,0,0,19.00,356,71),(1081,1,0,0,19.00,356,74),(1082,1,0,0,19.00,356,75),(1083,1,0,0,19.00,356,76),(1084,1,0,0,425.00,357,1),(1085,1,0,0,198.00,358,8),(1086,1,0,0,38.00,359,18),(1087,1,0,0,12.00,359,21),(1088,1,0,0,2.50,359,26),(1089,1,0,0,2.50,359,27),(1090,1,0,0,6.00,359,28),(1091,1,0,0,38.00,359,45),(1092,1,0,0,425.00,360,1),(1093,1,0,0,198.00,360,8),(1094,1,0,0,6.00,360,28),(1095,1,0,0,450.00,361,10),(1096,1,0,0,16.00,361,36),(1097,1,0,0,16.00,361,39),(1098,1,0,0,16.00,361,40),(1099,1,0,0,460.00,362,7),(1100,1,0,0,12.00,362,33),(1101,1,0,0,18.00,362,38),(1102,1,0,0,25.00,362,47),(1103,1,0,0,28.00,362,55),(1104,1,0,0,19.00,362,74),(1105,1,0,0,10.00,363,23),(1106,1,0,0,2.50,363,26),(1107,1,0,0,2.50,363,27),(1108,1,0,0,6.00,363,28),(1109,1,0,0,12.00,363,29),(1110,1,0,0,12.00,363,31),(1111,1,0,0,22.00,363,32),(1112,1,0,0,22.00,363,35),(1113,1,0,0,16.00,363,36),(1114,1,0,0,18.00,363,38),(1115,1,0,0,38.00,363,45),(1116,1,0,0,25.00,363,47),(1117,1,0,0,4.00,363,52),(1118,1,0,0,198.00,364,8),(1119,1,0,0,50.00,365,25),(1120,1,0,0,6.00,365,28),(1121,1,0,0,20.00,365,37),(1122,1,0,0,28.00,365,41),(1123,1,0,0,25.00,365,47),(1124,1,0,0,28.00,365,55),(1125,1,0,0,425.00,366,1),(1126,1,0,0,550.00,366,6),(1127,1,0,0,198.00,366,8),(1128,1,0,0,490.00,366,11),(1129,1,0,0,20.00,366,37),(1130,1,0,0,425.00,367,1),(1131,1,0,0,45.00,367,17),(1132,1,0,0,16.00,367,36),(1133,1,0,0,20.00,367,43),(1134,1,0,0,25.00,367,47),(1135,1,0,0,4.00,367,52),(1136,1,0,0,5.00,367,54),(1137,1,0,0,490.00,368,13),(1138,1,0,0,490.00,368,15),(1139,1,0,0,198.00,369,8),(1152,1,0,0,490.00,59,11),(1153,1,0,0,45.00,59,17),(1154,1,0,0,38.00,59,18),(1155,1,0,0,3.00,59,24),(1156,1,0,0,5.00,59,54),(1157,1,0,0,490.00,60,11),(1158,1,0,0,490.00,60,13),(1159,1,0,0,38.00,60,18),(1160,1,0,0,13.00,60,19),(1161,1,0,0,13.00,60,20),(1162,1,0,0,50.00,60,25),(1163,1,0,0,20.00,60,37),(1164,1,0,0,28.00,60,41),(1165,1,0,0,38.00,60,45),(1166,1,0,0,198.00,62,8),(1167,1,0,0,450.00,62,10),(1168,1,0,0,13.00,62,19),(1169,1,0,0,12.00,62,21),(1170,1,0,0,50.00,62,25),(1171,1,0,0,12.00,62,22),(1172,1,0,0,2.50,62,26),(1173,1,0,0,2.50,62,27),(1174,1,0,0,22.00,62,34),(1175,1,0,0,28.00,62,41),(1176,1,0,0,16.00,62,42),(1177,1,0,0,9.00,62,44),(1178,1,0,0,25.00,62,47),(1179,1,0,0,12.00,62,51),(1180,1,0,0,5.00,62,54),(1181,1,0,0,28.00,62,55),(1182,1,0,0,28.00,62,57),(1183,1,0,0,8.00,62,59),(1184,1,0,0,2.50,65,26),(1185,1,0,0,2.50,65,27),(1186,1,0,0,18.00,65,38),(1187,1,0,0,16.00,65,39),(1188,1,0,0,16.00,65,40),(1189,1,0,0,15.00,65,50),(1190,1,0,0,5.00,65,54),(1191,1,0,0,160.00,70,9),(1192,1,0,0,16.00,70,36),(1193,1,0,0,16.00,70,39),(1194,1,0,0,16.00,70,40),(1195,1,0,0,20.00,70,43),(1196,1,0,0,13.00,105,20),(1197,1,0,0,2.50,105,26),(1198,1,0,0,2.50,105,27),(1199,1,0,0,12.00,105,33),(1200,1,0,0,22.00,105,35),(1201,1,0,0,16.00,105,36),(1202,1,0,0,16.00,105,39),(1203,1,0,0,16.00,105,42),(1204,1,0,0,20.00,105,43),(1205,1,0,0,25.00,105,47),(1206,1,0,0,16.00,105,49),(1207,1,0,0,5.00,105,54),(1208,1,0,0,19.00,105,68),(1209,1,0,0,19.00,105,69),(1210,1,0,0,16.00,106,36),(1211,1,0,0,16.00,106,39),(1212,1,0,0,198.00,107,8),(1213,1,0,0,450.00,107,10),(1214,1,0,0,490.00,107,11),(1215,1,0,0,45.00,107,17),(1216,1,0,0,38.00,107,18),(1217,1,0,0,3.00,107,24),(1218,1,0,0,12.00,107,29),(1219,1,0,0,12.00,107,30),(1220,1,0,0,38.00,107,45),(1221,1,0,0,10.00,111,23),(1222,1,0,0,22.00,111,35),(1223,1,0,0,18.00,111,38),(1224,1,0,0,5.00,111,54),(1225,1,0,0,19.00,111,69),(1226,1,0,0,19.00,111,74),(1227,1,0,0,19.00,111,75),(1228,1,0,0,25.00,112,47),(1229,1,0,0,28.00,112,55),(1230,1,0,0,38.00,115,18),(1231,1,0,0,38.00,119,18),(1232,1,0,0,13.00,119,19),(1233,1,0,0,13.00,119,20),(1234,1,0,0,12.00,119,21),(1235,1,0,0,12.00,119,22),(1236,1,0,0,3.00,119,24),(1237,1,0,0,2.50,119,26),(1238,1,0,0,2.50,119,27),(1239,1,0,0,6.00,119,28),(1240,1,0,0,22.00,119,35),(1241,1,0,0,16.00,119,36),(1242,1,0,0,18.00,119,38),(1243,1,0,0,16.00,119,39),(1244,1,0,0,25.00,119,47),(1245,1,0,0,4.00,119,52),(1246,1,0,0,8.00,119,53),(1247,1,0,0,5.00,119,54),(1248,1,0,0,28.00,119,55),(1249,1,0,0,490.00,120,15),(1250,1,0,0,13.00,120,19),(1251,1,0,0,13.00,120,20),(1252,1,0,0,16.00,120,36),(1253,1,0,0,20.00,120,37),(1254,1,0,0,38.00,120,45),(1255,1,0,0,11.00,120,66),(1256,1,0,0,38.00,161,18),(1257,1,0,0,13.00,161,19),(1258,1,0,0,13.00,161,20),(1259,1,0,0,22.00,164,35),(1260,1,0,0,12.00,164,33),(1261,1,0,0,460.00,210,7),(1262,1,0,0,198.00,213,8),(1263,1,0,0,425.00,253,1),(1302,1,0,0,450.00,257,10),(1303,0,0,0,10.00,257,23),(1304,1,0,0,490.00,257,11),(1305,1,0,0,490.00,257,13),(1306,1,0,0,490.00,257,15),(1307,1,0,0,38.00,257,18),(1308,1,0,0,2.50,264,27),(1309,1,0,0,18.00,264,38),(1310,1,0,0,38.00,264,45),(1311,1,0,0,25.00,264,47),(1312,1,0,0,19.00,264,68),(1313,1,0,0,19.00,264,69),(1314,1,0,0,19.00,264,70),(1315,1,0,0,19.00,264,71),(1316,1,0,0,19.00,264,72),(1317,1,0,0,19.00,264,73),(1318,1,0,0,19.00,264,74),(1319,1,0,0,19.00,264,75),(1320,1,0,0,19.00,264,76),(1321,1,0,0,19.00,264,77),(1352,1,0,0,425.00,402,1),(1353,1,0,0,45.00,402,17),(1354,2,0,0,10.00,402,23),(1355,1,0,0,6.00,402,28),(1356,1,0,0,9.00,402,44),(1357,2,0,0,38.00,402,45),(1358,1,0,0,25.00,402,47),(1359,1,0,0,16.00,402,48),(1360,1,0,0,425.00,403,1),(1361,1,0,0,20.00,403,43),(1362,1,0,0,38.00,403,45),(1363,1,0,0,198.00,404,8),(1364,1,0,0,13.00,404,20),(1365,1,0,0,10.00,404,23),(1366,1,0,0,3.00,404,24),(1367,1,0,0,50.00,404,25),(1368,1,0,0,2.50,404,26),(1369,1,0,0,2.50,404,27),(1370,1,0,0,22.00,404,34),(1371,1,0,0,28.00,404,41),(1372,1,0,0,20.00,404,43),(1373,1,0,0,9.00,404,44),(1374,1,0,0,16.00,404,48),(1375,1,0,0,425.00,405,1),(1376,1,0,0,550.00,405,6),(1377,1,0,0,18.00,405,38),(1378,1,0,0,160.00,406,9),(1379,1,0,0,22.00,406,35),(1380,1,0,0,460.00,407,7),(1381,1,0,0,450.00,407,10),(1382,1,0,0,25.00,407,47),(1383,1,0,0,19.00,407,73),(1384,2,0,0,19.00,407,75),(1385,2,0,0,19.00,407,76),(1386,1,0,0,425.00,408,1),(1387,1,0,0,3.00,408,24),(1388,1,0,0,5.00,408,54),(1389,1,0,0,425.00,409,1),(1390,1,0,0,450.00,409,10),(1391,1,0,0,22.00,410,35),(1392,1,0,0,18.00,410,38),(1393,1,0,0,5.00,410,54),(1394,1,0,0,12.00,410,33),(1395,1,0,0,6.00,410,28),(1396,1,0,0,10.00,410,23),(1397,1,0,0,390.00,410,14),(1398,1,0,0,3.00,411,24),(1399,1,0,0,12.00,411,33),(1400,1,0,0,16.00,411,36),(1401,1,0,0,16.00,411,39),(1402,1,0,0,16.00,411,40),(1403,1,0,0,20.00,411,43),(1404,1,0,0,9.00,411,44),(1405,1,0,0,16.00,411,48),(1406,1,0,0,19.00,411,68),(1407,1,0,0,198.00,412,8),(1408,1,0,0,450.00,412,10),(1409,1,0,0,6.00,412,28),(1410,1,0,0,22.00,412,34),(1411,1,0,0,8.00,412,58),(1412,1,0,0,8.00,412,59),(1413,1,0,0,8.00,412,60),(1414,1,0,0,8.00,412,61),(1415,1,0,0,8.00,412,62),(1416,1,0,0,8.00,412,63),(1417,1,0,0,8.00,412,64),(1418,1,0,0,8.00,412,65),(1419,1,0,0,198.00,413,8),(1420,1,0,0,45.00,414,17),(1421,1,0,0,38.00,414,18),(1422,1,0,0,18.00,414,38),(1423,1,0,0,19.00,414,73),(1424,1,0,0,198.00,415,8),(1425,1,0,0,425.00,416,1),(1426,1,0,0,450.00,416,10),(1427,1,0,0,198.00,416,8),(1428,1,0,0,6.00,416,28),(1429,1,0,0,12.00,416,33),(1430,1,0,0,22.00,416,34),(1431,1,0,0,22.00,416,35),(1432,1,0,0,18.00,416,38),(1433,1,0,0,16.00,416,42),(1434,1,0,0,20.00,416,43),(1435,1,0,0,16.00,416,46),(1436,1,0,0,16.00,416,48),(1437,1,0,0,16.00,416,49),(1438,1,0,0,15.00,416,50),(1439,1,0,0,5.00,416,54),(1440,1,0,0,28.00,416,55),(1441,1,0,0,12.00,417,29),(1442,1,0,0,12.00,417,30),(1443,1,0,0,12.00,417,31),(1444,1,0,0,22.00,417,32),(1445,1,0,0,12.00,417,33),(1446,1,0,0,20.00,417,37),(1447,1,0,0,18.00,417,38),(1448,1,0,0,16.00,417,40),(1449,1,0,0,16.00,417,42),(1450,1,0,0,20.00,417,43),(1451,1,0,0,28.00,417,55),(1452,1,0,0,425.00,452,1),(1453,1,0,0,198.00,309,8),(1454,0,0,0,198.00,319,8),(1455,0,0,0,198.00,316,8),(1502,2,0,0,22.00,502,34),(1503,1,0,0,8.00,502,59),(1504,1,0,0,8.00,502,60),(1505,1,0,0,8.00,502,61),(1506,1,0,0,8.00,502,62),(1507,1,0,0,8.00,502,63),(1508,1,0,0,8.00,502,64),(1509,1,0,0,8.00,502,65),(1510,1,0,0,280.00,503,3),(1511,1,0,0,450.00,503,10),(1512,1,0,0,45.00,503,17),(1513,1,0,0,38.00,503,18),(1514,1,0,0,8.00,503,64),(1515,1,0,0,425.00,504,1),(1516,1,0,0,425.00,505,1),(1517,1,0,0,45.00,506,17),(1518,1,0,0,38.00,506,18),(1519,1,0,0,12.00,506,21),(1520,1,0,0,425.00,507,1),(1521,1,0,0,12.00,507,21),(1522,1,0,0,3.00,507,24),(1523,1,0,0,18.00,507,38),(1524,1,0,0,16.00,508,36),(1525,1,0,0,20.00,508,37),(1526,1,0,0,18.00,508,38),(1527,1,0,0,16.00,508,39),(1528,1,0,0,16.00,508,40),(1529,1,0,0,28.00,508,41),(1530,1,0,0,16.00,508,42),(1531,1,0,0,20.00,508,43),(1532,1,0,0,425.00,509,1),(1533,1,0,0,6.00,510,28),(1534,1,0,0,13.00,510,19),(1535,1,0,0,13.00,510,20),(1536,1,0,0,10.00,510,23),(1537,1,0,0,16.00,510,40),(1538,1,0,0,12.00,510,33),(1539,1,0,0,22.00,510,34),(1540,1,0,0,22.00,510,35),(1541,1,0,0,16.00,510,36),(1542,1,0,0,19.00,510,70),(1543,1,0,0,19.00,510,71),(1544,1,0,0,19.00,510,73),(1545,1,0,0,19.00,510,75),(1546,1,0,0,16.00,510,46),(1547,1,0,0,25.00,510,47),(1548,1,0,0,198.00,511,8),(1549,1,0,0,425.00,512,1),(1550,1,0,0,280.00,512,3),(1551,1,0,0,198.00,512,8),(1552,1,0,0,19.00,512,69),(1553,1,0,0,198.00,513,8),(1554,1,0,0,198.00,514,8),(1555,1,0,0,12.00,514,21),(1556,1,0,0,12.00,514,22),(1557,1,0,0,10.00,514,23),(1558,1,0,0,6.00,514,28),(1559,1,0,0,16.00,514,36),(1560,1,0,0,18.00,514,38),(1561,1,0,0,16.00,514,39),(1562,1,0,0,16.00,514,40),(1563,1,0,0,20.00,514,43),(1564,1,0,0,9.00,514,44),(1565,1,0,0,425.00,515,1),(1566,1,0,0,460.00,515,7),(1567,1,0,0,16.00,515,36),(1568,1,0,0,18.00,515,38),(1569,3,0,0,425.00,516,1),(1570,1,0,0,550.00,516,6),(1571,1,0,0,425.00,517,1),(1572,1,0,0,550.00,517,6),(1573,1,0,0,18.00,517,38),(1574,1,0,0,16.00,517,39),(1575,1,0,0,5.00,517,54),(1576,1,0,0,425.00,518,1),(1577,1,0,0,550.00,518,6),(1578,1,0,0,16.00,519,36),(1579,1,0,0,20.00,519,37),(1580,1,0,0,18.00,519,38),(1581,1,0,0,16.00,519,39),(1582,1,0,0,16.00,519,40),(1583,1,0,0,16.00,519,42),(1584,1,0,0,20.00,519,43),(1585,1,0,0,450.00,520,10),(1586,1,0,0,198.00,520,8),(1587,1,0,0,12.00,520,21),(1588,1,0,0,28.00,521,55),(1589,1,0,0,8.00,521,58),(1590,1,0,0,8.00,521,59),(1591,1,0,0,8.00,521,60),(1592,1,0,0,8.00,521,61),(1593,1,0,0,8.00,521,62),(1594,1,0,0,8.00,521,63),(1595,1,0,0,8.00,521,64),(1596,1,0,0,8.00,521,65),(1597,1,0,0,425.00,522,1),(1598,1,0,0,18.00,522,38),(1599,1,0,0,16.00,522,40),(1600,1,0,0,425.00,523,1),(1601,1,0,0,425.00,524,1),(1602,1,0,0,550.00,524,6),(1603,1,0,0,280.00,525,3),(1604,1,0,0,280.00,526,3),(1605,1,0,0,198.00,526,8),(1606,1,0,0,425.00,527,1),(1607,1,0,0,425.00,528,1),(1608,1,0,0,2.50,528,27),(1609,1,0,0,6.00,528,28),(1610,1,0,0,12.00,528,29),(1611,1,0,0,12.00,528,31),(1612,1,0,0,22.00,528,32),(1613,1,0,0,18.00,528,38),(1614,1,0,0,5.00,528,54),(1615,1,0,0,425.00,529,1),(1616,1,0,0,198.00,529,8),(1617,1,0,0,450.00,529,10);
/*!40000 ALTER TABLE `gsm_order_item` ENABLE KEYS */;
UNLOCK TABLES;

--
-- Table structure for table `gsm_product`
--

DROP TABLE IF EXISTS `gsm_product`;
/*!40101 SET @saved_cs_client     = @@character_set_client */;
/*!40101 SET character_set_client = utf8 */;
CREATE TABLE `gsm_product` (
  `obj_id` bigint(20) NOT NULL,
  `net_weight` decimal(10,2) DEFAULT NULL,
  `category` varchar(20) DEFAULT NULL,
  `image_path` varchar(200) DEFAULT NULL,
  `name` varchar(100) DEFAULT NULL,
  `ref_unit_price` decimal(10,2) DEFAULT NULL,
  `code` varchar(50) DEFAULT NULL,
  `obj_version` decimal(10,0) DEFAULT NULL,
  PRIMARY KEY (`obj_id`),
  UNIQUE KEY `uk_code` (`code`)
) ENGINE=InnoDB DEFAULT CHARSET=utf8;
/*!40101 SET character_set_client = @saved_cs_client */;

--
-- Dumping data for table `gsm_product`
--

LOCK TABLES `gsm_product` WRITE;
/*!40000 ALTER TABLE `gsm_product` DISABLE KEYS */;
INSERT INTO `gsm_product` VALUES (1,3.20,'BOOK',NULL,'phonics kids 台湾正版 1-6册全套',425.00,'101',1),(2,1.50,'BOOK',NULL,'Phonics kids 台湾正版 1-3册全套',210.00,'102',1),(3,1.70,'BOOK',NULL,'Phonics kids 台湾正版 4-6册全套',280.00,'103',1),(4,1.60,'BOOK',NULL,'Phonics kids 4-6 精装版套装',280.00,'104',1),(5,2.55,'BOOK',NULL,'Phonics kids 2-6 精装版套装',380.00,'105',1),(6,3.40,'BOOK',NULL,'Love English 8级别 大全套',550.00,'106',1),(7,2.60,'BOOK',NULL,'Love English 6级别 小全套',460.00,'107',1),(8,2.00,'BOOK',NULL,'Super Phonics 1-3 全套（6书8CD）',198.00,'108',1),(9,1.40,'BOOK',NULL,'Super Phonics 2-3 级别(4书6CD）',160.00,'109',1),(10,2.60,'BOOK',NULL,'东西Sight words 平装全10册',450.00,'110',1),(11,1.26,'BOOK',NULL,'SOE GK 套装（学生用书+练习册+测评题）',490.00,'111',1),(12,0.66,'BOOK',NULL,'SOE GK 主课本（一本学生用书）',390.00,'112',1),(13,1.70,'BOOK',NULL,'SOE G1套装（学生用书+练习册+测评题）',490.00,'113',1),(14,1.00,'BOOK',NULL,'SOE G1 主课本（一本学生用书）',390.00,'114',1),(15,1.70,'BOOK',NULL,'SOE G2套装（学生用书+练习册+测评题）',490.00,'115',1),(16,1.00,'BOOK',NULL,'SOE G2 主课本（一本学生用书）',390.00,'116',1),(17,0.54,'BOOK',NULL,'TFK Phonics字母书套装',45.00,'117',1),(18,0.36,'BOOK',NULL,'TFK Phonics 字母组合Word Family 套装 ',38.00,'118',1),(19,0.24,'BOOK',NULL,'TFK 科普阅读二年级五本装',13.00,'119',1),(20,0.24,'BOOK',NULL,'TFK 科普阅读三年级五本装',13.00,'120',1),(21,0.20,'BOOK',NULL,'Longman Primary Elect 1B - 香港小学英语书-朗文',12.00,'121',1),(22,0.24,'BOOK',NULL,'Longman Primary Elect 6B -  - 香港小学英语书-朗文',12.00,'122',1),(23,0.72,'BOOK',NULL,'My First Farmyard Tales 农场的故事(精装）',10.00,'11',1),(24,0.14,'BOOK',NULL,'Baby fun numbers 彩珠手提',3.00,'12',1),(25,2.42,'BOOK',NULL,'Think Tank 思考的坦克 – 趣味数学题目游戏卡 ',50.00,'13',1),(26,0.14,'BOOK',NULL,'马戏团立体书1 - Circus Ring Leader',2.50,'14',1),(27,0.14,'BOOK',NULL,'马戏团立体书2 - Circus Animal',2.50,'15',1),(28,0.16,'BOOK',NULL,'The booktime book of fantastic First Poem ',6.00,'16',1),(29,0.32,'BOOK',NULL,'超大! 幼儿园big book 1-《Days at the Beach》',12.00,'17',1),(30,0.20,'BOOK',NULL,'超大! 幼儿园big book 2-《Mrs Wishy-Washy\'s Tub》',12.00,'18',1),(31,0.32,'BOOK',NULL,'超大! 幼儿园big book 3-《What is this》',12.00,'19',1),(32,0.62,'BOOK',NULL,'超大！30*30 开本精装 《欧洲城堡游戏&故事书》 《Knights Castle》',22.00,'20',1),(33,0.12,'BOOK',NULL,'经典彩绘童话故事书精装本 The Adventure of Pinocchio  - 皮诺曹历险记',12.00,'21',1),(34,0.54,'BOOK',NULL,'精装欧洲神话故事 Great Irish Legends for children ',22.00,'22',1),(35,0.40,'BOOK',NULL,'经典绘图童话故事精装合集 A collection of fairy tales  ',22.00,'23',1),(36,0.42,'BOOK',NULL,'亚马逊五星绘本《Oliver Who Would Not Sleep》',16.00,'24',1),(37,0.42,'BOOK',NULL,'《Good Sports 》很棒的关于体育运动项目的绘本。',20.00,'25',1),(38,0.44,'BOOK',NULL,'小车迷的最爱 - 《I\'m a truck driver》',18.00,'26',1),(39,0.42,'BOOK',NULL,'亚马逊五星绘本 - 大嘴猴《Only In Dreams》',16.00,'27',1),(40,0.42,'BOOK',NULL,'《SkippyjonJones Big Bones》',16.00,'28',1),(41,0.44,'BOOK',NULL,'芭比公主换装游戏&故事绘本书 - 超值！\n《Giant Dress-up Doll Book》',28.00,'29',1),(42,0.34,'BOOK',NULL,'《Hanukkah!》-光明节绘本',16.00,'30',1),(43,0.42,'BOOK',NULL,'《The Very Fairy Princess》',20.00,'31',1),(44,0.14,'BOOK',NULL,'《My Vancouver Sketchbook》 温哥华环游记 韵律歌谣绘本',9.00,'32',1),(45,0.62,'BOOK',NULL,'《Monsters》 发音书，好玩的书，翻到哪一页，自动读哪一页，《怪物》',38.00,'33',1),(46,0.48,'BOOK',NULL,'《The Legends of sand Dollar》',16.00,'34',1),(47,0.58,'BOOK',NULL,'All around the farm - 关于农场的一切-科普读物',25.00,'35',1),(48,0.40,'BOOK',NULL,'《Nursery Rhymes》海绵软包童谣集',16.00,'36',1),(49,0.42,'BOOK',NULL,'《Hayfest》丰收节绘本',16.00,'37',1),(50,0.64,'BOOK',NULL,'《My Inner Child： A friend forever》',15.00,'38',1),(51,0.48,'BOOK',NULL,'《lynie An Inner Child》',12.00,'39',1),(52,0.10,'BOOK',NULL,'宝宝想象力训练 - 辛普森儿童卡通贴纸&涂色书 - 变黑白为彩色！',4.00,'40',1),(53,0.24,'BOOK',NULL,'美国儿童单词书 - 《Snooze》',8.00,'41',1),(54,0.16,'BOOK',NULL,'《I am just a fish》异形纸板故事绘本 ',5.00,'42',1),(55,1.50,'BOOK',NULL,'《Lonely Planet： A Year of Adventure》 环球四季旅游探险 - 著名小行星出版社纪念版 - 全彩色',28.00,'43',1),(56,1.50,'BOOK',NULL,'《Orgnisation Theory》 - 组织管理学第5版',28.00,'44',1),(57,1.50,'BOOK',NULL,'《Framework for learning and development》儿童学习与发展',28.00,'45',1),(58,0.16,'BOOK',NULL,'美国小学畅销科普原版书Upclose-Snakes',8.00,'46',1),(59,0.16,'BOOK',NULL,'美国小学畅销科普原版书Upclose-Pirates',8.00,'47',1),(60,0.16,'BOOK',NULL,'美国小学畅销科普原版书Upclose-Dinosaurs',8.00,'48',1),(61,0.16,'BOOK',NULL,'美国小学畅销科普原版书Upclose-T.Rex',8.00,'49',1),(62,0.16,'BOOK',NULL,'美国小学畅销科普原版书Upclose-Speed Machines',8.00,'50',1),(63,0.16,'BOOK',NULL,'美国小学畅销科普原版书Upclose-Dinosaurs',8.00,'51',1),(64,0.16,'BOOK',NULL,'美国小学畅销科普原版书Upclose-Monster Trucks',8.00,'52',1),(65,0.16,'BOOK',NULL,'美国小学畅销科普原版书Upclose-Space',8.00,'53',1),(66,0.22,'BOOK',NULL,'畅销中文漫画绘本 -虹猫蓝兔1 -蓝本',11.00,'54',1),(67,0.22,'BOOK',NULL,'畅销中文漫画绘本 -虹猫蓝兔1 -红本',11.00,'55',1),(68,1.20,'BOOK',NULL,'安徒生童话精装上下册套装',19.00,'56',1),(69,2.10,'BOOK',NULL,'《世界经典童话\n故事》',19.00,'57',1),(70,2.10,'BOOK',NULL,'《人类未解之谜》',19.00,'58',1),(71,2.10,'BOOK',NULL,'《中外文化常识》',19.00,'59',1),(72,2.10,'BOOK',NULL,'《世界之最》',19.00,'60',1),(73,2.10,'BOOK',NULL,'《动物世界大百科》',19.00,'61',1),(74,2.10,'BOOK',NULL,'《十万个为什么》',19.00,'62',1),(75,2.10,'BOOK',NULL,'《世界上下五千年》',19.00,'63',1),(76,2.10,'BOOK',NULL,'《中华上下五千年》',19.00,'64',1),(77,2.10,'BOOK',NULL,'《少年儿童大百科》',19.00,'65',1);
/*!40000 ALTER TABLE `gsm_product` ENABLE KEYS */;
UNLOCK TABLES;

--
-- Table structure for table `gsm_sequence`
--

DROP TABLE IF EXISTS `gsm_sequence`;
/*!40101 SET @saved_cs_client     = @@character_set_client */;
/*!40101 SET character_set_client = utf8 */;
CREATE TABLE `gsm_sequence` (
  `name` varchar(50) NOT NULL,
  `count` decimal(38,0) DEFAULT NULL,
  PRIMARY KEY (`name`)
) ENGINE=InnoDB DEFAULT CHARSET=utf8;
/*!40101 SET character_set_client = @saved_cs_client */;

--
-- Dumping data for table `gsm_sequence`
--

LOCK TABLES `gsm_sequence` WRITE;
/*!40000 ALTER TABLE `gsm_sequence` DISABLE KEYS */;
INSERT INTO `gsm_sequence` VALUES ('gsm_delivery',1),('gsm_delivery_item',1),('gsm_group',50),('gsm_order',551),('gsm_order_item',1651),('gsm_product',100);
/*!40000 ALTER TABLE `gsm_sequence` ENABLE KEYS */;
UNLOCK TABLES;

--
-- Table structure for table `gsm_storage`
--

DROP TABLE IF EXISTS `gsm_storage`;
/*!40101 SET @saved_cs_client     = @@character_set_client */;
/*!40101 SET character_set_client = utf8 */;
CREATE TABLE `gsm_storage` (
  `product_id` bigint(20) NOT NULL,
  `count` decimal(5,0) DEFAULT NULL,
  PRIMARY KEY (`product_id`),
  CONSTRAINT `FK_gsm_storage_product_id` FOREIGN KEY (`product_id`) REFERENCES `gsm_product` (`obj_id`)
) ENGINE=InnoDB DEFAULT CHARSET=utf8;
/*!40101 SET character_set_client = @saved_cs_client */;

--
-- Dumping data for table `gsm_storage`
--

LOCK TABLES `gsm_storage` WRITE;
/*!40000 ALTER TABLE `gsm_storage` DISABLE KEYS */;
/*!40000 ALTER TABLE `gsm_storage` ENABLE KEYS */;
UNLOCK TABLES;

--
-- Table structure for table `isue_main`
--

DROP TABLE IF EXISTS `isue_main`;
/*!40101 SET @saved_cs_client     = @@character_set_client */;
/*!40101 SET character_set_client = utf8 */;
CREATE TABLE `isue_main` (
  `obj_id` bigint(20) NOT NULL,
  `category` varchar(40) DEFAULT NULL,
  `create_time` datetime DEFAULT NULL,
  `status` varchar(40) DEFAULT NULL,
  `subject` varchar(100) DEFAULT NULL,
  `creator_id` varchar(10) DEFAULT NULL,
  `issue_time` datetime DEFAULT NULL,
  `severity` varchar(20) DEFAULT NULL,
  `customer` varchar(40) DEFAULT NULL,
  `contact` text,
  `obj_version` decimal(10,0) DEFAULT NULL,
  `desc_text` text,
  `follower_id` varchar(10) DEFAULT NULL,
  `solution_text` text,
  PRIMARY KEY (`obj_id`)
) ENGINE=InnoDB DEFAULT CHARSET=utf8;
/*!40101 SET character_set_client = @saved_cs_client */;

--
-- Dumping data for table `isue_main`
--

LOCK TABLES `isue_main` WRITE;
/*!40000 ALTER TABLE `isue_main` DISABLE KEYS */;
INSERT INTO `isue_main` VALUES (1,'TC','2011-09-22 23:38:06','NEW','a','cndebbie','2011-09-22 08:00:00',NULL,'b','c',3,'d','cndebbie','sdfaasdfweaafsda'),(2,'TC','2011-09-22 23:38:20','NEW','XX','cndebbie','2011-09-22 08:00:00',NULL,'asdf','asdf',2,'asdf','cndebbie','afsdwefas'),(51,'TC','2011-09-23 00:14:20','NEW','xasdf','cndebbie','2011-09-22 08:00:00',NULL,'wewe','ewfwe',1,'asdfw','cndebbie',NULL),(52,'TC','2011-09-23 00:15:05','NEW','xfasdf','cndebbie','2011-09-22 08:00:00',NULL,'qwrwer','werwe',1,'32r3r','cndebbie',NULL),(101,'TC','2011-09-23 00:20:26','NEW','adfs','cndebbie','2011-09-22 08:00:00',NULL,'asdf','asdf',1,'asdf','cndebbie',NULL),(151,'TC','2011-09-23 00:53:39','WAIT_CUSTOMER','azxcv','cndebbie','2011-09-22 08:00:00',NULL,'wewe','zdv',2,'asdfg','cndebbie',NULL),(201,'TC','2011-09-23 00:55:17','SOLVED','sadfsa','cndebbie','2011-09-22 08:00:00',NULL,'ewewf','wefasf',3,'asdfsadf','cndebbie',NULL),(251,'TC','2011-09-29 20:34:30','NEW','这是一个非常长的标题，长到不换行不行了，怎么办呢，办法就是换行','cndebbie','2011-09-29 08:00:00',NULL,'发文慰安妇','阿斯顿发违法玩儿我给他',1,'撒旦法双方的撒旦发生地方为爱而亡啊尔萨粉色发送给热固化阿尔特爱玩让乏味而头发玩儿咖色若非燃烧的繁荣','cndebbie',NULL);
/*!40000 ALTER TABLE `isue_main` ENABLE KEYS */;
UNLOCK TABLES;

--
-- Table structure for table `isue_track_log`
--

DROP TABLE IF EXISTS `isue_track_log`;
/*!40101 SET @saved_cs_client     = @@character_set_client */;
/*!40101 SET character_set_client = utf8 */;
CREATE TABLE `isue_track_log` (
  `obj_id` bigint(20) NOT NULL,
  `assign_to` varchar(10) DEFAULT NULL,
  `log_time` datetime DEFAULT NULL,
  `desc_text` text,
  `input_by` varchar(10) DEFAULT NULL,
  `status_from` varchar(50) DEFAULT NULL,
  `assign_from` varchar(10) DEFAULT NULL,
  `status_to` varchar(50) DEFAULT NULL,
  `issue_id` bigint(20) DEFAULT NULL,
  PRIMARY KEY (`obj_id`),
  KEY `FK_isue_track_log_issue_id` (`issue_id`),
  CONSTRAINT `FK_isue_track_log_issue_id` FOREIGN KEY (`issue_id`) REFERENCES `isue_main` (`obj_id`)
) ENGINE=InnoDB DEFAULT CHARSET=utf8;
/*!40101 SET character_set_client = @saved_cs_client */;

--
-- Dumping data for table `isue_track_log`
--

LOCK TABLES `isue_track_log` WRITE;
/*!40000 ALTER TABLE `isue_track_log` DISABLE KEYS */;
INSERT INTO `isue_track_log` VALUES (1,'cndebbie','2011-09-23 00:53:46','fsdsa','cndebbie','NEW','cndebbie','WAIT_CUSTOMER',151),(51,'cndebbie','2011-09-23 00:55:22','sadfsdaf','cndebbie','NEW','cndebbie','WAIT_SUPPORT',201),(52,'cndebbie','2011-09-23 00:55:26','asdfwe','cndebbie','WAIT_SUPPORT','cndebbie','SOLVED',201);
/*!40000 ALTER TABLE `isue_track_log` ENABLE KEYS */;
UNLOCK TABLES;

--
-- Table structure for table `profile_user`
--

DROP TABLE IF EXISTS `profile_user`;
/*!40101 SET @saved_cs_client     = @@character_set_client */;
/*!40101 SET character_set_client = utf8 */;
CREATE TABLE `profile_user` (
  `obj_id` bigint(20) NOT NULL,
  `id` varchar(10) DEFAULT NULL,
  `enc_pass` varchar(255) DEFAULT NULL,
  `desc_text` text,
  `last_login_time` datetime DEFAULT NULL,
  `obj_version` decimal(10,0) DEFAULT NULL,
  PRIMARY KEY (`obj_id`),
  UNIQUE KEY `profile_user_uk_id` (`id`)
) ENGINE=InnoDB DEFAULT CHARSET=utf8;
/*!40101 SET character_set_client = @saved_cs_client */;

--
-- Dumping data for table `profile_user`
--

LOCK TABLES `profile_user` WRITE;
/*!40000 ALTER TABLE `profile_user` DISABLE KEYS */;
INSERT INTO `profile_user` VALUES (1,'cndebbie','SPs6b27h3tzdIQH1cDPlYw==','',NULL,1),(51,'丽丽','d3u7eGmugZMkn4/30+Wa/g==','',NULL,1);
/*!40000 ALTER TABLE `profile_user` ENABLE KEYS */;
UNLOCK TABLES;

--
-- Table structure for table `sys_sequence`
--

DROP TABLE IF EXISTS `sys_sequence`;
/*!40101 SET @saved_cs_client     = @@character_set_client */;
/*!40101 SET character_set_client = utf8 */;
CREATE TABLE `sys_sequence` (
  `name` varchar(50) NOT NULL,
  `count` decimal(38,0) DEFAULT NULL,
  PRIMARY KEY (`name`)
) ENGINE=InnoDB DEFAULT CHARSET=utf8;
/*!40101 SET character_set_client = @saved_cs_client */;

--
-- Dumping data for table `sys_sequence`
--

LOCK TABLES `sys_sequence` WRITE;
/*!40000 ALTER TABLE `sys_sequence` DISABLE KEYS */;
INSERT INTO `sys_sequence` VALUES ('isue_main',300),('isue_track_log',100),('profile_user',100);
/*!40000 ALTER TABLE `sys_sequence` ENABLE KEYS */;
UNLOCK TABLES;
/*!40103 SET TIME_ZONE=@OLD_TIME_ZONE */;

/*!40101 SET SQL_MODE=@OLD_SQL_MODE */;
/*!40014 SET FOREIGN_KEY_CHECKS=@OLD_FOREIGN_KEY_CHECKS */;
/*!40014 SET UNIQUE_CHECKS=@OLD_UNIQUE_CHECKS */;
/*!40101 SET CHARACTER_SET_CLIENT=@OLD_CHARACTER_SET_CLIENT */;
/*!40101 SET CHARACTER_SET_RESULTS=@OLD_CHARACTER_SET_RESULTS */;
/*!40101 SET COLLATION_CONNECTION=@OLD_COLLATION_CONNECTION */;
/*!40111 SET SQL_NOTES=@OLD_SQL_NOTES */;

-- Dump completed on 2011-10-17  9:03:11
