-- MySQL dump 10.13  Distrib 5.5.9, for Win64 (x86)
--
-- Host: localhost    Database: gsm_test
-- ------------------------------------------------------
-- Server version	5.5.9

/*!40101 SET @OLD_CHARACTER_SET_CLIENT=@@CHARACTER_SET_CLIENT */;
/*!40101 SET @OLD_CHARACTER_SET_RESULTS=@@CHARACTER_SET_RESULTS */;
/*!40101 SET @OLD_COLLATION_CONNECTION=@@COLLATION_CONNECTION */;
/*!40101 SET NAMES utf8 */;
/*!40103 SET @OLD_TIME_ZONE=@@TIME_ZONE */;
/*!40103 SET TIME_ZONE='+00:00' */;
/*!40014 SET @OLD_UNIQUE_CHECKS=@@UNIQUE_CHECKS, UNIQUE_CHECKS=0 */;
/*!40014 SET @OLD_FOREIGN_KEY_CHECKS=@@FOREIGN_KEY_CHECKS, FOREIGN_KEY_CHECKS=0 */;
/*!40101 SET @OLD_SQL_MODE=@@SQL_MODE, SQL_MODE='NO_AUTO_VALUE_ON_ZERO' */;
/*!40111 SET @OLD_SQL_NOTES=@@SQL_NOTES, SQL_NOTES=0 */;

--
-- Table structure for table `auc_user`
--

DROP TABLE IF EXISTS `auc_user`;
/*!40101 SET @saved_cs_client     = @@character_set_client */;
/*!40101 SET character_set_client = utf8 */;
CREATE TABLE `auc_user` (
  `user_id` varchar(10) NOT NULL DEFAULT '',
  `desc_text` text,
  `last_login_time` datetime DEFAULT NULL,
  `version` decimal(10,0) DEFAULT NULL,
  `enc_pass` varchar(255) DEFAULT NULL,
  PRIMARY KEY (`user_id`)
) ENGINE=InnoDB DEFAULT CHARSET=utf8;
/*!40101 SET character_set_client = @saved_cs_client */;

--
-- Dumping data for table `auc_user`
--

LOCK TABLES `auc_user` WRITE;
/*!40000 ALTER TABLE `auc_user` DISABLE KEYS */;
INSERT INTO `auc_user` VALUES ('cndebbie',NULL,NULL,1,'1V8MJfvPbQzo7yLzZFIMDw==');
/*!40000 ALTER TABLE `auc_user` ENABLE KEYS */;
UNLOCK TABLES;

--
-- Table structure for table `auc_user_system`
--

DROP TABLE IF EXISTS `auc_user_system`;
/*!40101 SET @saved_cs_client     = @@character_set_client */;
/*!40101 SET character_set_client = utf8 */;
CREATE TABLE `auc_user_system` (
  `user_id` varchar(10) DEFAULT NULL,
  `system_name` varchar(25) DEFAULT NULL
) ENGINE=InnoDB DEFAULT CHARSET=utf8;
/*!40101 SET character_set_client = @saved_cs_client */;

--
-- Dumping data for table `auc_user_system`
--

LOCK TABLES `auc_user_system` WRITE;
/*!40000 ALTER TABLE `auc_user_system` DISABLE KEYS */;
INSERT INTO `auc_user_system` VALUES ('cndebbie','gsm');
/*!40000 ALTER TABLE `auc_user_system` ENABLE KEYS */;
UNLOCK TABLES;

--
-- Table structure for table `gsm_delivery`
--

DROP TABLE IF EXISTS `gsm_delivery`;
/*!40101 SET @saved_cs_client     = @@character_set_client */;
/*!40101 SET character_set_client = utf8 */;
CREATE TABLE `gsm_delivery` (
  `obj_id` bigint(20) NOT NULL,
  `send_date` datetime DEFAULT NULL,
  `status` varchar(10) DEFAULT NULL,
  `company` varchar(20) DEFAULT NULL,
  `number` varchar(30) DEFAULT NULL,
  `create_date` datetime DEFAULT NULL,
  `delivery_fee` decimal(10,2) DEFAULT NULL,
  `gross_weight` decimal(10,2) DEFAULT NULL,
  `obj_version` decimal(10,0) DEFAULT NULL,
  `order_id` bigint(20) DEFAULT NULL,
  `contact_phone` varchar(255) DEFAULT NULL,
  `contact_location` varchar(255) DEFAULT NULL,
  `contact_address` varchar(255) DEFAULT NULL,
  `contact_name` varchar(255) DEFAULT NULL,
  PRIMARY KEY (`obj_id`),
  KEY `FK_gsm_delivery_order_id` (`order_id`),
  CONSTRAINT `FK_gsm_delivery_order_id` FOREIGN KEY (`order_id`) REFERENCES `gsm_order` (`obj_id`)
) ENGINE=InnoDB DEFAULT CHARSET=utf8;
/*!40101 SET character_set_client = @saved_cs_client */;

--
-- Dumping data for table `gsm_delivery`
--

LOCK TABLES `gsm_delivery` WRITE;
/*!40000 ALTER TABLE `gsm_delivery` DISABLE KEYS */;
INSERT INTO `gsm_delivery` VALUES (2,NULL,'CREATED','中通',NULL,'2011-10-22 01:16:22',0.00,0.00,1,2,NULL,NULL,NULL,NULL),(3,NULL,'CREATED','中通','680142559379','2011-10-22 01:16:22',0.00,0.00,1,3,NULL,NULL,NULL,NULL),(4,NULL,'CREATED','中通',NULL,'2011-10-22 01:16:23',0.00,0.00,1,4,NULL,NULL,NULL,NULL),(5,NULL,'CREATED','中通',NULL,'2011-10-22 01:16:23',0.00,0.00,1,4,NULL,NULL,NULL,NULL),(6,NULL,'CREATED','中通','680142559377','2011-10-22 01:16:23',0.00,0.00,1,5,NULL,NULL,NULL,NULL),(7,NULL,'CREATED','中通','680142559377','2011-10-22 01:16:23',0.00,0.00,1,5,NULL,NULL,NULL,NULL),(8,NULL,'CREATED','中通',NULL,'2011-10-22 01:16:23',0.00,0.00,1,6,NULL,NULL,NULL,NULL),(9,NULL,'CREATED','中通',NULL,'2011-10-22 01:16:23',0.00,0.00,1,6,NULL,NULL,NULL,NULL),(10,NULL,'CREATED','中通','680142559406','2011-10-22 01:16:23',0.00,0.00,1,7,NULL,NULL,NULL,NULL),(11,NULL,'CREATED','中通','680142559407','2011-10-22 01:16:23',0.00,0.00,1,8,NULL,NULL,NULL,NULL),(12,NULL,'CREATED','中通',NULL,'2011-10-22 01:16:23',0.00,0.00,1,9,NULL,NULL,NULL,NULL),(13,NULL,'CREATED','中通',NULL,'2011-10-22 01:16:23',0.00,0.00,1,10,NULL,NULL,NULL,NULL),(14,NULL,'CREATED','中通','680141051977','2011-10-22 01:16:23',0.00,0.00,1,11,NULL,NULL,NULL,NULL),(15,NULL,'CREATED','中通','680141051977','2011-10-22 01:16:23',0.00,0.00,1,11,NULL,NULL,NULL,NULL),(16,NULL,'CREATED','中通','680141051977','2011-10-22 01:16:23',0.00,0.00,1,11,NULL,NULL,NULL,NULL),(17,NULL,'CREATED','中通',NULL,'2011-10-22 01:16:23',0.00,0.00,1,12,NULL,NULL,NULL,NULL),(18,NULL,'CREATED','中通',NULL,'2011-10-22 01:16:23',0.00,0.00,1,13,NULL,NULL,NULL,NULL),(19,NULL,'CREATED','中通',NULL,'2011-10-22 01:16:23',0.00,0.00,1,14,NULL,NULL,NULL,NULL),(20,NULL,'CREATED','中通',NULL,'2011-10-22 01:16:24',0.00,0.00,1,15,NULL,NULL,NULL,NULL),(21,NULL,'CREATED','中通',NULL,'2011-10-22 01:16:24',0.00,0.00,1,15,NULL,NULL,NULL,NULL),(22,NULL,'CREATED','中通','680142559408','2011-10-22 01:16:24',0.00,0.00,1,16,NULL,NULL,NULL,NULL),(23,NULL,'CREATED','中通','680142559378','2011-10-22 01:16:24',0.00,0.00,1,17,NULL,NULL,NULL,NULL),(24,NULL,'CREATED','中通',NULL,'2011-10-22 01:16:24',0.00,0.00,1,18,NULL,NULL,NULL,NULL),(25,NULL,'CREATED','中通','680141051975','2011-10-22 01:16:24',0.00,0.00,1,19,NULL,NULL,NULL,NULL),(26,NULL,'CREATED','中通',NULL,'2011-10-22 01:16:24',0.00,0.00,1,20,NULL,NULL,NULL,NULL),(27,NULL,'CREATED','中通',NULL,'2011-10-22 01:16:24',0.00,0.00,1,52,NULL,NULL,NULL,NULL),(28,NULL,'CREATED','中通','680142559413','2011-10-22 01:16:24',0.00,0.00,1,53,NULL,NULL,NULL,NULL),(29,NULL,'CREATED','中通',NULL,'2011-10-22 01:16:24',0.00,0.00,1,54,NULL,NULL,NULL,NULL),(30,NULL,'CREATED','中通',NULL,'2011-10-22 01:16:24',0.00,0.00,1,54,NULL,NULL,NULL,NULL),(31,NULL,'CREATED','中通','680142559397','2011-10-22 01:16:24',0.00,0.00,1,55,NULL,NULL,NULL,NULL),(32,NULL,'CREATED','中通','680142559404','2011-10-22 01:16:24',0.00,0.00,1,56,NULL,NULL,NULL,NULL),(33,NULL,'CREATED','中通','680142559437','2011-10-22 01:16:24',0.00,0.00,1,57,NULL,NULL,NULL,NULL),(34,NULL,'CREATED','中通',NULL,'2011-10-22 01:16:24',0.00,0.00,1,58,NULL,NULL,NULL,NULL),(35,NULL,'CREATED','中通','680142559398','2011-10-22 01:16:25',0.00,0.00,1,59,NULL,NULL,NULL,NULL),(36,NULL,'CREATED','中通','680142559398','2011-10-22 01:16:25',0.00,0.00,1,59,NULL,NULL,NULL,NULL),(37,NULL,'CREATED','中通','700000418099','2011-10-22 01:16:25',0.00,0.00,1,60,NULL,NULL,NULL,NULL),(38,NULL,'CREATED','中通','680142559400','2011-10-22 01:16:25',0.00,0.00,1,61,NULL,NULL,NULL,NULL),(39,NULL,'CREATED','中通','805000055291','2011-10-22 01:16:25',0.00,0.00,1,62,NULL,NULL,NULL,NULL),(40,NULL,'CREATED','中通',NULL,'2011-10-22 01:16:25',0.00,0.00,1,63,NULL,NULL,NULL,NULL),(41,NULL,'CREATED','中通',NULL,'2011-10-22 01:16:25',0.00,0.00,1,64,NULL,NULL,NULL,NULL),(42,NULL,'CREATED','中通','680142559394','2011-10-22 01:16:25',0.00,0.00,1,65,NULL,NULL,NULL,NULL),(43,NULL,'CREATED','中通',NULL,'2011-10-22 01:16:25',0.00,0.00,1,66,NULL,NULL,NULL,NULL),(44,NULL,'CREATED','中通','680142559393','2011-10-22 01:16:25',0.00,0.00,1,67,NULL,NULL,NULL,NULL),(45,NULL,'CREATED','中通',NULL,'2011-10-22 01:16:25',0.00,0.00,1,68,NULL,NULL,NULL,NULL),(46,NULL,'CREATED','中通','680142559392','2011-10-22 01:16:25',0.00,0.00,1,69,NULL,NULL,NULL,NULL),(47,NULL,'CREATED','中通',NULL,'2011-10-22 01:16:25',0.00,0.00,1,70,NULL,NULL,NULL,NULL),(48,NULL,'CREATED','中通','680142559396','2011-10-22 01:16:25',0.00,0.00,1,102,NULL,NULL,NULL,NULL),(49,NULL,'CREATED','中通',NULL,'2011-10-22 01:16:25',0.00,0.00,1,103,NULL,NULL,NULL,NULL),(50,NULL,'CREATED','中通',NULL,'2011-10-22 01:16:25',0.00,0.00,1,104,NULL,NULL,NULL,NULL),(51,NULL,'CREATED','中通','100001982584','2011-10-22 01:16:25',0.00,0.00,1,105,NULL,NULL,NULL,NULL),(52,NULL,'CREATED','中通','680142559403','2011-10-22 01:16:25',0.00,0.00,1,106,NULL,NULL,NULL,NULL),(53,NULL,'CREATED','中通',NULL,'2011-10-22 01:16:26',0.00,0.00,1,107,NULL,NULL,NULL,NULL),(54,NULL,'CREATED','中通',NULL,'2011-10-22 01:16:26',0.00,0.00,1,108,NULL,NULL,NULL,NULL),(55,NULL,'CREATED','中通',NULL,'2011-10-22 01:16:26',0.00,0.00,1,109,NULL,NULL,NULL,NULL),(56,NULL,'CREATED','中通',NULL,'2011-10-22 01:16:26',0.00,0.00,1,110,NULL,NULL,NULL,NULL),(57,NULL,'CREATED','中通','680142559395','2011-10-22 01:16:26',0.00,0.00,1,111,NULL,NULL,NULL,NULL),(58,NULL,'CREATED','中通','680142559402','2011-10-22 01:16:26',0.00,0.00,1,112,NULL,NULL,NULL,NULL),(59,NULL,'CREATED','中通',NULL,'2011-10-22 01:16:26',0.00,0.00,1,113,NULL,NULL,NULL,NULL),(60,NULL,'CREATED','中通','680142559401','2011-10-22 01:16:26',0.00,0.00,1,114,NULL,NULL,NULL,NULL),(61,NULL,'CREATED','中通','680142559399','2011-10-22 01:16:26',0.00,0.00,1,115,NULL,NULL,NULL,NULL),(62,NULL,'CREATED','中通',NULL,'2011-10-22 01:16:26',0.00,0.00,1,116,NULL,NULL,NULL,NULL),(63,NULL,'CREATED','中通',NULL,'2011-10-22 01:16:26',0.00,0.00,1,117,NULL,NULL,NULL,NULL),(64,NULL,'CREATED','中通',NULL,'2011-10-22 01:16:26',0.00,0.00,1,118,NULL,NULL,NULL,NULL),(65,NULL,'CREATED','中通','100001982585','2011-10-22 01:16:26',0.00,0.00,1,119,NULL,NULL,NULL,NULL),(66,NULL,'CREATED','中通','700000418098','2011-10-22 01:16:26',0.00,0.00,1,120,NULL,NULL,NULL,NULL),(67,NULL,'CREATED','中通',NULL,'2011-10-22 01:16:27',0.00,0.00,1,121,NULL,NULL,NULL,NULL),(68,NULL,'CREATED','中通',NULL,'2011-10-22 01:16:27',0.00,0.00,1,152,NULL,NULL,NULL,NULL),(69,NULL,'CREATED','中通',NULL,'2011-10-22 01:16:27',0.00,0.00,1,153,NULL,NULL,NULL,NULL),(70,NULL,'CREATED','中通',NULL,'2011-10-22 01:16:27',0.00,0.00,1,154,NULL,NULL,NULL,NULL),(71,NULL,'CREATED','中通',NULL,'2011-10-22 01:16:27',0.00,0.00,1,155,NULL,NULL,NULL,NULL),(72,NULL,'CREATED','中通',NULL,'2011-10-22 01:16:27',0.00,0.00,1,156,NULL,NULL,NULL,NULL),(73,NULL,'CREATED','中通',NULL,'2011-10-22 01:16:27',0.00,0.00,1,157,NULL,NULL,NULL,NULL),(74,NULL,'CREATED','中通',NULL,'2011-10-22 01:16:27',0.00,0.00,1,158,NULL,NULL,NULL,NULL),(75,NULL,'CREATED','中通','680142559488','2011-10-22 01:16:27',0.00,0.00,1,159,NULL,NULL,NULL,NULL),(76,NULL,'CREATED','中通',NULL,'2011-10-22 01:16:27',0.00,0.00,1,160,NULL,NULL,NULL,NULL),(77,NULL,'CREATED','中通','680142559485','2011-10-22 01:16:27',0.00,0.00,1,161,NULL,NULL,NULL,NULL),(78,NULL,'CREATED','中通',NULL,'2011-10-22 01:16:27',0.00,0.00,1,162,NULL,NULL,NULL,NULL),(79,NULL,'CREATED','中通','680142559499','2011-10-22 01:16:27',0.00,0.00,1,163,NULL,NULL,NULL,NULL),(80,NULL,'CREATED','中通','680142559489','2011-10-22 01:16:27',0.00,0.00,1,164,NULL,NULL,NULL,NULL),(81,NULL,'CREATED','中通',NULL,'2011-10-22 01:16:27',0.00,0.00,1,165,NULL,NULL,NULL,NULL),(82,NULL,'CREATED','中通',NULL,'2011-10-22 01:16:27',0.00,0.00,1,166,NULL,NULL,NULL,NULL),(83,NULL,'CREATED','中通','680142559431','2011-10-22 01:16:27',0.00,0.00,1,167,NULL,NULL,NULL,NULL),(84,NULL,'CREATED','中通','680142559425','2011-10-22 01:16:28',0.00,0.00,1,168,NULL,NULL,NULL,NULL),(85,NULL,'CREATED','中通','发平邮要重新检查，单子没打全','2011-10-22 01:16:28',0.00,0.00,1,169,NULL,NULL,NULL,NULL),(86,NULL,'CREATED','中通',NULL,'2011-10-22 01:16:28',0.00,0.00,1,170,NULL,NULL,NULL,NULL),(87,NULL,'CREATED','中通',NULL,'2011-10-22 01:16:28',0.00,0.00,1,171,NULL,NULL,NULL,NULL),(88,NULL,'CREATED','中通',NULL,'2011-10-22 01:16:28',0.00,0.00,1,202,NULL,NULL,NULL,NULL),(89,NULL,'CREATED','中通',NULL,'2011-10-22 01:16:28',0.00,0.00,1,203,NULL,NULL,NULL,NULL),(90,NULL,'CREATED','中通',NULL,'2011-10-22 01:16:28',0.00,0.00,1,204,NULL,NULL,NULL,NULL),(91,NULL,'CREATED','中通',NULL,'2011-10-22 01:16:28',0.00,0.00,1,205,NULL,NULL,NULL,NULL),(92,NULL,'CREATED','中通',NULL,'2011-10-22 01:16:28',0.00,0.00,1,206,NULL,NULL,NULL,NULL),(93,NULL,'CREATED','中通',NULL,'2011-10-22 01:16:28',0.00,0.00,1,207,NULL,NULL,NULL,NULL),(94,NULL,'CREATED','中通',NULL,'2011-10-22 01:16:28',0.00,0.00,1,208,NULL,NULL,NULL,NULL),(95,NULL,'CREATED','中通',NULL,'2011-10-22 01:16:28',0.00,0.00,1,210,NULL,NULL,NULL,NULL),(96,NULL,'CREATED','中通','680142559492','2011-10-22 01:16:28',0.00,0.00,1,211,NULL,NULL,NULL,NULL),(97,NULL,'CREATED','中通',NULL,'2011-10-22 01:16:28',0.00,0.00,1,212,NULL,NULL,NULL,NULL),(98,NULL,'CREATED','中通',NULL,'2011-10-22 01:16:28',0.00,0.00,1,213,NULL,NULL,NULL,NULL),(99,NULL,'CREATED','中通',NULL,'2011-10-22 01:16:28',0.00,0.00,1,214,NULL,NULL,NULL,NULL),(100,NULL,'CREATED','中通',NULL,'2011-10-22 01:16:29',0.00,0.00,1,215,NULL,NULL,NULL,NULL),(101,NULL,'CREATED','中通',NULL,'2011-10-22 01:16:29',0.00,0.00,1,216,NULL,NULL,NULL,NULL),(102,NULL,'CREATED','中通','680142559432','2011-10-22 01:16:29',0.00,0.00,1,217,NULL,NULL,NULL,NULL),(103,NULL,'CREATED','中通',NULL,'2011-10-22 01:16:29',0.00,0.00,1,218,NULL,NULL,NULL,NULL),(104,NULL,'CREATED','中通','680142559498','2011-10-22 01:16:29',0.00,0.00,1,219,NULL,NULL,NULL,NULL),(105,NULL,'CREATED','中通','680142559426','2011-10-22 01:16:29',0.00,0.00,1,220,NULL,NULL,NULL,NULL),(106,NULL,'CREATED','中通','680142559496','2011-10-22 01:16:29',0.00,0.00,1,221,NULL,NULL,NULL,NULL),(107,NULL,'CREATED','中通','100001982268','2011-10-22 01:16:29',0.00,0.00,1,252,NULL,NULL,NULL,NULL),(108,NULL,'CREATED','中通',NULL,'2011-10-22 01:16:29',0.00,0.00,1,253,NULL,NULL,NULL,NULL),(109,NULL,'CREATED','中通','680142559495','2011-10-22 01:16:29',0.00,0.00,1,254,NULL,NULL,NULL,NULL),(110,NULL,'CREATED','中通','680142559454','2011-10-22 01:16:29',0.00,0.00,1,255,NULL,NULL,NULL,NULL),(111,NULL,'CREATED','中通',NULL,'2011-10-22 01:16:29',0.00,0.00,1,256,NULL,NULL,NULL,NULL),(112,NULL,'CREATED','中通',NULL,'2011-10-22 01:16:30',0.00,0.00,1,257,NULL,NULL,NULL,NULL),(113,NULL,'CREATED','中通','805000055292','2011-10-22 01:16:30',0.00,0.00,1,258,NULL,NULL,NULL,NULL),(114,NULL,'CREATED','中通','680142559497','2011-10-22 01:16:30',0.00,0.00,1,259,NULL,NULL,NULL,NULL),(115,NULL,'CREATED','中通',NULL,'2011-10-22 01:16:30',0.00,0.00,1,260,NULL,NULL,NULL,NULL),(116,NULL,'CREATED','中通',NULL,'2011-10-22 01:16:30',0.00,0.00,1,260,NULL,NULL,NULL,NULL),(117,NULL,'CREATED','中通',NULL,'2011-10-22 01:16:30',0.00,0.00,1,261,NULL,NULL,NULL,NULL),(118,NULL,'CREATED','中通','680142559494','2011-10-22 01:16:30',0.00,0.00,1,262,NULL,NULL,NULL,NULL),(119,NULL,'CREATED','中通',NULL,'2011-10-22 01:16:30',0.00,0.00,1,263,NULL,NULL,NULL,NULL),(120,NULL,'CREATED','中通','680142559433','2011-10-22 01:16:30',0.00,0.00,1,264,NULL,NULL,NULL,NULL),(121,NULL,'CREATED','中通',NULL,'2011-10-22 01:16:30',0.00,0.00,1,265,NULL,NULL,NULL,NULL),(122,NULL,'CREATED','中通',NULL,'2011-10-22 01:16:30',0.00,0.00,1,266,NULL,NULL,NULL,NULL),(123,NULL,'CREATED','中通',NULL,'2011-10-22 01:16:30',0.00,0.00,1,267,NULL,NULL,NULL,NULL),(124,NULL,'CREATED','中通',NULL,'2011-10-22 01:16:30',0.00,0.00,1,268,NULL,NULL,NULL,NULL),(125,NULL,'CREATED','中通','680142559500','2011-10-22 01:16:30',0.00,0.00,1,269,NULL,NULL,NULL,NULL),(126,NULL,'CREATED','中通',NULL,'2011-10-22 01:16:31',0.00,0.00,1,270,NULL,NULL,NULL,NULL),(127,NULL,'CREATED','中通','100001982583','2011-10-22 01:16:31',0.00,0.00,1,271,NULL,NULL,NULL,NULL),(128,NULL,'CREATED','中通','680142559424','2011-10-22 01:16:31',0.00,0.00,1,302,NULL,NULL,NULL,NULL),(129,NULL,'CREATED','中通',NULL,'2011-10-22 01:16:31',0.00,0.00,1,303,NULL,NULL,NULL,NULL),(130,NULL,'CREATED','中通',NULL,'2011-10-22 01:16:31',0.00,0.00,1,304,NULL,NULL,NULL,NULL),(131,NULL,'CREATED','中通','680142559493','2011-10-22 01:16:31',0.00,0.00,1,305,NULL,NULL,NULL,NULL),(132,NULL,'CREATED','中通',NULL,'2011-10-22 01:16:31',0.00,0.00,1,306,NULL,NULL,NULL,NULL),(133,NULL,'CREATED','中通','100001982299','2011-10-22 01:16:31',0.00,0.00,1,307,NULL,NULL,NULL,NULL),(134,NULL,'CREATED','中通',NULL,'2011-10-22 01:16:31',0.00,0.00,1,310,NULL,NULL,NULL,NULL),(135,NULL,'CREATED','中通','680142559415','2011-10-22 01:16:31',0.00,0.00,1,311,NULL,NULL,NULL,NULL),(136,NULL,'CREATED','中通',NULL,'2011-10-22 01:16:31',0.00,0.00,1,312,NULL,NULL,NULL,NULL),(137,NULL,'CREATED','中通',NULL,'2011-10-22 01:16:31',0.00,0.00,1,313,NULL,NULL,NULL,NULL),(138,NULL,'CREATED','中通',NULL,'2011-10-22 01:16:31',0.00,0.00,1,314,NULL,NULL,NULL,NULL),(139,NULL,'CREATED','中通',NULL,'2011-10-22 01:16:31',0.00,0.00,1,315,NULL,NULL,NULL,NULL),(140,NULL,'CREATED','中通',NULL,'2011-10-22 01:16:31',0.00,0.00,1,316,NULL,NULL,NULL,NULL),(141,NULL,'CREATED','中通',NULL,'2011-10-22 01:16:32',0.00,0.00,1,317,NULL,NULL,NULL,NULL),(142,NULL,'CREATED','中通','680142559486','2011-10-22 01:16:32',0.00,0.00,1,318,NULL,NULL,NULL,NULL),(143,NULL,'CREATED','中通',NULL,'2011-10-22 01:16:32',0.00,0.00,1,319,NULL,NULL,NULL,NULL),(144,NULL,'CREATED','中通',NULL,'2011-10-22 01:16:32',0.00,0.00,1,320,NULL,NULL,NULL,NULL),(145,NULL,'CREATED','中通',NULL,'2011-10-22 01:16:32',0.00,0.00,1,321,NULL,NULL,NULL,NULL),(146,NULL,'CREATED','中通',NULL,'2011-10-22 01:16:32',0.00,0.00,1,322,NULL,NULL,NULL,NULL),(147,NULL,'CREATED','中通','1707544200（圆通）','2011-10-22 01:16:32',0.00,0.00,1,702,NULL,NULL,NULL,NULL),(148,NULL,'CREATED','中通',NULL,'2011-10-22 01:16:32',0.00,0.00,1,352,NULL,NULL,NULL,NULL),(149,NULL,'CREATED','中通','100001982307','2011-10-22 01:16:32',0.00,0.00,1,353,NULL,NULL,NULL,NULL),(150,NULL,'CREATED','中通',NULL,'2011-10-22 01:16:32',0.00,0.00,1,354,NULL,NULL,NULL,NULL),(151,NULL,'CREATED','中通',NULL,'2011-10-22 01:16:32',0.00,0.00,1,355,NULL,NULL,NULL,NULL),(152,NULL,'CREATED','中通','680142559490','2011-10-22 01:16:33',0.00,0.00,1,552,NULL,NULL,NULL,NULL),(153,NULL,'CREATED','中通','100001982580','2011-10-22 01:16:33',0.00,0.00,1,356,NULL,NULL,NULL,NULL),(154,NULL,'CREATED','中通',NULL,'2011-10-22 01:16:33',0.00,0.00,1,357,NULL,NULL,NULL,NULL),(155,NULL,'CREATED','中通','100001982303','2011-10-22 01:16:33',0.00,0.00,1,358,NULL,NULL,NULL,NULL),(156,NULL,'CREATED','中通','100001982301','2011-10-22 01:16:33',0.00,0.00,1,359,NULL,NULL,NULL,NULL),(157,NULL,'CREATED','中通','100001982363','2011-10-22 01:16:33',0.00,0.00,1,703,NULL,NULL,NULL,NULL),(158,NULL,'CREATED','中通',NULL,'2011-10-22 01:16:33',0.00,0.00,1,360,NULL,NULL,NULL,NULL),(159,NULL,'CREATED','中通',NULL,'2011-10-22 01:16:33',0.00,0.00,1,361,NULL,NULL,NULL,NULL),(160,NULL,'CREATED','中通','700000418093','2011-10-22 01:16:33',0.00,0.00,1,362,NULL,NULL,NULL,NULL),(161,NULL,'CREATED','中通','100001982298','2011-10-22 01:16:33',0.00,0.00,1,363,NULL,NULL,NULL,NULL),(162,NULL,'CREATED','中通',NULL,'2011-10-22 01:16:33',0.00,0.00,1,366,NULL,NULL,NULL,NULL),(163,NULL,'CREATED','中通',NULL,'2011-10-22 01:16:33',0.00,0.00,1,367,NULL,NULL,NULL,NULL),(164,NULL,'CREATED','中通',NULL,'2011-10-22 01:16:34',0.00,0.00,1,368,NULL,NULL,NULL,NULL),(165,NULL,'CREATED','中通','100001982309','2011-10-22 01:16:34',0.00,0.00,1,369,NULL,NULL,NULL,NULL),(166,NULL,'CREATED','中通',NULL,'2011-10-22 01:16:34',0.00,0.00,1,402,NULL,NULL,NULL,NULL),(167,NULL,'CREATED','中通',NULL,'2011-10-22 01:16:34',0.00,0.00,1,403,NULL,NULL,NULL,NULL),(168,NULL,'CREATED','中通','100001982362','2011-10-22 01:16:34',0.00,0.00,1,404,NULL,NULL,NULL,NULL),(169,NULL,'CREATED','中通',NULL,'2011-10-22 01:16:34',0.00,0.00,1,405,NULL,NULL,NULL,NULL),(170,NULL,'CREATED','中通',NULL,'2011-10-22 01:16:34',0.00,0.00,1,704,NULL,NULL,NULL,NULL),(171,NULL,'CREATED','中通',NULL,'2011-10-22 01:16:34',0.00,0.00,1,406,NULL,NULL,NULL,NULL),(172,NULL,'CREATED','中通',NULL,'2011-10-22 01:16:34',0.00,0.00,1,407,NULL,NULL,NULL,NULL),(173,NULL,'CREATED','中通',NULL,'2011-10-22 01:16:34',0.00,0.00,1,408,NULL,NULL,NULL,NULL),(174,NULL,'CREATED','中通',NULL,'2011-10-22 01:16:34',0.00,0.00,1,409,NULL,NULL,NULL,NULL),(175,NULL,'CREATED','中通',NULL,'2011-10-22 01:16:34',0.00,0.00,1,410,NULL,NULL,NULL,NULL),(176,NULL,'CREATED','中通',NULL,'2011-10-22 01:16:34',0.00,0.00,1,452,NULL,NULL,NULL,NULL),(177,NULL,'CREATED','中通',NULL,'2011-10-22 01:16:34',0.00,0.00,1,752,NULL,NULL,NULL,NULL),(178,NULL,'CREATED','中通','100001982304','2011-10-22 01:16:34',0.00,0.00,1,411,NULL,NULL,NULL,NULL),(179,NULL,'CREATED','中通',NULL,'2011-10-22 01:16:34',0.00,0.00,1,412,NULL,NULL,NULL,NULL),(180,NULL,'CREATED','中通','100001982311','2011-10-22 01:16:34',0.00,0.00,1,413,NULL,NULL,NULL,NULL),(181,NULL,'CREATED','中通',NULL,'2011-10-22 01:16:35',0.00,0.00,1,414,NULL,NULL,NULL,NULL),(182,NULL,'CREATED','中通','100001982310','2011-10-22 01:16:35',0.00,0.00,1,415,NULL,NULL,NULL,NULL),(183,NULL,'CREATED','中通',NULL,'2011-10-22 01:16:35',0.00,0.00,1,416,NULL,NULL,NULL,NULL),(184,NULL,'CREATED','中通',NULL,'2011-10-22 01:16:35',0.00,0.00,1,753,NULL,NULL,NULL,NULL),(185,NULL,'CREATED','中通','100001982305','2011-10-22 01:16:35',0.00,0.00,1,417,NULL,NULL,NULL,NULL),(186,NULL,'CREATED','中通','100001982306','2011-10-22 01:16:35',0.00,0.00,1,502,NULL,NULL,NULL,NULL),(187,NULL,'CREATED','中通',NULL,'2011-10-22 01:16:35',0.00,0.00,1,503,NULL,NULL,NULL,NULL),(188,NULL,'CREATED','中通',NULL,'2011-10-22 01:16:35',0.00,0.00,1,754,NULL,NULL,NULL,NULL),(189,NULL,'CREATED','中通',NULL,'2011-10-22 01:16:35',0.00,0.00,1,504,NULL,NULL,NULL,NULL),(190,NULL,'CREATED','中通',NULL,'2011-10-22 01:16:35',0.00,0.00,1,505,NULL,NULL,NULL,NULL),(191,NULL,'CREATED','中通',NULL,'2011-10-22 01:16:35',0.00,0.00,1,755,NULL,NULL,NULL,NULL),(192,NULL,'CREATED','中通',NULL,'2011-10-22 01:16:35',0.00,0.00,1,756,NULL,NULL,NULL,NULL),(193,NULL,'CREATED','中通','700000418094','2011-10-22 01:16:35',0.00,0.00,1,652,NULL,NULL,NULL,NULL),(194,NULL,'CREATED','中通','100001982302','2011-10-22 01:16:35',0.00,0.00,1,506,NULL,NULL,NULL,NULL),(195,NULL,'CREATED','中通',NULL,'2011-10-22 01:16:35',0.00,0.00,1,507,NULL,NULL,NULL,NULL),(196,NULL,'CREATED','中通',NULL,'2011-10-22 01:16:35',0.00,0.00,1,508,NULL,NULL,NULL,NULL),(197,NULL,'CREATED','中通',NULL,'2011-10-22 01:16:35',0.00,0.00,1,509,NULL,NULL,NULL,NULL),(198,NULL,'CREATED','中通',NULL,'2011-10-22 01:16:36',0.00,0.00,1,510,NULL,NULL,NULL,NULL),(199,NULL,'CREATED','中通','100001982312','2011-10-22 01:16:36',0.00,0.00,1,511,NULL,NULL,NULL,NULL),(200,NULL,'CREATED','中通',NULL,'2011-10-22 01:16:36',0.00,0.00,1,512,NULL,NULL,NULL,NULL),(201,NULL,'CREATED','中通','100001982308','2011-10-22 01:16:36',0.00,0.00,1,513,NULL,NULL,NULL,NULL),(202,NULL,'CREATED','中通',NULL,'2011-10-22 01:16:36',0.00,0.00,1,802,NULL,NULL,NULL,NULL),(203,NULL,'CREATED','中通','100001982300','2011-10-22 01:16:36',0.00,0.00,1,514,NULL,NULL,NULL,NULL),(204,NULL,'CREATED','中通',NULL,'2011-10-22 01:16:36',0.00,0.00,1,515,NULL,NULL,NULL,NULL),(205,NULL,'CREATED','中通',NULL,'2011-10-22 01:16:36',0.00,0.00,1,516,NULL,NULL,NULL,NULL),(206,NULL,'CREATED','中通',NULL,'2011-10-22 01:16:36',0.00,0.00,1,517,NULL,NULL,NULL,NULL),(207,NULL,'CREATED','中通',NULL,'2011-10-22 01:16:36',0.00,0.00,1,518,NULL,NULL,NULL,NULL),(208,NULL,'CREATED','中通',NULL,'2011-10-22 01:16:36',0.00,0.00,1,804,NULL,NULL,NULL,NULL),(209,NULL,'CREATED','中通',NULL,'2011-10-22 01:16:36',0.00,0.00,1,519,NULL,NULL,NULL,NULL),(210,NULL,'CREATED','中通',NULL,'2011-10-22 01:16:36',0.00,0.00,1,520,NULL,NULL,NULL,NULL),(211,NULL,'CREATED','中通',NULL,'2011-10-22 01:16:36',0.00,0.00,1,521,NULL,NULL,NULL,NULL),(212,NULL,'CREATED','中通',NULL,'2011-10-22 01:16:36',0.00,0.00,1,522,NULL,NULL,NULL,NULL),(213,NULL,'CREATED','中通',NULL,'2011-10-22 01:16:36',0.00,0.00,1,523,NULL,NULL,NULL,NULL),(214,NULL,'CREATED','中通',NULL,'2011-10-22 01:16:37',0.00,0.00,1,524,NULL,NULL,NULL,NULL),(215,NULL,'CREATED','中通',NULL,'2011-10-22 01:16:37',0.00,0.00,1,525,NULL,NULL,NULL,NULL),(216,NULL,'CREATED','中通',NULL,'2011-10-22 01:16:37',0.00,0.00,1,526,NULL,NULL,NULL,NULL),(217,NULL,'CREATED','中通',NULL,'2011-10-22 01:16:37',0.00,0.00,1,805,NULL,NULL,NULL,NULL),(218,NULL,'CREATED','中通',NULL,'2011-10-22 01:16:37',0.00,0.00,1,527,NULL,NULL,NULL,NULL),(219,NULL,'CREATED','中通',NULL,'2011-10-22 01:16:37',0.00,0.00,1,528,NULL,NULL,NULL,NULL),(220,NULL,'CREATED','中通',NULL,'2011-10-22 01:16:37',0.00,0.00,1,529,NULL,NULL,NULL,NULL),(221,NULL,'CREATED','中通',NULL,'2011-10-22 01:16:37',0.00,0.00,1,806,NULL,NULL,NULL,NULL),(222,NULL,'CREATED','中通',NULL,'2011-10-22 01:16:37',0.00,0.00,1,807,NULL,NULL,NULL,NULL);
/*!40000 ALTER TABLE `gsm_delivery` ENABLE KEYS */;
UNLOCK TABLES;

--
-- Table structure for table `gsm_delivery_item`
--

DROP TABLE IF EXISTS `gsm_delivery_item`;
/*!40101 SET @saved_cs_client     = @@character_set_client */;
/*!40101 SET character_set_client = utf8 */;
CREATE TABLE `gsm_delivery_item` (
  `obj_id` bigint(20) NOT NULL,
  `item_count` decimal(5,0) DEFAULT NULL,
  `header_id` bigint(20) DEFAULT NULL,
  `order_item_id` bigint(20) DEFAULT NULL,
  PRIMARY KEY (`obj_id`),
  KEY `FK_gsm_delivery_item_order_item_id` (`order_item_id`),
  KEY `FK_gsm_delivery_item_header_id` (`header_id`),
  CONSTRAINT `FK_gsm_delivery_item_header_id` FOREIGN KEY (`header_id`) REFERENCES `gsm_delivery` (`obj_id`),
  CONSTRAINT `FK_gsm_delivery_item_order_item_id` FOREIGN KEY (`order_item_id`) REFERENCES `gsm_order_item` (`obj_id`)
) ENGINE=InnoDB DEFAULT CHARSET=utf8;
/*!40101 SET character_set_client = @saved_cs_client */;

--
-- Dumping data for table `gsm_delivery_item`
--

LOCK TABLES `gsm_delivery_item` WRITE;
/*!40000 ALTER TABLE `gsm_delivery_item` DISABLE KEYS */;
INSERT INTO `gsm_delivery_item` VALUES (2,1,2,2),(3,1,2,3),(4,1,2,4),(5,1,2,5),(6,1,2,6),(7,1,3,7),(8,1,3,8),(9,1,4,9),(10,1,4,10),(11,1,4,11),(12,1,5,9),(13,1,5,10),(14,1,5,11),(15,1,6,12),(16,1,6,13),(17,1,6,14),(18,1,6,15),(19,1,6,16),(20,1,6,17),(21,1,6,18),(22,1,6,19),(23,1,7,12),(24,1,7,13),(25,1,7,14),(26,1,7,15),(27,1,7,16),(28,1,7,17),(29,1,7,18),(30,1,7,19),(31,1,8,20),(32,1,9,20),(33,1,10,21),(34,1,10,22),(35,1,10,23),(36,1,10,24),(37,1,10,25),(38,1,11,26),(39,1,11,27),(40,1,11,28),(41,1,11,29),(42,1,11,30),(43,1,11,31),(44,1,11,32),(45,1,11,33),(46,1,11,34),(47,1,11,35),(48,1,11,36),(49,1,12,37),(50,1,12,38),(51,1,12,39),(52,1,12,40),(53,1,12,41),(54,1,12,42),(55,1,12,43),(56,1,12,44),(57,1,12,45),(58,1,12,46),(59,1,12,47),(60,1,12,48),(61,1,12,49),(62,1,13,50),(63,1,13,51),(64,1,13,52),(65,1,13,53),(66,1,13,54),(67,1,13,55),(68,1,13,56),(69,1,13,57),(70,1,13,58),(71,2,13,59),(72,1,13,60),(73,1,13,61),(74,1,14,62),(75,1,14,63),(76,1,14,64),(77,1,15,62),(78,1,15,63),(79,1,15,64),(80,1,16,62),(81,1,16,63),(82,1,16,64),(83,1,17,65),(84,1,17,66),(85,1,17,67),(86,1,18,68),(87,1,18,69),(88,1,19,70),(89,1,19,71),(90,1,19,72),(91,1,19,73),(92,1,19,74),(93,1,19,75),(94,1,20,76),(95,1,20,77),(96,1,20,78),(97,1,21,76),(98,1,21,77),(99,1,21,78),(100,1,22,79),(101,1,22,80),(102,1,23,81),(103,1,23,82),(104,1,23,83),(105,1,23,84),(106,1,23,85),(107,1,23,86),(108,1,24,87),(109,1,24,88),(110,1,25,89),(111,1,25,90),(112,1,25,91),(113,1,25,92),(114,1,25,93),(115,1,25,94),(116,1,25,95),(117,1,25,96),(118,1,25,97),(119,1,25,98),(120,1,25,99),(121,1,25,100),(122,1,26,101),(123,1,26,102),(124,1,26,103),(125,1,26,104),(126,1,27,152),(127,1,27,153),(128,1,27,154),(129,1,27,155),(130,1,27,156),(131,1,27,157),(132,1,27,158),(133,1,27,159),(134,1,28,160),(135,1,28,161),(136,1,28,162),(137,1,28,163),(138,1,28,164),(139,1,28,165),(140,1,28,166),(141,1,28,167),(142,1,28,168),(143,1,28,169),(144,1,29,170),(145,1,29,171),(146,1,29,172),(147,1,29,173),(148,1,29,174),(149,1,29,175),(150,1,29,176),(151,1,29,177),(152,1,29,178),(153,1,29,179),(154,1,29,180),(155,1,29,181),(156,1,29,182),(157,1,29,183),(158,1,29,184),(159,1,29,185),(160,1,29,186),(161,1,29,187),(162,1,29,188),(163,1,29,189),(164,1,29,190),(165,1,29,191),(166,1,29,192),(167,1,30,170),(168,1,30,171),(169,1,30,172),(170,1,30,173),(171,1,30,174),(172,1,30,175),(173,1,30,176),(174,1,30,177),(175,1,30,178),(176,1,30,179),(177,1,30,180),(178,1,30,181),(179,1,30,182),(180,1,30,183),(181,1,30,184),(182,1,30,185),(183,1,30,186),(184,1,30,187),(185,1,30,188),(186,1,30,189),(187,1,30,190),(188,1,30,191),(189,1,30,192),(190,1,31,193),(191,1,32,194),(192,1,32,195),(193,1,32,196),(194,1,32,197),(195,1,33,198),(196,1,33,199),(197,1,33,200),(198,1,33,201),(199,1,33,202),(200,1,33,203),(201,1,33,204),(202,1,33,205),(203,1,34,206),(204,1,35,207),(205,1,35,1152),(206,1,35,1153),(207,1,35,1154),(208,1,35,1155),(209,1,35,1156),(210,1,36,207),(211,1,36,1152),(212,1,36,1153),(213,1,36,1154),(214,1,36,1155),(215,1,36,1156),(216,1,37,208),(217,1,37,1157),(218,1,37,1158),(219,1,37,1159),(220,1,37,1160),(221,1,37,1161),(222,1,37,1162),(223,1,37,1163),(224,1,37,1164),(225,1,37,1165),(226,1,38,209),(227,1,39,210),(228,1,39,1166),(229,1,39,1167),(230,1,39,1169),(231,1,39,1170),(232,1,39,1171),(233,1,39,1172),(234,1,39,1173),(235,1,39,1174),(236,1,39,1175),(237,1,39,1176),(238,1,39,1177),(239,1,39,1178),(240,1,39,1179),(241,1,39,1180),(242,1,39,1181),(243,1,39,1182),(244,1,39,1183),(245,1,40,211),(246,1,40,212),(247,1,40,213),(248,1,40,214),(249,1,40,215),(250,1,40,216),(251,1,41,217),(252,1,41,218),(253,1,41,219),(254,1,41,220),(255,1,41,221),(256,1,41,222),(257,1,42,223),(258,1,42,1184),(259,1,42,1185),(260,1,42,1186),(261,1,42,1187),(262,1,42,1188),(263,1,42,1189),(264,1,42,1190),(265,1,43,224),(266,1,43,225),(267,1,44,226),(268,6,45,227),(269,1,45,228),(270,1,45,229),(271,1,46,230),(272,1,46,231),(273,1,47,232),(274,1,47,1191),(275,1,47,1192),(276,1,47,1193),(277,1,47,1194),(278,1,47,1195),(279,1,48,252),(280,1,49,253),(281,1,49,254),(282,0,49,255),(283,1,49,256),(284,1,49,257),(285,0,49,258),(286,1,49,259),(287,1,49,260),(288,1,49,261),(289,0,49,262),(290,1,49,263),(291,1,50,264),(292,1,50,265),(293,1,50,266),(294,1,50,267),(295,1,50,268),(296,1,50,269),(297,1,50,270),(298,1,51,271),(299,1,51,1196),(300,1,51,1197),(301,1,51,1198),(302,1,51,1199),(303,1,51,1200),(304,1,51,1201),(305,1,51,1202),(306,1,51,1203),(307,1,51,1204),(308,1,51,1205),(309,1,51,1206),(310,1,51,1207),(311,1,51,1208),(312,1,51,1209),(313,1,52,272),(314,1,52,273),(315,1,52,274),(316,1,52,275),(317,1,52,276),(318,1,52,1210),(319,1,52,1211),(320,1,52,1652),(321,1,53,277),(322,1,53,1212),(323,1,53,1213),(324,1,53,1214),(325,1,53,1215),(326,1,53,1216),(327,1,53,1217),(328,1,53,1218),(329,1,53,1219),(330,1,53,1220),(331,1,54,278),(332,1,54,279),(333,1,54,280),(334,1,54,281),(335,1,54,282),(336,1,54,283),(337,1,54,284),(338,1,54,285),(339,1,54,286),(340,1,54,287),(341,1,54,288),(342,1,54,289),(343,1,54,290),(344,1,54,291),(345,1,54,292),(346,1,54,293),(347,1,55,294),(348,1,55,295),(349,1,55,296),(350,1,55,297),(351,1,55,298),(352,1,56,299),(353,1,56,300),(354,1,57,301),(355,1,57,1221),(356,1,57,1222),(357,1,57,1223),(358,1,57,1224),(359,1,57,1225),(360,1,57,1226),(361,1,57,1227),(362,1,58,302),(363,1,58,1228),(364,1,58,1229),(365,1,59,303),(366,1,59,304),(367,1,59,305),(368,1,59,306),(369,1,59,307),(370,1,59,308),(371,1,59,309),(372,1,59,310),(373,1,59,311),(374,1,59,312),(375,1,59,313),(376,1,59,314),(377,1,59,315),(378,1,59,316),(379,1,59,317),(380,1,59,318),(381,1,59,319),(382,1,59,320),(383,1,59,321),(384,1,59,322),(385,1,59,323),(386,1,59,324),(387,1,59,325),(388,1,59,326),(389,1,60,327),(390,1,60,328),(391,1,60,329),(392,1,61,330),(393,1,61,1230),(394,1,62,331),(395,1,62,332),(396,0,62,333),(397,1,62,334),(398,0,62,335),(399,1,62,336),(400,1,62,337),(401,0,62,338),(402,1,62,339),(403,0,62,340),(404,1,63,341),(405,1,63,342),(406,1,64,343),(407,1,65,344),(408,1,65,1231),(409,1,65,1232),(410,1,65,1233),(411,1,65,1234),(412,1,65,1235),(413,1,65,1236),(414,1,65,1237),(415,1,65,1238),(416,1,65,1239),(417,1,65,1240),(418,1,65,1241),(419,1,65,1242),(420,1,65,1243),(421,1,65,1244),(422,1,65,1245),(423,1,65,1246),(424,1,65,1247),(425,1,65,1248),(426,1,66,345),(427,1,66,1249),(428,1,66,1250),(429,1,66,1251),(430,1,66,1252),(431,1,66,1253),(432,1,66,1254),(433,1,66,1255),(434,1,67,346),(435,1,68,352),(436,1,68,353),(437,1,68,354),(438,1,69,355),(439,1,69,356),(440,1,69,357),(441,1,69,358),(442,1,69,359),(443,1,69,361),(444,1,69,362),(445,1,69,363),(446,1,69,364),(447,1,69,365),(448,1,70,366),(449,1,71,367),(450,1,71,368),(451,1,71,369),(452,1,71,370),(453,1,71,371),(454,1,71,372),(455,1,71,373),(456,1,71,374),(457,1,71,376),(458,1,71,377),(459,1,72,378),(460,1,72,379),(461,1,72,380),(462,1,72,381),(463,1,72,382),(464,1,72,384),(465,1,73,385),(466,1,73,387),(467,1,73,388),(468,1,74,389),(469,1,74,390),(470,1,75,391),(471,1,76,392),(472,1,76,393),(473,1,77,395),(474,1,77,1256),(475,1,77,1257),(476,1,77,1258),(477,1,78,396),(478,1,78,397),(479,1,79,398),(480,1,79,399),(481,1,79,401),(482,1,80,402),(483,1,80,1259),(484,1,80,1260),(485,1,81,403),(486,1,81,404),(487,1,81,405),(488,1,81,406),(489,1,81,407),(490,1,82,408),(491,1,82,409),(492,1,82,410),(493,1,82,411),(494,1,83,412),(495,1,83,413),(496,1,83,414),(497,1,83,415),(498,1,83,416),(499,1,83,417),(500,1,83,418),(501,1,83,419),(502,1,83,420),(503,1,83,421),(504,1,83,422),(505,1,83,424),(506,1,84,425),(507,1,85,426),(508,1,85,427),(509,1,85,428),(510,1,85,429),(511,1,85,430),(512,1,85,431),(513,1,85,432),(514,1,85,433),(515,1,85,434),(516,1,85,435),(517,1,85,436),(518,1,85,437),(519,1,85,438),(520,1,85,440),(521,1,85,441),(522,1,85,442),(523,1,85,443),(524,1,85,444),(525,1,85,445),(526,1,85,447),(527,1,85,448),(528,1,85,449),(529,1,85,450),(530,1,85,451),(531,1,85,452),(532,1,86,453),(533,1,86,454),(534,1,86,455),(535,1,87,456),(536,1,87,457),(537,1,87,458),(538,1,87,459),(539,1,87,460),(540,1,87,461),(541,1,87,463),(542,1,87,464),(543,1,87,466),(544,1,87,467),(545,1,87,468),(546,1,88,502),(547,1,88,503),(548,1,88,504),(549,1,88,505),(550,1,88,506),(551,1,88,507),(552,1,88,508),(553,1,88,509),(554,1,88,510),(555,1,88,511),(556,1,88,512),(557,1,88,513),(558,1,89,514),(559,1,89,515),(560,1,89,516),(561,1,89,517),(562,1,90,518),(563,1,90,519),(564,1,90,520),(565,1,90,521),(566,1,90,522),(567,1,90,524),(568,1,90,525),(569,1,90,526),(570,1,91,527),(571,1,92,528),(572,1,92,529),(573,2,92,530),(574,1,92,531),(575,1,92,532),(576,1,92,533),(577,1,92,534),(578,1,92,535),(579,2,92,536),(580,2,92,537),(581,1,92,538),(582,1,92,539),(583,1,92,540),(584,1,92,541),(585,1,92,542),(586,1,92,543),(587,1,92,544),(588,1,92,545),(589,1,92,547),(590,1,92,548),(591,1,92,549),(592,1,92,551),(593,1,92,552),(594,1,93,553),(595,1,94,554),(596,1,94,555),(597,1,94,556),(598,1,94,557),(599,1,94,558),(600,1,94,559),(601,1,95,564),(602,1,95,1261),(603,1,96,565),(604,1,97,566),(605,1,98,567),(606,1,98,1262),(607,1,99,568),(608,1,99,569),(609,1,99,570),(610,1,99,572),(611,1,100,575),(612,1,101,576),(613,1,101,577),(614,1,101,578),(615,1,101,579),(616,1,101,580),(617,1,101,581),(618,1,101,582),(619,1,101,583),(620,1,101,584),(621,1,101,585),(622,1,101,586),(623,1,101,587),(624,1,101,588),(625,1,101,589),(626,1,101,590),(627,1,101,591),(628,1,101,592),(629,1,101,593),(630,1,102,594),(631,1,103,595),(632,1,103,596),(633,1,103,597),(634,1,103,598),(635,1,103,599),(636,1,103,600),(637,1,103,601),(638,1,103,602),(639,1,104,603),(640,1,104,604),(641,1,104,605),(642,1,104,606),(643,1,104,607),(644,1,104,608),(645,1,104,609),(646,1,104,610),(647,1,104,611),(648,1,104,612),(649,1,104,613),(650,1,105,614),(651,1,105,615),(652,1,105,616),(653,1,105,617),(654,1,105,618),(655,1,105,619),(656,1,105,620),(657,1,105,621),(658,1,106,623),(659,1,107,652),(660,1,107,653),(661,1,107,654),(662,1,107,655),(663,1,107,656),(664,1,107,658),(665,1,107,659),(666,1,107,660),(667,1,107,662),(668,1,107,663),(669,1,107,665),(670,1,107,666),(671,1,107,667),(672,1,107,668),(673,1,107,669),(674,1,108,670),(675,1,108,671),(676,1,108,672),(677,1,108,673),(678,1,108,674),(679,1,108,675),(680,1,108,1263),(681,1,109,676),(682,1,109,677),(683,1,110,678),(684,1,110,679),(685,1,110,680),(686,1,111,681),(687,1,111,682),(688,1,111,683),(689,1,111,684),(690,1,111,685),(691,1,111,686),(692,1,111,687),(693,1,111,688),(694,1,111,689),(695,1,111,690),(696,1,111,691),(697,1,111,692),(698,1,111,694),(699,1,111,696),(700,1,111,697),(701,1,111,699),(702,1,111,700),(703,1,111,701),(704,1,111,702),(705,1,112,703),(706,1,112,1302),(707,0,112,1303),(708,1,112,1304),(709,1,112,1305),(710,1,112,1306),(711,1,112,1307),(712,1,113,704),(713,1,113,705),(714,1,113,706),(715,1,114,707),(716,1,114,708),(717,2,115,709),(718,3,115,710),(719,1,115,711),(720,5,115,712),(721,5,115,713),(722,1,115,714),(723,1,115,715),(724,1,115,716),(725,1,115,717),(726,1,115,718),(727,1,115,719),(728,1,115,720),(729,1,115,721),(730,1,115,722),(731,2,116,709),(732,3,116,710),(733,1,116,711),(734,5,116,712),(735,5,116,713),(736,1,116,714),(737,1,116,716),(738,1,116,717),(739,1,116,718),(740,1,116,719),(741,1,116,720),(742,1,116,721),(743,1,116,722),(744,1,117,723),(745,1,118,724),(746,1,118,725),(747,1,118,726),(748,1,118,727),(749,1,118,728),(750,1,118,729),(751,1,118,730),(752,1,118,731),(753,1,118,732),(754,1,118,733),(755,1,118,734),(756,1,118,735),(757,1,118,736),(758,1,118,738),(759,1,118,739),(760,1,118,740),(761,1,119,742),(762,1,119,743),(763,1,119,744),(764,1,119,745),(765,1,119,746),(766,1,119,747),(767,1,119,748),(768,1,119,749),(769,1,119,750),(770,1,119,753),(771,1,119,754),(772,1,119,755),(773,1,119,756),(774,1,119,757),(775,1,119,758),(776,1,119,759),(777,1,119,760),(778,1,120,761),(779,1,120,1308),(780,1,120,1312),(781,1,120,1313),(782,1,120,1314),(783,1,120,1315),(784,1,120,1316),(785,1,120,1317),(786,1,120,1318),(787,1,120,1320),(788,1,120,1321),(789,1,121,762),(790,2,121,763),(791,1,121,764),(792,1,121,765),(793,1,121,766),(794,1,121,767),(795,1,121,768),(796,1,121,769),(797,1,121,771),(798,2,121,772),(799,1,121,773),(800,2,121,775),(801,1,121,778),(802,1,121,779),(803,2,121,780),(804,1,121,781),(805,1,121,782),(806,1,121,783),(807,1,121,784),(808,1,121,785),(809,1,121,786),(810,1,121,787),(811,1,121,788),(812,1,121,789),(813,1,122,790),(814,1,123,791),(815,1,123,792),(816,1,123,794),(817,1,123,796),(818,1,124,797),(819,1,124,798),(820,1,124,799),(821,1,125,800),(822,1,126,801),(823,1,126,802),(824,1,126,803),(825,1,126,804),(826,1,127,805),(827,1,128,852),(828,1,129,853),(829,1,129,854),(830,1,129,855),(831,1,129,857),(832,1,130,859),(833,1,130,860),(834,1,130,861),(835,1,131,862),(836,1,131,863),(837,1,131,864),(838,1,131,865),(839,1,131,866),(840,1,131,867),(841,1,131,869),(842,1,132,870),(843,1,132,871),(844,1,132,872),(845,1,132,873),(846,1,132,875),(847,1,132,876),(848,1,132,877),(849,1,132,878),(850,1,132,880),(851,1,132,881),(852,1,132,882),(853,1,132,883),(854,1,132,885),(855,1,132,886),(856,1,132,887),(857,1,132,888),(858,1,132,889),(859,1,133,890),(860,1,133,891),(861,1,133,892),(862,1,133,893),(863,1,133,894),(864,1,133,895),(865,1,133,897),(866,1,133,898),(867,1,133,899),(868,1,134,916),(869,1,134,919),(870,1,134,920),(871,1,134,921),(872,1,135,922),(873,1,135,923),(874,1,135,925),(875,1,135,926),(876,1,135,927),(877,1,136,928),(878,1,136,929),(879,1,136,932),(880,1,136,933),(881,1,137,934),(882,1,138,935),(883,1,138,936),(884,1,138,937),(885,1,138,938),(886,1,138,939),(887,1,138,940),(888,1,138,942),(889,1,138,943),(890,1,139,944),(891,1,139,945),(892,1,139,946),(893,1,140,949),(894,1,140,950),(895,1,140,951),(896,1,140,952),(897,1,140,953),(898,1,140,954),(899,1,140,955),(900,1,140,956),(901,1,140,957),(902,1,140,959),(903,1,140,960),(904,1,140,961),(905,1,140,963),(906,1,140,965),(907,1,140,968),(908,0,140,1455),(909,1,141,971),(910,1,141,972),(911,1,141,974),(912,1,141,976),(913,1,141,977),(914,1,142,978),(915,1,142,979),(916,4,143,980),(917,4,143,981),(918,1,143,982),(919,0,143,1454),(920,1,144,983),(921,1,144,984),(922,1,144,985),(923,2,144,986),(924,1,144,987),(925,2,144,988),(926,1,144,989),(927,1,144,990),(928,1,144,991),(929,1,144,993),(930,1,144,997),(931,1,144,998),(932,1,144,999),(933,1,144,1000),(934,1,144,1001),(935,2,144,1002),(936,1,144,1006),(937,1,144,1009),(938,1,144,1010),(939,1,145,1011),(940,1,145,1012),(941,1,145,1013),(942,1,145,1014),(943,1,145,1015),(944,1,145,1016),(945,1,145,1018),(946,1,145,1019),(947,1,145,1020),(948,1,145,1021),(949,1,146,1022),(950,1,146,1026),(951,2,146,1027),(952,1,147,1802),(953,1,147,1803),(954,1,147,1804),(955,1,147,1805),(956,1,147,1806),(957,1,147,1807),(958,1,147,1808),(959,2,148,1052),(960,1,148,1053),(961,1,149,1054),(962,1,150,1055),(963,1,150,1056),(964,1,150,1057),(965,1,150,1058),(966,1,150,1059),(967,1,150,1060),(968,1,150,1061),(969,1,150,1062),(970,1,150,1064),(971,1,150,1065),(972,2,151,1067),(973,1,152,1653),(974,1,153,1068),(975,1,153,1069),(976,1,153,1070),(977,1,153,1071),(978,1,153,1072),(979,1,153,1073),(980,1,153,1075),(981,1,153,1076),(982,1,153,1077),(983,1,153,1078),(984,1,154,1084),(985,1,155,1085),(986,1,156,1086),(987,1,156,1087),(988,1,156,1088),(989,1,156,1089),(990,1,156,1090),(991,1,157,1809),(992,1,157,1810),(993,1,157,1811),(994,1,157,1812),(995,1,157,1813),(996,1,157,1815),(997,1,157,1816),(998,1,157,1817),(999,1,158,1092),(1000,1,158,1093),(1001,1,158,1094),(1002,1,159,1095),(1003,1,159,1096),(1004,1,159,1097),(1005,1,159,1098),(1006,1,160,1099),(1007,1,160,1100),(1008,1,160,1103),(1009,1,161,1105),(1010,1,161,1106),(1011,1,161,1107),(1012,1,161,1108),(1013,1,161,1109),(1014,1,161,1110),(1015,1,161,1111),(1016,1,161,1112),(1017,1,161,1113),(1018,1,161,1117),(1019,1,162,1125),(1020,1,162,1126),(1021,1,162,1127),(1022,1,162,1128),(1023,1,162,1129),(1024,1,163,1130),(1025,1,163,1131),(1026,1,163,1132),(1027,1,163,1133),(1028,1,163,1135),(1029,1,163,1136),(1030,1,164,1137),(1031,1,164,1138),(1032,1,165,1139),(1033,1,166,1352),(1034,1,166,1353),(1035,2,166,1354),(1036,1,166,1355),(1037,1,166,1356),(1038,1,166,1359),(1039,1,167,1360),(1040,1,167,1361),(1041,1,168,1363),(1042,1,168,1364),(1043,1,168,1365),(1044,1,168,1366),(1045,1,168,1368),(1046,1,168,1369),(1047,1,168,1370),(1048,1,168,1371),(1049,1,168,1372),(1050,1,168,1373),(1051,1,168,1374),(1052,1,169,1375),(1053,1,169,1376),(1054,1,170,1821),(1055,1,170,1822),(1056,1,170,1823),(1057,1,170,1824),(1058,1,170,1825),(1059,1,171,1378),(1060,1,171,1379),(1061,1,172,1380),(1062,1,172,1381),(1063,1,173,1386),(1064,1,173,1387),(1065,1,173,1388),(1066,1,174,1389),(1067,1,174,1390),(1068,1,175,1391),(1069,1,175,1393),(1070,1,175,1394),(1071,1,175,1395),(1072,1,175,1396),(1073,1,175,1397),(1074,1,176,1452),(1075,1,177,1852),(1076,1,177,1853),(1077,1,177,1854),(1078,1,177,1855),(1079,1,177,1856),(1080,1,178,1398),(1081,1,178,1399),(1082,1,178,1400),(1083,1,178,1401),(1084,1,178,1402),(1085,1,178,1403),(1086,1,178,1404),(1087,1,178,1406),(1088,1,179,1407),(1089,1,179,1408),(1090,1,179,1409),(1091,1,179,1410),(1092,1,179,1411),(1093,1,179,1412),(1094,1,179,1413),(1095,1,179,1414),(1096,1,179,1415),(1097,1,179,1416),(1098,1,179,1417),(1099,1,180,1419),(1100,1,181,1420),(1101,1,181,1421),(1102,1,182,1424),(1103,1,183,1425),(1104,1,183,1426),(1105,1,183,1427),(1106,1,183,1428),(1107,1,183,1429),(1108,1,183,1430),(1109,1,183,1434),(1110,1,183,1435),(1111,1,183,1437),(1112,1,183,1438),(1113,1,183,1439),(1114,1,183,1440),(1115,1,184,1857),(1116,1,184,1858),(1117,1,184,1860),(1118,1,185,1441),(1119,1,185,1442),(1120,1,185,1443),(1121,1,185,1444),(1122,1,185,1445),(1123,1,185,1448),(1124,1,185,1450),(1125,1,185,1451),(1126,2,186,1502),(1127,1,186,1503),(1128,1,186,1504),(1129,1,186,1505),(1130,1,186,1506),(1131,1,186,1507),(1132,1,186,1508),(1133,1,187,1510),(1134,1,187,1511),(1135,1,187,1512),(1136,1,187,1513),(1137,1,187,1514),(1138,1,188,1861),(1139,1,188,1862),(1140,1,188,1863),(1141,1,189,1515),(1142,1,190,1516),(1143,1,191,1864),(1144,1,192,1865),(1145,1,193,1752),(1146,1,193,1753),(1147,1,193,1754),(1148,1,193,1755),(1149,1,193,1756),(1150,1,193,1757),(1151,1,193,1758),(1152,1,193,1759),(1153,1,193,1760),(1154,1,193,1761),(1155,1,193,1762),(1156,1,193,1764),(1157,1,194,1517),(1158,1,194,1518),(1159,1,195,1520),(1160,1,195,1522),(1161,1,196,1524),(1162,1,196,1527),(1163,1,196,1528),(1164,1,196,1529),(1165,1,196,1531),(1166,1,197,1532),(1167,1,198,1533),(1168,1,198,1534),(1169,1,198,1535),(1170,1,198,1536),(1171,1,198,1537),(1172,1,198,1538),(1173,1,198,1539),(1174,1,198,1541),(1175,1,198,1546),(1176,1,199,1548),(1177,1,200,1549),(1178,1,200,1550),(1179,1,200,1551),(1180,1,201,1553),(1181,1,202,1902),(1182,1,203,1554),(1183,1,203,1556),(1184,1,203,1557),(1185,1,203,1558),(1186,1,203,1559),(1187,1,203,1561),(1188,1,203,1562),(1189,1,203,1563),(1190,1,203,1564),(1191,1,204,1565),(1192,1,204,1566),(1193,1,204,1567),(1194,3,205,1569),(1195,1,205,1570),(1196,1,206,1571),(1197,1,206,1572),(1198,1,206,1574),(1199,1,206,1575),(1200,1,207,1576),(1201,1,207,1577),(1202,1,208,1908),(1203,1,208,1909),(1204,1,208,1910),(1205,1,209,1578),(1206,1,209,1579),(1207,1,209,1581),(1208,1,209,1582),(1209,1,209,1584),(1210,1,210,1585),(1211,1,210,1586),(1212,1,211,1588),(1213,1,211,1589),(1214,1,211,1590),(1215,1,211,1591),(1216,1,211,1592),(1217,1,211,1593),(1218,1,211,1594),(1219,1,212,1597),(1220,1,212,1599),(1221,1,213,1600),(1222,1,214,1601),(1223,1,214,1602),(1224,1,215,1603),(1225,1,216,1604),(1226,1,216,1605),(1227,2,217,1911),(1228,1,217,1912),(1229,1,217,1913),(1230,1,218,1606),(1231,1,219,1607),(1232,1,219,1608),(1233,1,219,1609),(1234,1,219,1610),(1235,1,219,1611),(1236,1,219,1612),(1237,1,219,1614),(1238,1,220,1615),(1239,1,220,1616),(1240,1,220,1617),(1241,1,221,1914),(1242,1,221,1915),(1243,1,221,1916),(1244,1,222,1917);
/*!40000 ALTER TABLE `gsm_delivery_item` ENABLE KEYS */;
UNLOCK TABLES;

--
-- Table structure for table `gsm_group`
--

DROP TABLE IF EXISTS `gsm_group`;
/*!40101 SET @saved_cs_client     = @@character_set_client */;
/*!40101 SET character_set_client = utf8 */;
CREATE TABLE `gsm_group` (
  `obj_id` bigint(20) NOT NULL,
  `status` varchar(30) DEFAULT NULL,
  `desc_text` text,
  `name` varchar(40) DEFAULT NULL,
  `code` varchar(10) DEFAULT NULL,
  `obj_version` decimal(10,0) DEFAULT NULL,
  PRIMARY KEY (`obj_id`),
  UNIQUE KEY `uk_code` (`code`)
) ENGINE=InnoDB DEFAULT CHARSET=utf8;
/*!40101 SET character_set_client = @saved_cs_client */;

--
-- Dumping data for table `gsm_group`
--

LOCK TABLES `gsm_group` WRITE;
/*!40000 ALTER TABLE `gsm_group` DISABLE KEYS */;
INSERT INTO `gsm_group` VALUES (1,'IN_PROGRESS',NULL,'爸妈网第69号团购',NULL,1);
/*!40000 ALTER TABLE `gsm_group` ENABLE KEYS */;
UNLOCK TABLES;

--
-- Table structure for table `gsm_order`
--

DROP TABLE IF EXISTS `gsm_order`;
/*!40101 SET @saved_cs_client     = @@character_set_client */;
/*!40101 SET character_set_client = utf8 */;
CREATE TABLE `gsm_order` (
  `obj_id` bigint(20) NOT NULL,
  `status` varchar(20) DEFAULT NULL,
  `remark` text,
  `customer` varchar(30) DEFAULT NULL,
  `ref_number` varchar(30) DEFAULT NULL,
  `obj_version` decimal(10,0) DEFAULT NULL,
  `gross_weight` decimal(10,2) DEFAULT NULL,
  `expect_delivery_method` varchar(10) DEFAULT NULL,
  `adjust` decimal(10,2) DEFAULT NULL,
  `total_amount` decimal(10,2) DEFAULT NULL,
  `paid_amount` decimal(10,2) DEFAULT NULL,
  `pay_date` datetime DEFAULT NULL,
  `create_date` datetime DEFAULT NULL,
  `group_code` varchar(20) DEFAULT NULL,
  `delivery_status` varchar(20) DEFAULT NULL,
  `delivery` bigint(20) DEFAULT NULL,
  `cont_phone` varchar(255) DEFAULT NULL,
  `cont_location` varchar(255) DEFAULT NULL,
  `cont_address` varchar(255) DEFAULT NULL,
  `cont_name` varchar(255) DEFAULT NULL,
  PRIMARY KEY (`obj_id`),
  KEY `FK_gsm_order_delivery` (`delivery`),
  CONSTRAINT `FK_gsm_order_delivery` FOREIGN KEY (`delivery`) REFERENCES `gsm_delivery` (`obj_id`)
) ENGINE=InnoDB DEFAULT CHARSET=utf8;
/*!40101 SET character_set_client = @saved_cs_client */;

--
-- Dumping data for table `gsm_order`
--

LOCK TABLES `gsm_order` WRITE;
/*!40000 ALTER TABLE `gsm_order` DISABLE KEYS */;
INSERT INTO `gsm_order` VALUES (2,'CONFIRMED',' 已备货','69#caroltsui96楼','1',4,8.42,'EXPRESS',48.00,1022.00,1022.00,NULL,'2011-10-16 23:50:02','爸妈网第69号团购','PREPARED',2,NULL,NULL,'徐晓霞 烟台莱州 山东省莱州市文泉路文泉花园1号楼3单元302# 13255523237 261400   ','徐晓霞'),(3,'CONFIRMED',' 中通680142559379 ','69#qyaeon175楼','2',4,2.20,'EXPRESS',7.00,90.00,90.00,NULL,'2011-10-16 23:50:03','爸妈网第69号团购','PREPARED',3,NULL,NULL,'钱瑛 江苏苏州东环路1500号现代创展大厦6楼605室 215021 13915596644   ','钱瑛'),(4,'CONFIRMED',' 已备货','69#jingzog99楼','3',8,9.90,'EXPRESS',53.00,1226.00,1226.00,NULL,'2011-10-16 23:50:03','爸妈网第69号团购','NOT_PREPARED',4,'',NULL,'广东省佛山市顺德区顺德碧桂园西苑听涛居三街三座T02房 15986123124 528312','李晶'),(5,'CONFIRMED',' 中通：\n680142559377','69#萤火虫慢慢飞129#','4',9,10.56,'POST',36.00,1319.00,1319.00,NULL,'2011-10-16 23:50:03','爸妈网第69号团购','NOT_PREPARED',6,'',NULL,'湖北省武汉市江汉区发展大道188号市公安局姓名：张丽；邮编：430022；电话：13296664596 027-85396481 （这个单付的是平邮的钱36，后来因为地址一开始弄错了，所以让会员补5元，发了快递）','张丽'),(6,'CONFIRMED',' 已备货','69#+socat_c+83','5',7,4.50,'EXPRESS',9.00,434.00,434.00,NULL,'2011-10-16 23:50:03','爸妈网第69号团购','NOT_PREPARED',8,NULL,NULL,'程东萍+江苏省苏州市+十梓街188号苏州大学附属第一医院信息处+13915585210+215006   ','程东萍'),(7,'CONFIRMED','更改了书单，，需退款。（实际支付额待核） 中通680142559406','69#宏兴102楼','6',6,5.38,'EXPRESS',45.00,336.00,472.00,NULL,'2011-10-16 23:50:03','爸妈网第69号团购','PREPARED',10,NULL,NULL,'收货地址：四川省成都市成华区万科路2号万科魅力之城3期27栋1单元401室余霞收电话13982081917 邮编610000','王新宏'),(8,'CONFIRMED',' 中通680142559407','69#carolyn92楼','7',4,6.90,'EXPRESS',11.00,165.00,165.00,NULL,'2011-10-16 23:50:03','爸妈网第69号团购','PREPARED',11,NULL,NULL,'王立武， 江苏省南京市龙蟠中路319号1幢101室，13851420438，210001   ','王莹'),(9,'CONFIRMED',' 发邮局','69#蕴涵妈妈147楼','8',4,8.44,'POST',18.00,283.00,283.00,NULL,'2011-10-16 23:50:03','爸妈网第69号团购','PREPARED',12,NULL,NULL,'孔德佳 13804947450 大连市中山区五五路30号名仕国际B2308 116001   ','孔德佳'),(10,'CONFIRMED',' 已备货','69#大宝MM178楼','9',5,10.70,'EXPRESS',60.00,743.00,743.00,NULL,'2011-10-16 23:50:03','爸妈网第69号团购','PREPARED',13,'',NULL,'齐旋；福建省福州市鼓楼区天泉路263号天泉丽景11#602 ，13809559756,350000   ','李杰'),(11,'CONFIRMED',' 中通680141051977','69#villay163','10',9,5.96,'EXPRESS',10.00,270.00,270.00,NULL,'2011-10-16 23:50:03','爸妈网第69号团购','NOT_PREPARED',14,'',NULL,'江苏省 南京市 鼓楼区 龙园西路120号金陵名人居13-2-702 ，210036  13915596644 ','姜梅'),(12,'CONFIRMED',' 已备货','69#xqsong2007  227#','11',4,7.52,'EXPRESS',12.00,913.00,913.00,NULL,'2011-10-16 23:50:03','爸妈网第69号团购','PREPARED',17,NULL,NULL,'收货人：宋小青+城市：杭州市+地址：浙江省杭州市天目山路398号古荡工业园10号楼2楼+电话：13857133709+邮编：310023 请在周一至周五工作日送货   ','宋洪涛'),(13,'CONFIRMED',' 已备货','69#huhu87楼','12',5,4.62,'EXPRESS',30.00,467.00,467.00,NULL,'2011-10-16 23:50:03','爸妈网第69号团购','PREPARED',18,'13871310299',NULL,'湖北省武汉市东西湖区金山大道万科高尔夫城市花园502-17B，电话：13871310299，邮编：430040   ','李卉玲'),(14,'CONFIRMED',' 已备货','69#  _▂上善若水.  93楼','13',4,6.62,'POST',25.00,523.00,523.00,NULL,'2011-10-16 23:50:03','爸妈网第69号团购','PREPARED',19,NULL,NULL,'张莉娜 江西省南昌市青云谱区南苑一路65号 15170039325 330001   ','张莉娜'),(15,'CONFIRMED',' 已备货','69#+liuyue19811+81楼（补）','14',7,5.34,'POST',25.00,486.00,486.00,NULL,'2011-10-16 23:50:03','爸妈网第69号团购','NOT_PREPARED',20,NULL,NULL,'刘悦+城市：辽宁沈阳+地址：沈阳市浑南新区浑南东路9号+ 邮编：110168 +电话：13940215405   ','刘悦'),(16,'CONFIRMED',' 中通680142559408','69#moonmoon300楼','15',4,4.26,'POST',25.00,513.00,513.00,NULL,'2011-10-16 23:50:03','爸妈网第69号团购','PREPARED',22,NULL,NULL,'罗敏 深圳市南山区文心二路海印长城10栋7A 13715370429 518054   ','罗敏'),(17,'CONFIRMED',' 中通:680142559378','69#moluelue137楼','16',6,10.04,'POST',18.00,298.00,298.00,NULL,'2011-10-16 23:50:03','爸妈网第69号团购','PREPARED',23,'',NULL,'广西省南宁市广西大学生命科学与技术学院 13152696198 530005   ','莫柏立'),(18,'CONFIRMED',' 已备货','购书221','17',4,5.60,'EXPRESS',10.00,750.00,750.00,NULL,'2011-10-16 23:50:03','爸妈网第69号团购','PREPARED',24,NULL,NULL,'姓名：龚辉电话：13906766766 地址：浙江省台州市椒江区机场北路45号','龚辉'),(19,'CONFIRMED',' 单号：中通680141051975','69#旺才MAMA265楼','19',6,9.70,'EXPRESS',14.00,1674.00,1674.00,NULL,'2011-10-16 23:50:03','爸妈网第69号团购','PREPARED',25,NULL,NULL,'江苏省镇江市学府路 江苏大学本部一区单身教师宿舍3栋121室 王琳 收 15905287933','谢云海'),(20,'CONFIRMED',' 发邮局','69#vividzeng179楼','20',4,6.20,'POST',18.00,292.00,292.00,NULL,'2011-10-16 23:50:03','爸妈网第69号团购','PREPARED',26,NULL,NULL,'曾红 湖南省长沙市雨花区香樟路393号澧水公司806室 13548589080 0731-82918699 邮编:410004   ','曾红'),(52,'CONFIRMED',' 已备货','69#绿色柠檬片# 309楼','21',5,6.60,'EXPRESS',11.00,510.00,510.00,NULL,'2011-10-16 23:50:54','爸妈网第69号团购','PREPARED',27,'',NULL,'江苏省苏州市苏州工业园区若水路398号 中科院苏州纳米所 215123 陆晓鸣 13913191946','陆晓鸣'),(53,'CONFIRMED',' 680142559413','69#+cjing1+324楼','22',4,4.66,'EXPRESS',28.00,145.00,145.00,NULL,'2011-10-16 23:50:55','爸妈网第69号团购','PREPARED',28,NULL,NULL,'陈婧+北京+西城区三里河一区2号院2号楼1107+13701157711+100045','陈婧'),(54,'CONFIRMED',' 已备货','69#婷嫂380楼','23',8,24.50,'POST',36.00,4013.00,4000.00,NULL,'2011-10-16 23:50:55','爸妈网第69号团购','NOT_PREPARED',29,'',NULL,'汪涛+广州+海珠区石榴岗路信步东街28号103+13316078261+510350   ','汪涛'),(55,'CONFIRMED',' 680142559397','69# w6z6jn  339','24',4,3.30,'POST',15.00,213.00,213.00,NULL,'2011-10-16 23:50:55','爸妈网第69号团购','PREPARED',31,NULL,NULL,'赵定义 武汉市 汉口宝丰二路126号 13507197820 430030   ','赵定义'),(56,'CONFIRMED',' 680142559404','69#+穿靴子的猫001+320楼','25',4,4.14,'EXPRESS',9.00,247.00,247.00,NULL,'2011-10-16 23:50:55','爸妈网第69号团购','PREPARED',32,NULL,NULL,'收货人姓名：叶玉莲城市：上海市地址：长宁区仙霞路423-2 宇通房地产电话：13501789103 邮编：200051   ','叶玉莲'),(57,'CONFIRMED',' 发邮局','69# cabexon 419楼','26',4,3.92,'POST',15.00,152.00,152.00,NULL,'2011-10-16 23:50:55','爸妈网第69号团购','PREPARED',33,NULL,NULL,'潘峻 安徽合肥 包河区太宁花园紫兰苑13幢405室 13705510193 230011   ','吕培'),(58,'CONFIRMED',' 已备货','69#fanfanyangzhou192楼','27',4,4.50,'POST',25.00,450.00,450.00,NULL,'2011-10-16 23:50:55','爸妈网第69号团购','PREPARED',34,NULL,NULL,'陈亚平 四川江油市马路湾四川幼专生活区 15181651828   ','陈亚平'),(59,'CONFIRMED',' 680142559398','62#peagirlgu142楼','28',8,5.26,'EXPRESS',10.00,801.00,801.00,NULL,'2011-10-16 23:50:55','爸妈网第69号团购','NOT_PREPARED',35,'13671789101',NULL,'上海市浦东新区博山东路553弄32号602室','顾怡芳'),(60,'CONFIRMED',' 700000418099','69#roben382楼','29',5,11.60,'EXPRESS',16.00,1646.00,1646.00,NULL,'2011-10-16 23:50:55','爸妈网第69号团购','PREPARED',37,'',NULL,'姓名:李炜瓯;城市：温州；地址：浙江省温州市惠民路温州职业中专 ；电话：15825426758；邮编：325000.送达请快递打电话确认，谢谢。','李炜瓯'),(61,'CONFIRMED',' 680142559400','69#shalala128楼','30',5,3.30,'EXPRESS',23.00,221.00,221.00,NULL,'2011-10-16 23:50:55','爸妈网第69号团购','PREPARED',38,'13802582168',NULL,'王琳 +广东省深圳市福田区石厦北三街雅云轩10F 13802582168','周勇'),(62,'CONFIRMED',' 805000055291','69#+之妍+247楼','31',4,17.72,'EXPRESS',22.00,1403.00,1403.00,NULL,'2011-10-16 23:50:55','爸妈网第69号团购','PARTIALLY_PREPARED',39,'',NULL,'张莹，江苏省镇江市京口区丁卯桥路沃得花园2期24栋502室，13815489826,0511-\r\n88893129 ','张莹'),(63,'CONFIRMED',' 已备货','69#+larkbaby+268','32',3,6.84,'EXPRESS',38.00,622.00,622.00,NULL,'2011-10-16 23:50:55','爸妈网第69号团购','PREPARED',40,NULL,NULL,'北京市东城区东直门南大街7号 李洋收邮编：100007 电话：13911916248   ','李广博'),(64,'CONFIRMED',' 已备货','69#bessieliu 397楼','33',3,5.84,'EXPRESS',10.00,529.00,529.00,NULL,'2011-10-16 23:50:55','爸妈网第69号团购','PREPARED',41,NULL,NULL,'收货人姓名：刘蓓，城市：上海，地址：上海市古美西路631弄202号601室，电话：13701852615，邮编：201102   ','刘蓓'),(65,'CONFIRMED',' 680142559394','69#woaithr123楼','34',4,5.66,'EXPRESS',10.00,283.00,283.00,NULL,'2011-10-16 23:50:55','爸妈网第69号团购','PREPARED',42,'',NULL,'姓名：李焱 城市地址：江苏省连云港市新浦区小学路向阳公寓3号楼3单元602室 电话：13605131533 邮编：222002   ','唐善旺'),(66,'CONFIRMED',' 已备货','69#+幸运鱼+420楼','35',3,4.20,'EXPRESS',9.00,308.00,308.00,NULL,'2011-10-16 23:50:55','爸妈网第69号团购','PREPARED',43,NULL,NULL,'苏延静，上海，松江区泗陈公路1888弄436号，13816763211，201601   ','王玉玲'),(67,'CONFIRMED',' 680142559393','69#淇淇田田208楼','36',3,3.30,'POST',15.00,213.00,213.00,NULL,'2011-10-16 23:50:55','爸妈网第69号团购','PREPARED',44,NULL,NULL,'河南省郑州市上街区阳光小区东马固家园4号楼中门洞2楼韩延凤收，邮编450041 电话13598813073   ','韩延凤'),(68,'CONFIRMED',' 发邮局','69#jwlqc  283楼','37',4,6.34,'POST',10.00,104.00,104.00,NULL,'2011-10-16 23:50:55','爸妈网第69号团购','PREPARED',45,'',NULL,'姜伟 天津南开天江格调花园3-3-801   ','姜伟'),(69,'CONFIRMED',' 680142559392','69#萍踪侠影504楼','38',4,4.20,'EXPRESS',9.00,197.00,197.00,NULL,'2011-10-16 23:50:55','爸妈网第69号团购','PREPARED',46,'',NULL,'周萍，浙江省杭州市机神新村11幢3单元104室，13588706849，310004  ','周萍'),(70,'CONFIRMED',' 发邮局','69#+小思妈+523楼','39',4,6.38,'POST',25.00,451.00,451.00,NULL,'2011-10-16 23:50:55','爸妈网第69号团购','PREPARED',47,'',NULL,'收货人：吴筠地址：江西省南昌市中山路铁街25号人民银行邮编：330008 电话：13807080813 使用平邮   ','吴筠'),(71,'CONFIRMED',' 已备货','69# sy_jijin 楼层463','40',1,6.62,'POST',30.00,609.00,609.00,NULL,'2011-10-16 23:50:55','爸妈网第69号团购','NOT_PREPARED',NULL,NULL,NULL,'收货人:王悦 城市：辽宁省沈阳市 地址：和平区集贤街55-2号1-3-1 电话：15140008623 024-23393734 邮编：110000   ','王悦'),(72,'CONFIRMED','无误 已备货','69# sy_jijin 楼层463','40',2,3.90,'EXPRESS',33.00,483.00,456.00,NULL,'2011-10-16 23:50:55','爸妈网第69号团购','NOT_PREPARED',NULL,'',NULL,'收货人:王悦 城市：辽宁省沈阳市 地址：和平区集贤街55-2号1-3-1 电话：15140008623 024-23393734 邮编：110000 需要跟进','王悦'),(102,'CONFIRMED',' 680142559396','69# dodo99 124楼','41',4,2.70,'EXPRESS',18.00,178.00,178.00,NULL,'2011-10-16 23:51:11','爸妈网第69号团购','PREPARED',48,'',NULL,'广东省深圳市福田区益田村104-2H TEL：13714321656 ZIP: 518048','胡蓉'),(103,'CONFIRMED',' 发邮局','69# Lillian第478楼','42',4,6.21,'POST',30.00,535.00,514.00,NULL,'2011-10-16 23:51:12','爸妈网第69号团购','PREPARED',49,'',NULL,'张莉 陕西省西安市西安交通大学外国语学院英语系 13772484716 邮编710049   ','张莉'),(104,'CONFIRMED','已备货 发邮局','69#小虎丫丫465楼','43',3,3.00,'POST',10.00,47.00,47.00,NULL,'2011-10-16 23:51:12','爸妈网第69号团购','PREPARED',50,NULL,NULL,'王剑辉 ，13235991992， ，福建省 邵武市 水北镇大漠村长窠28号 ，354000   ','刘峻'),(105,'CONFIRMED',' 100001982584','69#maggieluyang358楼','44',4,8.64,'EXPRESS',13.00,230.00,230.00,NULL,'2011-10-16 23:51:12','爸妈网第69号团购','PREPARED',51,'',NULL,'陆扬,13681766952,上海市闵行区银都路3151弄58号101室,201108   ','陆扬'),(106,'CONFIRMED','漏写了两本书，书款36，编号24,Olover 和27  Only Dream，货已发，来不及补了，和会员协商下 680142559403','69#珍珠鱼宝宝592楼','45',7,5.62,'POST',15.00,132.00,164.00,NULL,'2011-10-16 23:51:12','爸妈网第69号团购','PREPARED',52,'',NULL,'四川省成都市锦江区光明路69号蓉上坊一期二幢二单元2904 郑咏收 610000 13880007761   ','刘移'),(107,'CONFIRMED',' 已备货','69#小勺子409楼','46',4,12.54,'EXPRESS',68.00,1779.00,1779.00,NULL,'2011-10-16 23:51:12','爸妈网第69号团购','PREPARED',53,'',NULL,'山东省青岛市海尔路1号海尔信息产业园S楼大厅 13396395360 266011   ','孙凤莲'),(108,'CONFIRMED','应退款 发邮局','69#xsj071016 344楼','47',3,19.62,'POST',25.00,476.00,851.00,NULL,'2011-10-16 23:51:12','爸妈网第69号团购','PREPARED',54,NULL,NULL,'王红梅 宁夏银川市兴庆区宝湖东路星光华小区A区19号楼1单元502 18695118330 750001   ','王红梅'),(109,'CONFIRMED',' 已备货','69#saillily 239楼','48',3,5.82,'POST',25.00,501.00,501.00,NULL,'2011-10-16 23:51:12','爸妈网第69号团购','PREPARED',55,NULL,NULL,'湖北省武汉市武汉大学九区七栋4－601张帆（收）430072电话13469986956   ','张帆'),(110,'CONFIRMED',' 已备货','69#lemurialxx127楼','49',3,4.94,'EXPRESS',28.00,471.00,471.00,NULL,'2011-10-16 23:51:12','爸妈网第69号团购','PREPARED',56,NULL,NULL,'李潇潇 北京市西城区月坛北街18号楼1005室 13701180330 100045   ','李潇潇'),(111,'CONFIRMED',' 680142559395','69#+icecoffee1980+607楼','50',4,10.72,'EXPRESS',15.00,287.00,287.00,NULL,'2011-10-16 23:51:12','爸妈网第69号团购','PREPARED',57,'',NULL,'收货人姓名:李银燕城市：宁波市地址：浙江省宁波市北仑大榭开发区海文东区21-202室电话：13685871380 邮编：315812   ','李银燕'),(112,'CONFIRMED',' 680142559402','69#hotberry364楼','51',4,4.78,'EXPRESS',9.00,222.00,222.00,NULL,'2011-10-16 23:51:12','爸妈网第69号团购','PREPARED',58,'',NULL,'钟萍江苏省无锡市滨湖区滴翠路100号530大厦2号楼18层 15371058130 214072   ','钟萍'),(113,'CONFIRMED','平邮也是发挂号平邮吧？如果不是的话，请告知我，多谢！  \n 发邮局','69#+xp930+606楼','52',3,29.00,'POST',36.00,1306.00,1306.00,NULL,'2011-10-16 23:51:12','爸妈网第69号团购','PREPARED',59,NULL,NULL,'胡洋+北京市+东城区和平里中街16号北院新楼113室+13488802009+100013 平邮也是发挂号平邮吧？如果不是的话，请告知我，多谢！   ','胡洋'),(114,'CONFIRMED',' 680142559401','69#  夸父追爱 603楼','53',3,3.64,'EXPRESS',15.00,75.00,75.00,NULL,'2011-10-16 23:51:12','爸妈网第69号团购','PREPARED',60,NULL,NULL,'马辉+安徽省阜阳市颍东区刘西巷29号-104户（火车站工行后面）+13866221692+236000   ','马辉'),(115,'CONFIRMED',' 680142559399','69#arisensun605楼','54',4,2.20,'EXPRESS',7.00,90.00,90.00,NULL,'2011-10-16 23:51:12','爸妈网第69号团购','PREPARED',61,'',NULL,'严昕+江苏省扬州市+文昌中路541号中国银行+13852785191+225000   ','严昕'),(116,'CONFIRMED',' 已备货','69#+pmint+616','55',4,5.94,'EXPRESS',33.00,524.00,524.00,NULL,'2011-10-16 23:51:12','爸妈网第69号团购','PREPARED',62,'',NULL,'收货人：罗礼北京市海淀区北太平庄村54号紫瑞嘉园2-5-901 电话：13426311150 邮编：100081 订单内容见邮件！   ','罗礼'),(117,'CONFIRMED',' 已备货','69#琳琪琳琪388楼','56',3,4.94,'EXPRESS',28.00,481.00,481.00,NULL,'2011-10-16 23:51:12','爸妈网第69号团购','PREPARED',63,NULL,NULL,'叶国强，广东湛江市赤坎区寸金路10号市疾病预防控制中心21栋701，13828252211，524037   ','叶国强'),(118,'CONFIRMED',' 已备货','转账（620楼）','57',3,4.50,'EXPRESS',9.00,434.00,434.00,NULL,'2011-10-16 23:51:12','爸妈网第69号团购','PREPARED',64,NULL,NULL,'收件人：董小玉\n地址：浙江省杭州市上城区抚宁巷66号  邮编：310002\n电话：13958109270 ','董小玉'),(119,'CONFIRMED','有缺货：35号All Around Farm 缺货，退书款25 100001982585','69#+misxy328+630楼','58',10,7.96,'EXPRESS',12.00,301.00,301.00,NULL,'2011-10-16 23:51:12','爸妈网第69号团购','PREPARED',65,'',NULL,'江苏省南京市江宁区将军大道韩府路19号南航揽翠苑3幢603室，211100，彭星， 13813089282   ','彭星'),(120,'CONFIRMED',' 700000418098','69#ROSY妈妈579楼','59',4,6.86,'EXPRESS',11.00,1102.00,1102.00,NULL,'2011-10-16 23:51:12','爸妈网第69号团购','PREPARED',66,'',NULL,'收货人:余旭 地址：上海市黄浦区福建中路66号 电话：13601691200 邮编：200001   ','余旭'),(121,'CONFIRMED',' 已备货','69#+晨光熹微+590','60',3,4.50,'POST',25.00,450.00,450.00,NULL,'2011-10-16 23:51:12','爸妈网第69号团购','PREPARED',67,NULL,NULL,'湖北省武汉市武昌区中北路新安花园A栋2单元304 马楚岚 18971561996','马燕丽'),(152,'CONFIRMED','无误  ','69#+sleet+634','61',3,10.50,'POST',36.00,1461.00,1461.00,NULL,'2011-10-16 23:51:22','爸妈网第69号团购','PREPARED',68,NULL,NULL,'姓名:王燕+城市：广东省湛江市+地址:赤坎区人民大道北33号+电话:13560511329+邮编:3282043   ','王燕'),(153,'CONFIRMED','无误 ','69#daydreaming+641楼','62',3,4.46,'POST',15.00,180.00,180.00,NULL,'2011-10-16 23:51:23','爸妈网第69号团购','PARTIALLY_PREPARED',69,NULL,NULL,'北京市东城区朝阳门北大街1号新保利大厦二十六层，收货人高宇庆，邮编100010，电话13911012139 书共165元+15元运费=180元   ','高宇庆'),(154,'CONFIRMED','无误 ','69#+摇摇妈+647楼（646）','63',4,3.90,'EXPRESS',23.00,483.00,483.00,NULL,'2011-10-16 23:51:23','爸妈网第69号团购','PREPARED',70,'18688788426',NULL,'广东省深圳市南山区学府路学林雅苑5-604   电话18688788426','彭娟'),(155,'CONFIRMED','补款20 ','69#+bjzly+648楼','64',4,6.04,'POST',15.00,199.00,179.00,NULL,'2011-10-16 23:51:23','爸妈网第69号团购','PARTIALLY_PREPARED',71,'',NULL,'张连媛北京海淀区中关村丹棱街微软大厦2号楼电话:13651318168   ','蔡晓伟'),(156,'CONFIRMED','无误  ','69#goodluckapple682楼','65',4,6.66,'EXPRESS',54.00,540.00,540.00,NULL,'2011-10-16 23:51:23','爸妈网第69号团购','PARTIALLY_PREPARED',72,'',NULL,'贾颖　辽宁省沈阳市和平区十一纬路68号702室，110003　13940317022   ','贾颖'),(157,'CONFIRMED','无误  ','69#笑天使008 193楼','66',3,5.74,'EXPRESS',35.00,498.00,498.00,NULL,'2011-10-16 23:51:23','爸妈网第69号团购','PARTIALLY_PREPARED',73,NULL,NULL,'李晓丹 湖北省宜昌市西陵区东山大道95号清江大厦2203#湖北清江工程管理咨询有限公司 电话13872676010 邮编：443000   ','李晓丹'),(158,'CONFIRMED','无误  ','69#+最爱小臭宝+217楼','67',3,7.90,'EXPRESS',61.00,1036.00,1036.00,NULL,'2011-10-16 23:51:23','爸妈网第69号团购','PREPARED',74,NULL,NULL,'地址：辽宁省沈阳市和平区常德街69号 王馨 电话：15840090507 邮编110001   ','王馨'),(159,'CONFIRMED','无误  ','69#甜甜妈妈668楼','68',4,2.80,'EXPRESS',18.00,228.00,228.00,NULL,'2011-10-16 23:51:23','爸妈网第69号团购','PREPARED',75,NULL,NULL,'戴新义 山东省烟台市莱山区银海路566号南山世纪华府15号楼2单元601室 13645454235 264003   ','王麒麟'),(160,'CONFIRMED','无误  ','69#janeandapple 725楼','69',3,5.36,'POST',25.00,488.00,488.00,NULL,'2011-10-16 23:51:23','爸妈网第69号团购','PARTIALLY_PREPARED',76,NULL,NULL,'魏兴 ，武汉，湖北省武汉市硚口区海军工程大学 训练部 教务处 ，13476184033，430033   ','简冰毳'),(161,'CONFIRMED','无误 ','69# wch_xx 694楼','70',4,4.74,'EXPRESS',28.00,542.00,542.00,NULL,'2011-10-16 23:51:23','爸妈网第69号团购','PREPARED',77,'',NULL,'北京市海淀区蓟门桥 国家专利局东门 王趁红 100088 13552580118   ','王趁红'),(162,'CONFIRMED','无误  ','69#tea_zzzz427楼','71',3,5.60,'EXPRESS',33.00,763.00,763.00,NULL,'2011-10-16 23:51:23','爸妈网第69号团购','PREPARED',78,NULL,NULL,'收货人：李静北京市海淀区安宁庄西路15号怡美家园8号楼5单元502 13701249103 100085 请在快递单上备注“平日下午2点前或5点后送货，周末不送货”，谢谢   ','李静'),(163,'CONFIRMED','无误 ','69#mmlovess281楼','72',4,5.16,'EXPRESS',33.00,551.00,551.00,NULL,'2011-10-16 23:51:23','爸妈网第69号团购','PARTIALLY_PREPARED',79,'',NULL,'广东省深圳市深圳市南山区后海路海印长城3栋13H 室手机： 13509668940 邮编： 518054   ','郑雪辉'),(164,'CONFIRMED','无误  ','69# huizheng 599楼','73',4,3.82,'EXPRESS',25.00,257.00,257.00,NULL,'2011-10-16 23:51:23','爸妈网第69号团购','PREPARED',80,'',NULL,'郑辉+ 福建福州+ 仓山三盛巴厘岛1#1005 +13805095991+350000   ','郑辉'),(165,'CONFIRMED','无误  ','69#懒洋洋 311楼','74',3,5.34,'POST',22.00,412.00,412.00,NULL,'2011-10-16 23:51:23','爸妈网第69号团购','PREPARED',81,NULL,NULL,'收货：胡珍华，山东省东营市东城曹州路10号东营烟草公司，18654610977,257091','肖静辉'),(166,'CONFIRMED','无误  ','69#laisla728楼','75',3,6.94,'EXPRESS',38.00,685.00,685.00,NULL,'2011-10-16 23:51:23','爸妈网第69号团购','PREPARED',82,NULL,NULL,'王妍，北京市，朝阳区北苑家园绣菊园南区20号楼1003，13521174076，100012   ','王妍'),(167,'CONFIRMED','无误  ','69#YUNNI+721(805)','76',3,5.92,'EXPRESS',10.00,209.00,209.00,NULL,'2011-10-16 23:51:23','爸妈网第69号团购','PARTIALLY_PREPARED',83,NULL,NULL,'蔡菁菁+上海+虹口区中山北一路184号1602室+13701672535+邮编200083   ','蔡菁菁'),(168,'CONFIRMED','无误 ','69#长空飞雪+288楼','77',4,3.30,'EXPRESS',8.00,206.00,206.00,NULL,'2011-10-16 23:51:23','爸妈网第69号团购','PREPARED',84,'13601405618',NULL,'江苏省南京市龙江月光广场4-2908 手机13601405618','张雯蓉'),(169,'CONFIRMED','无误  ','69#美妞妈670楼','78',3,17.16,'POST',36.00,1393.00,1393.00,NULL,'2011-10-16 23:51:23','爸妈网第69号团购','PARTIALLY_PREPARED',85,NULL,NULL,'卢倩，山东日照菏泽路267#海德名庭1#1单元502,15006337373,276800   ','谭新伟'),(170,'CONFIRMED','无误  ','69#liuguangying800楼','79',3,5.40,'EXPRESS',33.00,541.00,541.00,NULL,'2011-10-16 23:51:23','爸妈网第69号团购','PREPARED',86,NULL,NULL,'北京市东城区安外大街6号楼1408室邮编：100011 收件人：刘广英电话：13811747251   ','范修柏'),(171,'CONFIRMED','无误  ','69#+lelenc+669楼（832）','80',3,8.90,'EXPRESS',48.00,632.00,632.00,NULL,'2011-10-16 23:51:23','爸妈网第69号团购','PARTIALLY_PREPARED',87,NULL,NULL,'施琴红+广东省深圳市南山区+向南西海花园玉兰阁2-8C+13662220776+邮编518057   ','施琴红'),(202,'CONFIRMED','无误 ','69#+dxylucky+276','81',3,14.94,'POST',36.00,1813.00,1810.00,NULL,'2011-10-16 23:51:35','爸妈网第69号团购','PREPARED',88,NULL,NULL,'收货人姓名杜馨昱、城市+地址：北京市海淀区建材城西二里小区（知本时代小区）15号楼2单元1201室电话：186-1128-1670 邮编：10096   ','杜馨昱'),(203,'CONFIRMED','见邮件 ','69#ikea9921第759楼','82',3,6.50,'EXPRESS',11.00,505.00,505.00,NULL,'2011-10-16 23:51:35','爸妈网第69号团购','PREPARED',89,NULL,NULL,'郭慧，上海，徐汇区虹梅路1801号凯科大厦5F，13917231333，邮编200233   ','郭慧'),(204,'CONFIRMED','无误 ','69#+祯祯妈+122楼','83',3,4.66,'POST',15.00,151.00,151.00,NULL,'2011-10-16 23:51:35','爸妈网第69号团购','PARTIALLY_PREPARED',90,NULL,NULL,'郝晓琴；城市：四川成都；地址：青羊区小南街69号长城园3-1-14；电话：18908236515；邮编610000   ','郝晓琴'),(205,'CONFIRMED','无误  ','69# COLUU 825楼','84',3,3.30,'POST',15.00,213.00,213.00,NULL,'2011-10-16 23:51:35','爸妈网第69号团购','PREPARED',91,NULL,NULL,'地址：重庆市沙坪坝区小龙坎正街369号 诺丁阳光7-10-3 姓名：闵芸倩 电话：13983018010  ','闵芸倩'),(206,'CONFIRMED','无误  ','69#jennyx_2008 784楼','85',4,19.26,'EXPRESS',24.00,2755.00,2755.00,NULL,'2011-10-16 23:51:35','爸妈网第69号团购','PARTIALLY_PREPARED',92,'',NULL,'谢玉华 上海市浦东新区龙阳路2277号永达大厦6楼 13795470429 201204   ','谢玉华'),(207,'CONFIRMED','补款 ','69#+Eddie+楼层357','86',3,4.50,'POST',25.00,450.00,442.00,NULL,'2011-10-16 23:51:35','爸妈网第69号团购','PREPARED',93,NULL,NULL,'陕西省西安市未央区凤城四路明珠花园四号楼二单元0701# ； 收件人：魏颖；手机：13629248797；邮编：710021   ','魏俊梅'),(208,'CONFIRMED','见邮件 ','69#olivia_ch738 楼','87',3,5.76,'EXPRESS',10.00,491.00,491.00,NULL,'2011-10-16 23:51:35','爸妈网第69号团购','PREPARED',94,NULL,NULL,'张琦　（南京）江苏省南京市北京东路４号江苏广电城24楼网络公司　210008 13851537746   ','张琦'),(209,'CONFIRMED','无误 ','转账','88',1,9.70,'EXPRESS',75.00,151.00,105.00,NULL,'2011-10-16 23:51:35','爸妈网第69号团购','NOT_PREPARED',NULL,NULL,NULL,'辽宁省 沈阳市 沈河区文艺路 1 \n9-1-12 地王国际大厦12楼 英格瓷阿斯创公司 李威威 收 电话 024 83963392 \n手机：18640058729 ','李威威'),(210,'CONFIRMED','无误  ','69#+睿妈空间+806楼','89',4,7.10,'POST',36.00,921.00,921.00,NULL,'2011-10-16 23:51:35','爸妈网第69号团购','PREPARED',95,'',NULL,'重庆市黔江区黔龙街269号403办公室，佘丹收，13983560098,409000','佘丹'),(211,'CONFIRMED','无误 ','69#+deepautumn+843楼','90',3,3.30,'EXPRESS',8.00,206.00,206.00,NULL,'2011-10-16 23:51:35','爸妈网第69号团购','PREPARED',96,NULL,NULL,'魏红芹+上海市+延安西路1740弄32号乙101室+200051+手机：13917431130   ','魏红芹'),(212,'CONFIRMED','无误 ','69#+yixuan200609+530楼','91',3,4.50,'POST',25.00,450.00,450.00,NULL,'2011-10-16 23:51:35','爸妈网第69号团购','PREPARED',97,NULL,NULL,'赵莉+武汉+武汉理工大学工大路15亩地6栋2单元2楼+15308637599+430070   ','赵莉'),(213,'CONFIRMED','无误  ','69#MJYYX837楼','92',4,5.00,'EXPRESS',9.00,487.00,487.00,NULL,'2011-10-16 23:51:35','爸妈网第69号团购','PREPARED',98,'',NULL,'杨毅昕 上海市浦东南路528号南塔14楼 上海联创建筑设计有限公司 13701855954 200120   ','杨毅昕'),(214,'CONFIRMED','无误  ','69#魏玛妈791楼','93',3,13.56,'POST',22.00,362.00,362.00,NULL,'2011-10-16 23:51:36','爸妈网第69号团购','PARTIALLY_PREPARED',99,NULL,NULL,'夏明静；安徽合肥；安徽合肥包河区文明办（包河大道118号/包河区政府北楼717房间）13965070550；邮编：230051   ','夏明静'),(215,'CONFIRMED','无误  ','69#我的小可爱884楼','94',3,3.85,'EXPRESS',23.00,403.00,403.00,NULL,'2011-10-16 23:51:36','爸妈网第69号团购','PREPARED',100,NULL,NULL,'山东济南市山大路183号 孙军 250014 13791059161 105号团品一套   ','孙军'),(216,'CONFIRMED','无误  ','69#笑在我心282楼','95',3,16.38,'POST',36.00,1631.00,1631.00,NULL,'2011-10-16 23:51:36','爸妈网第69号团购','PREPARED',101,NULL,NULL,'姓名：肖汉珍 城市：武汉市地址：湖北省武汉市洪山区珞喻路726号鲁巷广场购物中心总服务台电话：13554189510 邮编：430074   ','肖汉珍'),(217,'CONFIRMED','无误  ','69#肥皂泡泡272楼','96',3,3.30,'EXPRESS',8.00,206.00,206.00,NULL,'2011-10-16 23:51:36','爸妈网第69号团购','PREPARED',102,NULL,NULL,'张瑜芳 上海 肇嘉浜路1065(甲)号飞雕国际大厦1405室 13601807580， 200030 （周一到周五）   ','张瑜芳'),(218,'CONFIRMED','无误  ','69#肥葉子Queen 395#','97',4,10.58,'EXPRESS',15.00,1820.00,1839.00,NULL,'2011-10-16 23:51:36','爸妈网第69号团购','PREPARED',103,'',NULL,'姓名：叶子城市：浙江温州地址：鹿城区牛山北路银竹花苑5幢304室电话：15857716111 邮编：325000   ','叶子'),(219,'CONFIRMED','见邮件 ','69#lx_ynb413楼','98',3,19.08,'EXPRESS',24.00,459.00,459.00,NULL,'2011-10-16 23:51:36','爸妈网第69号团购','PREPARED',104,NULL,NULL,'李雪，上海市虹口区欧阳路378弄16号502室，TEL：13918756909，邮编：200081   ','李雪'),(220,'CONFIRMED','无误  ','69#+yuanfang+908#','99',4,5.20,'EXPRESS',10.00,181.00,199.00,NULL,'2011-10-16 23:51:36','爸妈网第69号团购','PARTIALLY_PREPARED',105,'',NULL,'孙荣 上海 徐汇区 钦州北路1122号89号楼9楼 200233 电话：13564791669   ','孙荣'),(221,'CONFIRMED','无误  ','69#+yayaliang+902#','100',3,3.30,'EXPRESS',8.00,206.00,208.00,NULL,'2011-10-16 23:51:36','爸妈网第69号团购','PREPARED',106,NULL,NULL,'留言：收货人姓名：梁琴城市：江苏昆山地址：黑龙江北路55号电话：13862601222邮编：215300','梁琴'),(252,'CONFIRMED','退款 ','69#xjalypiao896楼','101',4,9.80,'POST',18.00,317.00,317.00,NULL,'2011-10-16 23:51:45','爸妈网第69号团购','PARTIALLY_PREPARED',107,'',NULL,'许静，北京，北京市海淀区复兴路22号75号楼人民军医出版社，13581902806，100036\r\n\r\n顺丰到付','许静'),(253,'CONFIRMED','无误 ','69#+金宝宝1212+312楼','102',4,5.72,'POST',25.00,510.00,510.00,NULL,'2011-10-16 23:51:46','爸妈网第69号团购','PREPARED',108,'',NULL,'王宛玉+河南南阳+供电公司+13419910282+473000   ','尹进'),(254,'CONFIRMED','无误  ','69#maiomaont159层','103',3,5.90,'EXPRESS',10.00,658.00,658.00,NULL,'2011-10-16 23:51:46','爸妈网第69号团购','PREPARED',109,NULL,NULL,'马颖江苏省南通市太阳鑫城3#楼611室（邮编：226000）；手机：13485113091   ','马颖'),(255,'CONFIRMED','见邮件 ','69#+幸福的小熊熊+921层','104',3,5.60,'EXPRESS',0.00,633.00,643.00,NULL,'2011-10-16 23:51:46','爸妈网第69号团购','PREPARED',110,NULL,NULL,'姓名+城市+地址+电话+邮编','陈畅'),(256,'CONFIRMED','见邮件 ','69#食疗551','105',3,10.14,'EXPRESS',15.00,321.00,321.00,NULL,'2011-10-16 23:51:46','爸妈网第69号团购','PARTIALLY_PREPARED',111,NULL,NULL,'冯斌，上海，上海市淞虹路855弄11号601室，13916458686，200335 收货人','冯斌'),(257,'CONFIRMED','无误  ','69#美智690楼','106',5,10.92,'EXPRESS',82.00,2238.00,2238.00,NULL,'2011-10-16 23:51:46','爸妈网第69号团购','PREPARED',112,'',NULL,'辽宁','王玲'),(258,'CONFIRMED','无误 ','69#+baoer+796楼','107',4,7.42,'EXPRESS',59.00,1071.00,1071.00,NULL,'2011-10-16 23:51:46','爸妈网第69号团购','PREPARED',113,'',NULL,'霍怡捷+陕西省西安市龙渠堡106号+13152105825+710048   ','霍怡捷'),(259,'CONFIRMED','无误  ','69#cloversan810楼','108',3,2.94,'EXPRESS',18.00,231.00,231.00,NULL,'2011-10-16 23:51:46','爸妈网第69号团购','PREPARED',114,NULL,NULL,'赵青云 广东省江门市蓬江区东华一路金华商业中心828 13702279933 529000   ','赵青云'),(260,'CONFIRMED','缺快递费 ','69#+dongrong327+941','109',6,36.54,'POST',36.00,6991.00,6955.00,NULL,'2011-10-16 23:51:46','爸妈网第69号团购','NOT_PREPARED',115,'',NULL,'四川省成都市高升桥路9号罗浮世家 2-4-203 董蓉 13084418480 （走平邮）   ','董蓉'),(261,'CONFIRMED','无误  ','69#+fjj82+960楼','110',3,4.50,'EXPRESS',9.00,434.00,434.00,NULL,'2011-10-16 23:51:46','爸妈网第69号团购','PREPARED',117,NULL,NULL,'冯敬晶，江苏省南通市，外环北路88号南通市动物卫生监督所，13861984468，,226011   ','冯敬晶'),(262,'CONFIRMED','无误 ','69# hhxx 932楼','111',3,9.86,'EXPRESS',14.00,286.00,286.00,NULL,'2011-10-16 23:51:46','爸妈网第69号团购','PARTIALLY_PREPARED',118,NULL,NULL,'姓名:周蔚城市地址：上海市闵行区山花路108弄31号902室电话：13916218317 邮编：201100   ','周蔚'),(263,'CONFIRMED','见邮件 ','69#+cyndafu+937#','112',4,8.98,'EXPRESS',13.00,636.00,636.00,NULL,'2011-10-16 23:51:46','爸妈网第69号团购','PARTIALLY_PREPARED',119,'',NULL,'江苏省苏州工业园区胜浦镇金胜路1号资讯处 215126 13913542117   ','李云'),(264,'CONFIRMED','无误 ','69#千顷秋950#','113',5,21.22,'EXPRESS',26.00,283.00,304.00,NULL,'2011-10-16 23:51:46','爸妈网第69号团购','PARTIALLY_PREPARED',120,'',NULL,'丁婉芬 城市：浙江省绍兴市 地址：中兴北路339号华汇昌安大厦9楼计算中心 电话：13858457943 邮编：312000   ','丁婉芬'),(265,'CONFIRMED','无误 ','69#+论坛ID meimeiadou+楼层597','114',4,14.14,'POST',25.00,519.00,519.00,NULL,'2011-10-16 23:51:46','爸妈网第69号团购','PARTIALLY_PREPARED',121,'',NULL,'姓名 高鲁阳+地址：河北省涿州市甲秀路东方地球物理公司研究院设备物资部+电话13933230501+邮编072751   ','丁闫'),(266,'CONFIRMED','无误  ','69#fate811,933楼','115',3,4.50,'EXPRESS',9.00,434.00,434.00,NULL,'2011-10-16 23:51:46','爸妈网第69号团购','PREPARED',122,NULL,NULL,'张筠 宁波 浙江省宁波市海曙区中山东路137#红帮大厦6楼 新世界百货财务部 13884496107 315000   ','张筠'),(267,'CONFIRMED','无误  ','69#+论坛ID栗子冰冰+楼层948#','116',3,8.70,'POST',36.00,985.00,985.00,NULL,'2011-10-16 23:51:46','爸妈网第69号团购','PARTIALLY_PREPARED',123,NULL,NULL,'姓名：简洁城市：广西南宁地址：广西南宁市新竹路43号电话13006916967 邮编：530022','简洁'),(268,'CONFIRMED','无误  ','69#librapig321楼','117',3,9.10,'EXPRESS',53.00,1126.00,1126.00,NULL,'2011-10-16 23:51:46','爸妈网第69号团购','PREPARED',124,NULL,NULL,'江涛，北京，海淀区红山口甲3号，13581955988,100091   ','潘征'),(269,'CONFIRMED','见邮件 ','#69爱小宝820楼','118',3,2.70,'EXPRESS',7.00,167.00,167.00,NULL,'2011-10-16 23:51:46','爸妈网第69号团购','PREPARED',125,NULL,NULL,'王珏+上海市+普陀区谈家渡路28号南区5楼B座+13701623881+200063 请工作日送到   ','王珏'),(270,'CONFIRMED','退款 ','69#+蕙质兰心+879','119',4,6.94,'EXPRESS',38.00,685.00,682.00,NULL,'2011-10-16 23:51:46','爸妈网第69号团购','PREPARED',126,'',NULL,'许惠兰 广东汕头潮南区峡山广祥路694 号 15815219904 515144 平邮   ','许惠兰'),(271,'CONFIRMED','无误  ','69#znlai842楼','120',3,3.30,'POST',15.00,213.00,213.00,NULL,'2011-10-16 23:51:46','爸妈网第69号团购','PREPARED',127,NULL,NULL,'俞黎雯 ， ，福建省 厦门市 思明区 仙岳路558号联发花园一层爱婴室 ，13959297101 ，361000   ','王宗来'),(302,'CONFIRMED','无误  ','69# kedge 995楼','121',5,3.30,'EXPRESS',23.00,221.00,221.00,NULL,'2011-10-16 23:51:57','爸妈网第69号团购','PREPARED',128,'',NULL,'广东省 深圳 福田区 皇岗北路 5011号 九星印刷 财务部 13670091503 518035   ','刘晓小'),(303,'CONFIRMED','见邮件 ','69#+hbmiaomiao11+476楼','122',3,5.86,'EXPRESS',35.00,581.00,581.00,NULL,'2011-10-16 23:51:58','爸妈网第69号团购','PARTIALLY_PREPARED',129,NULL,NULL,'姓名：赵艳平 +城市：湖北襄樊 +地址：湖北省襄樊市樊城区财政局（高庄街3号） +电话：13871605656 邮编：441002   ','赵艳平'),(304,'CONFIRMED','退款 ','69#  redmouseliang05  742楼','123',4,6.26,'EXPRESS',38.00,724.00,721.00,NULL,'2011-10-16 23:51:58','爸妈网第69号团购','PREPARED',130,'13410498083',NULL,'梁红青 广东省深圳市福田区红荔西路上步工业区10栋 邮编518028 电话13410498083 （差3元钱）','宋小敏'),(305,'CONFIRMED','见邮件 ','69#  陆阳阳20070213   988楼','124',6,5.20,'EXPRESS',10.00,196.00,196.00,NULL,'2011-10-16 23:51:58','爸妈网第69号团购','PARTIALLY_PREPARED',131,'',NULL,'收货人：陆少娟城市：江苏徐州地址：徐州市肿瘤医院儿科电话：15852481295 邮编：221005   ','陆少娟'),(306,'CONFIRMED','无误 ','69#婷婷妈妈532楼','125',3,13.16,'POST',25.00,457.00,457.00,NULL,'2011-10-16 23:51:58','爸妈网第69号团购','PARTIALLY_PREPARED',132,NULL,NULL,'刘静+河北省涿州市+物探局2号院19号楼116房间+13513432273+072750   ','宋群会'),(307,'CONFIRMED','无误 ','69# lqhu 768楼','126',3,4.28,'POST',15.00,163.00,163.00,NULL,'2011-10-16 23:51:58','爸妈网第69号团购','PARTIALLY_PREPARED',133,NULL,NULL,'深圳市福田区园岭园东花园1栋28F 刘秋鹄 电话13509688320 邮编518000   ','刘秋鹄'),(308,'CONFIRMED','无误 ','69#勤劳的小懒洋197楼','127',4,1.30,'EXPRESS',8.00,0.00,0.00,NULL,'2011-10-16 23:51:58','爸妈网第69号团购','NOT_PREPARED',NULL,'',NULL,'上海市 普陀区真华路388弄14号1102 张健 收 联系电话：13917869333   （合并到另一个订单里）','张健'),(309,'CONFIRMED','无误 ','69#勤劳的小懒洋197楼','127',12,13.18,'EXPRESS',18.00,549.00,498.00,NULL,'2011-10-16 23:51:58','爸妈网第69号团购','NOT_PREPARED',NULL,'',NULL,'上海市 普陀区真华路388弄14号1102 张健 收 联系电话：13917869333   ','张健'),(310,'CONFIRMED','无误 ','69#diana_d585楼','128',3,5.38,'POST',15.00,153.00,153.00,NULL,'2011-10-16 23:51:58','爸妈网第69号团购','PARTIALLY_PREPARED',134,NULL,NULL,'邓燕 成都市青羊大道8号成都花园望郡B区68-1-18 18980806184 610072   ','邓燕'),(311,'CONFIRMED','无误 ','69#榕树海411楼','129',3,3.46,'POST',10.00,93.00,93.00,NULL,'2011-10-16 23:51:58','爸妈网第69号团购','PARTIALLY_PREPARED',135,NULL,NULL,'陈碧茹漳州市福建省漳州市龙海市石码镇紫光路吉祥楼401室15960699193+363100   ','王志超'),(312,'CONFIRMED','见邮件 ','69#+693111992+490楼','130',4,8.56,'EXPRESS',48.00,1002.00,1002.00,NULL,'2011-10-16 23:51:58','爸妈网第69号团购','PARTIALLY_PREPARED',136,'',NULL,'广东省广州经济技术开发区东区骏功路20号+13725209216+510530 请注明:一定要本人签收快递   ','廖日秀'),(313,'CONFIRMED','无误  ','69#+lazycat1976+999#','131',3,3.00,'POST',18.00,298.00,298.00,NULL,'2011-10-16 23:51:58','爸妈网第69号团购','PREPARED',137,NULL,NULL,'王悦琴，北京，北京市昌平区回龙观田园风光雅苑6号楼5单元-201，电话15901369787 邮编102208   ','别负远'),(314,'CONFIRMED','无误  ','69#B0909卓卓妈1030#','132',3,7.42,'POST',30.00,622.00,622.00,NULL,'2011-10-16 23:51:58','爸妈网第69号团购','PARTIALLY_PREPARED',138,NULL,NULL,'郭卫新广东省深圳市福田区下沙一坊81号203房邮编:518000 电话:13510907975   ','郭卫新'),(315,'CONFIRMED','无误  ','69# +littlebat+925楼','133',8,6.06,'POST',25.00,525.00,525.00,NULL,'2011-10-16 23:51:58','爸妈网第69号团购','PARTIALLY_PREPARED',139,'',NULL,'辽宁省 大连市 金州区金石滩国家旅游度假区中心大街9号枫叶教育园区集团人力资源部  13842669869,116000   ','邓婉婷'),(316,'CONFIRMED','见邮件 ','69#yingshanhongkai 1032楼','134',4,20.92,'EXPRESS',25.00,881.00,881.00,NULL,'2011-10-16 23:51:58','爸妈网第69号团购','PARTIALLY_PREPARED',140,'',NULL,'浙江省杭州市西湖区学院路58号华星创业大厦203 13666685292 310000   ','傅小龙'),(317,'CONFIRMED','见邮件 ','69#+微凡+1033','135',3,6.92,'EXPRESS',0.00,559.00,597.00,NULL,'2011-10-16 23:51:58','爸妈网第69号团购','PARTIALLY_PREPARED',141,NULL,NULL,'无地址信息','郑琦'),(318,'CONFIRMED','无误 ','69# shopping66200 97楼','136',4,6.70,'EXPRESS',11.00,759.00,759.00,NULL,'2011-10-16 23:51:58','爸妈网第69号团购','PREPARED',142,NULL,NULL,'上海浦东荷泽路418弄25-402室 13918028632 200129   ','陈可'),(319,'CONFIRMED',' ','69＃小野妈妈819楼','137',4,15.64,'EXPRESS',20.00,1876.00,1876.00,NULL,'2011-10-16 23:51:58','爸妈网第69号团购','PREPARED',143,'',NULL,'浙江省宁波市北仑区长江路都会经典3幢801室 13857461599 315800','蒲晓勤'),(320,'CONFIRMED',' ','69#+yashia+689楼','138',4,50.16,'EXPRESS',55.00,4812.00,4812.00,NULL,'2011-10-16 23:51:58','爸妈网第69号团购','PARTIALLY_PREPARED',144,'',NULL,'一共两笔付款4812元，这是第二笔朱健芳上海市浦东南路256号1102室邮编200120 联系电话13917522293   ','刘浩'),(321,'CONFIRMED','无误  ','69#+ekixia+110','139',3,12.40,'POST',36.00,1156.00,1156.00,NULL,'2011-10-16 23:51:58','爸妈网第69号团购','PARTIALLY_PREPARED',145,NULL,NULL,'收货地址：湖南省长沙市韶山北路159号通程大酒店1512室邮编：410011 收货人：易 \n昕手机：13507318005 ','易昕'),(322,'CONFIRMED','无误  ','69#大波斯菊991楼','140',4,16.84,'POST',35.00,666.00,666.00,NULL,'2011-10-16 23:51:58','爸妈网第69号团购','PARTIALLY_PREPARED',146,'',NULL,'辽宁省 营口市 站前区 万有街98号楼2单元5楼13号 115000 13204171685   ','高勇'),(352,'CONFIRMED','无误 ','69#翔翔妈妈1088楼','142',4,10.30,'POST',36.00,1336.00,1336.00,NULL,'2011-10-16 23:52:13','爸妈网第69号团购','PREPARED',148,'',NULL,'山东省济南市天桥区东工商河路68号6楼 李艳敏 收电话：15615313319 18678899697 邮编：250031   ','李艳敏'),(353,'CONFIRMED','无误  ','69#jasmine1376+500','143',3,3.30,'POST',15.00,213.00,213.00,NULL,'2011-10-16 23:52:14','爸妈网第69号团购','PREPARED',149,NULL,NULL,'杨波，北京，石景山区鲁谷大街重兴园9号楼2单元402室，13241262235，100040   ','杨波'),(354,'CONFIRMED','无误  ','69#phh2700  593楼','144',4,11.18,'EXPRESS',16.00,670.00,689.00,NULL,'2011-10-16 23:52:14','爸妈网第69号团购','PARTIALLY_PREPARED',150,'',NULL,'浙江省杭州市下城区现代名苑6幢1单元402 电话号码：13957329317 邮编：310004   （多付了邮费）','徐君'),(355,'CONFIRMED','见邮件 ','69#caone999第1096楼（1095）','145',4,5.30,'EXPRESS',10.00,406.00,406.00,NULL,'2011-10-16 23:52:14','爸妈网第69号团购','PREPARED',151,'',NULL,'汤慧敏+上海+浦东新区南码头路1136弄35号乙5号窗口+13701802425+200125   ','汤慧敏'),(356,'CONFIRMED','无误 ','69#weierp1099楼','147',3,16.40,'EXPRESS',21.00,283.00,283.00,NULL,'2011-10-16 23:52:14','爸妈网第69号团购','PARTIALLY_PREPARED',153,NULL,NULL,'地址：江苏省张家港市杨舍镇亨通花园53幢507室（新市河路）收货人：庞蔚邮编：215600 联系电话：13701567783','庞蔚'),(357,'CONFIRMED','见邮件 ','69#lan352125 1021楼','148',3,4.50,'EXPRESS',9.00,434.00,434.00,NULL,'2011-10-16 23:52:14','爸妈网第69号团购','PREPARED',154,NULL,NULL,'洪晓玲 江苏省丹阳市司徒镇丹伏路88号海昌隐形眼镜有限公司 电话：15952943059 邮编：212331   ','王富和'),(358,'CONFIRMED','无误  ','69#tiantianran1094楼','149',3,3.30,'EXPRESS',8.00,206.00,206.00,NULL,'2011-10-16 23:52:14','爸妈网第69号团购','PREPARED',155,NULL,NULL,'江苏省徐州市中山北路231号北大众 庞芳 13776583095 221000   ','庞芳'),(359,'CONFIRMED','无误 ','#69团 1056楼 凤舞九天','150',3,2.92,'POST',10.00,109.00,109.00,NULL,'2011-10-16 23:52:14','爸妈网第69号团购','PARTIALLY_PREPARED',156,NULL,NULL,'我的地址是山东济宁市新世界广场北舜泰园小区#7楼6楼A东朱含含 15605476896','朱含含'),(360,'CONFIRMED','无误  ','69#eilleen7698 710楼层（709）','152',3,6.66,'POST',35.00,664.00,664.00,NULL,'2011-10-16 23:52:14','爸妈网第69号团购','PREPARED',158,NULL,NULL,'范爱霞 河南省濮阳市中原油田采油一厂地质研究所 13213929538 457071','范爱霞'),(361,'CONFIRMED','无误 ','69#淘淘Riby953楼（952）','153',3,5.16,'POST',25.00,523.00,523.00,NULL,'2011-10-16 23:52:14','爸妈网第69号团购','PREPARED',159,NULL,NULL,'收货人：姜宁地址：哈尔滨市南岗区闽江小区一期18栋5单元603室邮编：15001 电话：13054275060   ','姜宁'),(362,'CONFIRMED','见邮件 ','69#chergu426楼','154',3,8.64,'EXPRESS',13.00,575.00,575.00,NULL,'2011-10-16 23:52:14','爸妈网第69号团购','PARTIALLY_PREPARED',160,NULL,NULL,'浙江省西湖区华星路12号1单元202室','顾雪飞'),(363,'CONFIRMED','无误 ','69#第1072楼jsxzhl','155',3,6.28,'EXPRESS',11.00,201.00,201.00,NULL,'2011-10-16 23:52:14','爸妈网第69号团购','PARTIALLY_PREPARED',161,NULL,NULL,'贺琳+江苏省徐州市+南三环森活绿郡小区4-2-202室+13813481087+221008   ','胡强'),(364,'CONFIRMED','无误  ','69# Beanmother 1217楼','156',2,3.30,'EXPRESS',23.00,221.00,221.00,NULL,'2011-10-16 23:52:14','爸妈网第69号团购','NOT_PREPARED',NULL,'',NULL,'广东省广州市竹丝岗三马路8号701楼 13903011388   ','章舜慧'),(365,'CONFIRMED','无误 ','69#+beanmother+1126','156',1,6.82,'POST',15.00,172.00,172.00,NULL,'2011-10-16 23:52:14','爸妈网第69号团购','NOT_PREPARED',NULL,NULL,NULL,'章舜慧 广州竹丝岗三马路8号701房 13903011388 510000   ','章舜慧'),(366,'CONFIRMED','无误  ','69#论坛ID15067625楼层404楼','157',3,11.58,'EXPRESS',16.00,1699.00,1699.00,NULL,'2011-10-16 23:52:14','爸妈网第69号团购','PREPARED',162,NULL,NULL,'齐宏，杭州市滨江区泰安路199号浙江农资大厦1111室，电话13516829752，邮编310052   ','孙树森'),(367,'CONFIRMED','见邮件 ','69#snowksg401楼','158',3,6.72,'EXPRESS',40.00,580.00,580.00,NULL,'2011-10-16 23:52:14','爸妈网第69号团购','PARTIALLY_PREPARED',163,NULL,NULL,'杨宁+丹江口市+湖北省丹江口市汉江集团信息中心+13986905678+442700   ','杨宁'),(368,'CONFIRMED','无误 ','69#+ljm33844+497楼','159',3,4.70,'EXPRESS',38.00,1018.00,1018.00,NULL,'2011-10-16 23:52:14','爸妈网第69号团购','PREPARED',164,NULL,NULL,'收货人：李俊梅地址：广西南宁秀灵路37号广西工业职业技术学院东区10栋701号邮编：5 \n30001 联系电话：13978814911 ','李俊梅'),(369,'CONFIRMED','见邮件 ','69#穗倪宝贝1125楼','160',3,3.30,'EXPRESS',23.00,221.00,221.00,NULL,'2011-10-16 23:52:14','爸妈网第69号团购','PREPARED',165,NULL,NULL,'胡扬辉广东省深圳市龙岗区布吉龙威花园1栋5单元503 18927499695 518000   ','胡扬辉'),(402,'CONFIRMED','无误  ','69#小语妈妈1141楼','161',4,9.00,'EXPRESS',13.00,635.00,646.00,NULL,'2011-10-17 01:56:21','爸妈网第69号团购','PARTIALLY_PREPARED',166,'',NULL,'浙江省余姚市阳明东路264号，邮编：315400电话：13116775060或057422665568  （分两次付的 457+189) ','施华波'),(403,'CONFIRMED','见邮件 ','69＃小野妈妈819楼','162',4,5.54,'EXPRESS',33.00,516.00,516.00,NULL,'2011-10-17 01:56:21','爸妈网第69号团购','PARTIALLY_PREPARED',167,NULL,NULL,'白小进 北京市朝阳区首都机场老候机楼国航客舱服务部N309 13699257144 100621   ','蒲晓勤'),(404,'CONFIRMED','见邮件 ','69#+bigsandy+717楼','163',4,9.04,'EXPRESS',14.00,388.00,388.00,NULL,'2011-10-17 01:56:21','爸妈网第69号团购','PARTIALLY_PREPARED',168,NULL,NULL,'留言：上海市普陀区绥德路128号 杨雅琦 13040626149 021-660800 \n','杨雅琦'),(405,'CONFIRMED','无误  ','69#zlynancy1140楼','164',3,8.34,'POST',36.00,1029.00,1029.00,NULL,'2011-10-17 01:56:21','爸妈网第69号团购','PARTIALLY_PREPARED',169,NULL,NULL,'周漓云广西桂林七星花园世纪新城5号楼306 541004 13977318826  ','周漓云'),(406,'CONFIRMED','退款 ','转账（69#tybaby1025楼 ）','166',4,3.10,'POST',15.00,197.00,297.00,NULL,'2011-10-17 01:56:21','爸妈网第69号团购','PREPARED',171,'',NULL,'山西省 太原市 万柏林区 漪汾街53号200信箱7号 030027 13643611390','张忠峰'),(407,'CONFIRMED','无误  ','69#+karenf_yin+619楼','167',4,17.58,'EXPRESS',22.00,1052.00,1052.00,NULL,'2011-10-17 01:56:21','爸妈网第69号团购','PARTIALLY_PREPARED',172,'',NULL,'上海市 七莘路 2288弄26号401室+13817632923+201101   ','李伟平'),(408,'CONFIRMED','无误  ','69#桃桃1157楼','168',3,4.80,'POST',25.00,458.00,458.00,NULL,'2011-10-17 01:56:21','爸妈网第69号团购','PREPARED',173,NULL,NULL,'徐文琦 山东省淄博市张店区远景花园滋欣苑3号楼2单元302室 15666705326 255000   ','徐文琦'),(409,'CONFIRMED','补款 ','69# taotaogouzyh 1006楼','169',4,7.10,'EXPRESS',12.00,887.00,500.00,NULL,'2011-10-17 01:56:21','爸妈网第69号团购','PREPARED',174,'',NULL,'章迎华浙江宁波镇海庄市中兴中学 315201 13586833876  15好，已经补款 375，待核实  ','章迎华'),(410,'CONFIRMED','无误 ','69#jim442楼','170',3,4.30,'POST',25.00,488.00,488.00,NULL,'2011-10-17 01:56:21','爸妈网第69号团购','PARTIALLY_PREPARED',175,NULL,NULL,'戴昕+辽宁省大连市中山区解放路604号小二楼左数第一家+13387877620+116013   ','戴亦晖'),(411,'CONFIRMED','无误 ','69#lssj804 楼层1151楼','173',4,4.98,'POST',15.00,142.00,138.00,NULL,'2011-10-17 01:56:22','爸妈网第69号团购','PARTIALLY_PREPARED',178,'',NULL,'福建省 福州市五一北路162号厦门国际银行福州分行电话：13305929315 邮编：350005   ','吴荣荣'),(412,'CONFIRMED','无误  ','69#+xmy+811楼','174',3,7.88,'EXPRESS',43.00,783.00,783.00,NULL,'2011-10-17 01:56:22','爸妈网第69号团购','PARTIALLY_PREPARED',179,NULL,NULL,'高越 山东淄博 张店区王舍二区16#楼2单元3楼西户 15553301906 255000   ','吕国红'),(413,'CONFIRMED','无误  ','69#hjxdesign973楼','175',3,3.30,'EXPRESS',8.00,206.00,206.00,NULL,'2011-10-17 01:56:22','爸妈网第69号团购','PREPARED',180,NULL,NULL,'收货人：洪妮地址：上海市长宁区幸福路88号906室电话：13611757297 62830269 邮编 ：200052   ','黄均祥'),(414,'CONFIRMED','无误 ','69#+fayer9+325楼','176',3,4.74,'EXPRESS',9.00,129.00,129.00,NULL,'2011-10-17 01:56:22','爸妈网第69号团购','PARTIALLY_PREPARED',181,NULL,NULL,'姓名：陆颜萍城市：江苏省苏州市地址：江苏省苏州市新区阳山工业园旁西金芝路2号俊峰电子第1幢意迪特电话：13656227353 邮编：215151   ','陆颜萍'),(415,'CONFIRMED','无误 ','69# agile 1190 楼','177',4,3.30,'EXPRESS',23.00,221.00,221.00,NULL,'2011-10-17 01:56:22','爸妈网第69号团购','PREPARED',182,'',NULL,'广东省佛山市顺德区容桂容奇大道中丽雅豪苑C座307 谢敏收 手机：1392 \r\n8229980 ','谢敏'),(416,'CONFIRMED','见邮件 ','69#家有三宝232楼','178',4,15.12,'EXPRESS',20.00,1305.00,1315.00,NULL,'2011-10-17 01:56:22','爸妈网第69号团购','PARTIALLY_PREPARED',183,'',NULL,'江苏省如皋市锦绣苑604幢307室 电话18962708355 邮编226500 请星期六星期日两天送货   ','田继武'),(417,'CONFIRMED','无误 ','69#+健康最重要2011+355楼','180',3,6.42,'EXPRESS',11.00,199.00,199.00,NULL,'2011-10-17 01:56:22','爸妈网第69号团购','PARTIALLY_PREPARED',185,NULL,NULL,'陈雷+上海市+延安中路810号+13386279665+200041','李彦'),(452,'CONFIRMED',NULL,'69# 黄昏独倚阑 1111','171',3,4.50,'EXPRESS',30.00,455.00,455.00,NULL,'2011-10-17 02:13:27','爸妈网第69号团购','PREPARED',176,'',NULL,'福建省厦门市集美区杏林街道杏东路33号楼401 张磊 13799267180 ，快递，','张磊'),(502,'CONFIRMED','无误 ','69#  +  xmy   + 1194楼','181',4,3.50,'EXPRESS',23.00,123.00,123.00,NULL,'2011-10-17 02:16:37','爸妈网第69号团购','PARTIALLY_PREPARED',186,'',NULL,'高越 山东淄博 张店区王舍二区16#楼2单元3楼西户 15553301906 255000   ','吕国红'),(503,'CONFIRMED','无误  ','69#+CJF+681','182',4,6.66,'EXPRESS',38.00,859.00,859.00,NULL,'2011-10-17 02:16:38','爸妈网第69号团购','PREPARED',187,'',NULL,'北京市 海淀区 温泉电话局 18611050841 100095   ','齐燕颖'),(504,'CONFIRMED','无误  ','69#movie3000#1178楼','184',3,4.50,'POST',25.00,450.00,450.00,NULL,'2011-10-17 02:16:38','爸妈网第69号团购','PREPARED',189,NULL,NULL,'王慧卿 山西太原迎泽区桃园正街2号万博电子 030002 13934639696   ','王慧卿'),(505,'CONFIRMED','无误  ','69#大海琴心844楼','185',3,4.50,'POST',25.00,450.00,450.00,NULL,'2011-10-17 02:16:38','爸妈网第69号团购','PREPARED',190,NULL,NULL,'姓名:梁玉泉 ; 城市: 湖南 衡阳市 ; 收货地址:湖南 衡阳市 常宁市松柏镇衡阳水口山金信铅业公司; 电话:13975489576 7582421. 邮编:421513   ','梁玉泉'),(506,'CONFIRMED','无误 ','69# raindavis 206楼','189',3,2.40,'POST',10.00,105.00,105.00,NULL,'2011-10-17 02:16:38','爸妈网第69号团购','PARTIALLY_PREPARED',194,NULL,NULL,'收货人：吴林燕（惠州）地址：广东省惠州市惠城区三环南路16号河南岸威廉城邦家园1栋A座2201 电话：13719675260 邮编：516007   ','吴小姐'),(507,'CONFIRMED','无误 ','69#100501奕奕妈1183楼','190',4,5.28,'EXPRESS',10.00,468.00,458.00,NULL,'2011-10-17 02:16:38','爸妈网第69号团购','PARTIALLY_PREPARED',195,'',NULL,'浙江省 丽水市莲都区寿尔福路28号丽水市疾病预防控制中心+15906421159+323000 （仅书款，快递费稍后补上）   ','陈秀英'),(508,'CONFIRMED','无误 ','69#叶丁丁905楼','191',3,4.62,'POST',15.00,165.00,170.00,NULL,'2011-10-17 02:16:38','爸妈网第69号团购','PARTIALLY_PREPARED',196,NULL,NULL,'胡玲娟 武汉市东湖开发区关山一路1号光谷软件园A11栋5楼 安思达信息技术有限公司开发部二办公 \n室 13507182874 邮编：430074 ','叶猛'),(509,'CONFIRMED','见邮件 ','69#德香132楼','192',3,4.50,'EXPRESS',0.00,425.00,453.00,NULL,'2011-10-17 02:16:38','爸妈网第69号团购','PREPARED',197,NULL,NULL,'无信息','卢惠'),(510,'CONFIRMED','无误 ','69#xiaolumama892楼','194',3,14.02,'POST',18.00,265.00,265.00,NULL,'2011-10-17 02:16:38','爸妈网第69号团购','PARTIALLY_PREPARED',198,NULL,NULL,'宋秀丽 青岛市崂山区株洲路192号（昌硕电子有限公司） 13675328710 邮编266101 69#团书，购书清单见892楼   ','宋秀丽'),(511,'CONFIRMED','无误 ','69#开心亦儿1224楼','195',3,3.30,'EXPRESS',8.00,206.00,206.00,NULL,'2011-10-17 02:16:38','爸妈网第69号团购','PREPARED',199,NULL,NULL,'地址：江苏省太仓市郑和西路246号城管城西中队 王晓艳收 电话：13862374113 邮编215400   ','王志红'),(512,'CONFIRMED','无误  ','69# redluo 957楼','196',4,10.30,'EXPRESS',58.00,980.00,980.00,NULL,'2011-10-17 02:16:38','爸妈网第69号团购','PARTIALLY_PREPARED',200,'',NULL,'广东省深圳市福田区梅林一村84幢29F 手机13554928788 邮编518049   ','罗红'),(513,'CONFIRMED','无误 ','69#olivia_chen1223#','197',3,3.30,'EXPRESS',8.00,206.00,206.00,NULL,'2011-10-17 02:16:38','爸妈网第69号团购','PREPARED',201,NULL,NULL,'陈璐，上海市松江区文翔路3088弄116号402室，13917520449，201620   ','陈璐'),(514,'CONFIRMED','无误  ','69#+mj523mj+415楼','199',3,6.88,'POST',22.00,355.00,355.00,NULL,'2011-10-17 02:16:38','爸妈网第69号团购','PARTIALLY_PREPARED',203,NULL,NULL,'马杰 山东青岛四方区金华支路9号2号楼3单元402 电话：13706481237 邮编266044    ','马杰'),(515,'CONFIRMED','无误  ','教材团购 1232','200',3,7.96,'EXPRESS',12.00,931.00,931.00,NULL,'2011-10-17 02:16:38','爸妈网第69号团购','PARTIALLY_PREPARED',204,NULL,NULL,'姓名:夏焱，城市：上海，地址：上海浦东东方路969号907房间，电话：138175556 \n73，邮编：200122 ','夏焱'),(516,'CONFIRMED','无误 ','69#小猪mama 830楼','201',4,14.30,'EXPRESS',80.00,1905.00,1905.00,NULL,'2011-10-17 02:16:38','爸妈网第69号团购','PREPARED',205,'',NULL,'李杰辉 福建省福州市金山大道金山大景城1号楼905 邮编：350008 电话：13906928466    ','朱辉'),(517,'CONFIRMED','无误  ','69#宝贝一家亲429楼','202',4,8.92,'POST',36.00,1050.00,1050.00,NULL,'2011-10-17 02:16:38','爸妈网第69号团购','PARTIALLY_PREPARED',206,'',NULL,'附加单','程美系'),(518,'CONFIRMED','补款 ','69#泽泽妈1234楼','204',5,7.90,'POST',36.00,1011.00,1000.00,NULL,'2011-10-17 02:16:38','爸妈网第69号团购','PREPARED',207,'',NULL,'山东省淄博市周村区爱国新村25号 沈麟育 15053336037 255300 （欠11元）','沈麟育'),(519,'CONFIRMED','无误 ','69#包包1180','206',3,4.18,'EXPRESS',0.00,122.00,127.00,NULL,'2011-10-17 02:16:38','爸妈网第69号团购','PARTIALLY_PREPARED',209,NULL,NULL,'无信息','肖鹰'),(520,'CONFIRMED','无误 ','69#+luckyredstar+589楼（588）','207',3,6.10,'EXPRESS',0.00,660.00,660.00,NULL,'2011-10-17 02:16:38','爸妈网第69号团购','PARTIALLY_PREPARED',210,NULL,NULL,'关洁映+广州+北较场17号之一303+电话13318828801+邮编510060 110--东西Sight words 平装全10册 450元 108--Super Phonics 1-3 全套（6书8CD） 198元 121--Longman Primary Elect 1B - 香港小学英语书-朗文 12元   ','黄洁茹'),(521,'CONFIRMED','无误 ','69#光影天涯1213楼','208',3,4.08,'POST',10.00,102.00,102.00,NULL,'2011-10-17 02:16:38','爸妈网第69号团购','PARTIALLY_PREPARED',211,NULL,NULL,'文茂旻四川省自贡市自井区自贡鸿鹤化工股份有限公司规划技术处13990001990 邮编643000   ','文茂旻'),(522,'CONFIRMED','无误  ','69#芯儿芯儿303楼','209',3,5.36,'POST',25.00,484.00,484.00,NULL,'2011-10-17 02:16:38','爸妈网第69号团购','PARTIALLY_PREPARED',212,NULL,NULL,'王蕊芯 山东淄博临淄齐兴花园5号楼6单元301 255400 电话：15964471778，15275915778   ','王蕊芯'),(523,'CONFIRMED','无误  ','69#二娃麻麻82楼(补款)','210',4,4.50,'EXPRESS',28.00,453.00,453.00,NULL,'2011-10-17 02:16:38','爸妈网第69号团购','PREPARED',213,'',NULL,'北京市海淀区建西苑中里2号楼5单元503(石景山游乐园北100米) 13311162675 100043  ','杨继生'),(524,'CONFIRMED','无误  ','69#ella_a816楼','211',3,7.90,'EXPRESS',45.00,1020.00,1020.00,NULL,'2011-10-17 02:16:38','爸妈网第69号团购','PREPARED',214,NULL,NULL,'河北省沧州市运河区浮阳南大道13号运河公安分局出入境管理科 赵颖 15832751616,15933285858,061001   ','赵颖'),(525,'CONFIRMED','无误  ','69#molly7791 1241楼','212',4,3.00,'POST',18.00,298.00,298.00,NULL,'2011-10-17 02:16:38','爸妈网第69号团购','PREPARED',215,'',NULL,'河南郑州互助路1号中讯邮电咨询设计院建筑处王璐收 18637120103   ','苏惠'),(526,'CONFIRMED','无误  ','69#1980波波1158楼','213',3,5.00,'POST',25.00,503.00,503.00,NULL,'2011-10-17 02:16:38','爸妈网第69号团购','PREPARED',216,NULL,NULL,'哈尔滨市南岗区保健路大众嘉园3号楼7单元501室，秦春波收电话：13936190111，邮编150080   ','秦春波'),(527,'CONFIRMED','无误  ','69#+stacy+1249#','215',3,4.50,'EXPRESS',9.00,434.00,434.00,NULL,'2011-10-17 02:16:38','爸妈网第69号团购','PREPARED',218,NULL,NULL,' 田晓珍地址： 上海长宁路10 \n27号兆丰广场9楼 200050 电话：18917610962 ','田晓珍'),(528,'CONFIRMED','见邮件 ','69#kathyky1256楼','216',5,6.66,'EXPRESS',11.00,513.50,513.00,NULL,'2011-10-17 02:16:38','爸妈网第69号团购','PARTIALLY_PREPARED',219,'',NULL,'浙江省嘉兴市秀洲区新洲路亚厦风和苑康宁居9幢602室+电话:13957382348+邮编:314000 ','匡颖'),(529,'CONFIRMED','无误 ','69#+洪太阳好书地+1260 ','217',4,9.10,'POST',36.00,1109.00,1079.00,NULL,'2011-10-17 02:16:38','爸妈网第69号团购','PREPARED',220,'',NULL,'453000 河南新乡市人民东路环卫处家属院6号楼3单元3层东户洪亮 13903802204    （内部人员，优惠30元？） ','马庆华 '),(552,'CONFIRMED',NULL,'孙琦','146',4,3.85,'POST',22.00,402.00,402.00,NULL,'2011-10-19 00:30:15','爸妈网第69号团购','PREPARED',152,'河北省石家庄市新石北路368号金石工业园软件大厦C-502 13785191301 13930199464 050081   ',NULL,'河北省石家庄市新石北路368号金石工业园软件大厦C-502 13785191301 13930199464 050081 ','孙亚莉'),(652,'CONFIRMED',NULL,'郭奕芳','188',3,5.90,'EXPRESS',33.00,939.00,939.00,NULL,'2011-10-19 11:53:22','爸妈网第69号团购','PARTIALLY_PREPARED',193,'13439446139',NULL,'北京市朝阳区亚运村安慧北里逸园8号楼 睿智创想（北京）科技有限公司','郭奕芳'),(702,'CONFIRMED',NULL,'69#wennuan970楼','141',3,5.98,'EXPRESS',10.00,616.50,616.50,NULL,'2011-10-20 21:39:38','爸妈网第69号团购','PREPARED',147,'1392193799',NULL,'江苏省扬州市仪征区胥浦 东山二村 7栋504+13921937999+211900   ','孟艳'),(703,'CONFIRMED',NULL,'69#euphemia207楼','151',3,11.76,'EXPRESS',16.00,366.00,366.00,NULL,'2011-10-20 22:05:41','爸妈网第69号团购','PARTIALLY_PREPARED',157,'13916631211',NULL,'上海市浦东新区成山路820号交运大厦1413室，季辛蕾，13916631211，邮编：200125 ','季辛蕾'),(704,'CONFIRMED',NULL,'69#向日葵1152','165',3,8.20,'EXPRESS',13.00,735.00,735.00,NULL,'2011-10-20 22:09:15','爸妈网第69号团购','PARTIALLY_PREPARED',170,'13852048360',NULL,'江苏省徐州市民主南路100号恩华连锁销售公司财务 王莹 221009 13852048360 ','王莹'),(752,'CONFIRMED',NULL,'69#+iread+1089楼','172',3,5.38,'EXPRESS',10.00,473.00,473.00,NULL,'2011-10-20 22:17:05','爸妈网第69号团购','PREPARED',177,'13451846433 ',NULL,'胡莲玉 江苏省南京市鼓楼区清凉门大街296号馨瑰园8-2-503 电话：13451846433 ','胡莲玉'),(753,'CONFIRMED',NULL,'#68#1214912157','179',3,5.78,'EXPRESS',33.00,512.00,512.00,NULL,'2011-10-20 22:20:06','爸妈网第69号团购','PARTIALLY_PREPARED',184,'18810456364',NULL,'北京市东城区东直门内南小街16号，中国中医科学院信息所图书馆后楼2-1，电话：18810456364','孙海舒'),(754,'CONFIRMED',NULL,'69#+yashia+689楼','183',3,7.30,'EXPRESS',12.00,1442.00,1442.00,NULL,'2011-10-20 22:21:51','爸妈网第69号团购','PREPARED',188,'18017267526  ',NULL,'卢梅 上海市武川路75弄54号502室 邮编200434 联系电话18017267526  ','刘浩 卢梅'),(755,'CONFIRMED',NULL,'69#zredz1037楼','186',3,4.50,'EXPRESS',9.00,434.00,434.00,NULL,'2011-10-20 22:24:28','爸妈网第69号团购','PREPARED',191,'18918963386',NULL,'郑文雅+上海市+龙茗路1458弄99号602室+18918963386+201101   ','郑文雅'),(756,'CONFIRMED',NULL,'69#tanglys1206楼','187',3,4.50,'EXPRESS',9.00,434.00,434.00,NULL,'2011-10-20 22:26:16','爸妈网第69号团购','PREPARED',192,'13917447576',NULL,'上海市大连西路261号2306 苏博 电话：13917447576 邮编：200081 ','苏博'),(802,'CONFIRMED',NULL,'69#niuniuya1224楼','198',3,4.50,'EXPRESS',28.00,453.00,453.00,NULL,'2011-10-20 22:31:59','爸妈网第69号团购','PREPARED',202,'13611197402 ',NULL,'北京市朝阳区幸福三村东兴里11号C座101 ； 邮编：100027 ； 电话：13611197402   ','陈虎'),(803,'CONFIRMED',NULL,'69#宝贝一家亲429楼','203',1,8.92,'POST',36.00,1050.00,1050.00,NULL,'2011-10-20 22:34:51','爸妈网第69号团购','NOT_PREPARED',NULL,'13600793987',NULL,'福建省泉州石狮市曾坑国税花苑D-101 13600793987 \r\n','程美系'),(804,'CONFIRMED',NULL,'69#彭跳跳123','205',3,6.04,'EXPRESS',40.00,697.00,697.00,NULL,'2011-10-20 22:38:04','爸妈网第69号团购','PREPARED',208,'13517492756',NULL,'湖南省长沙市雨花区体院路510号，邮编：410014，电话：13517492756 \"\r\n','李颖'),(805,'CONFIRMED',NULL,'69#janny1030202#1196','214',3,10.46,'EXPRESS',15.00,1321.00,1321.00,NULL,'2011-10-20 22:39:59','爸妈网第69号团购','PREPARED',217,'13917589766',NULL,'上海市+地址：杨浦区国顺东路179弄55号501室+电话：13917589766+邮编：200433 楼定单订购（追加了110品 450元+3元快递）    \r\n','张彦瑾'),(806,'CONFIRMED',NULL,'69#weierm 1187 楼','219',3,5.34,'POST',25.00,486.00,486.00,NULL,'2011-10-20 22:42:40','爸妈网第69号团购','PREPARED',221,'123',NULL,'武汉','孟晓莹'),(807,'CONFIRMED',NULL,'69# fate811 933楼','220',3,4.50,'EXPRESS',9.00,434.00,434.00,NULL,'2011-10-20 22:46:21','爸妈网第69号团购','PREPARED',222,'13916929416',NULL,'上海市黄浦区333号金融广场1403室  电话：13916929416 邮编：200001    ','杨颖');
/*!40000 ALTER TABLE `gsm_order` ENABLE KEYS */;
UNLOCK TABLES;

--
-- Table structure for table `gsm_order_item`
--

DROP TABLE IF EXISTS `gsm_order_item`;
/*!40101 SET @saved_cs_client     = @@character_set_client */;
/*!40101 SET character_set_client = utf8 */;
CREATE TABLE `gsm_order_item` (
  `obj_id` bigint(20) NOT NULL,
  `item_count` decimal(5,0) DEFAULT NULL,
  `sent_count` decimal(5,0) DEFAULT NULL,
  `prepared_count` decimal(5,0) DEFAULT NULL,
  `unit_price` decimal(10,2) DEFAULT NULL,
  `order_id` bigint(20) DEFAULT NULL,
  `product_id` bigint(20) DEFAULT NULL,
  PRIMARY KEY (`obj_id`),
  KEY `FK_gsm_order_item_order_id` (`order_id`),
  KEY `FK_gsm_order_item_product_id` (`product_id`),
  CONSTRAINT `FK_gsm_order_item_order_id` FOREIGN KEY (`order_id`) REFERENCES `gsm_order` (`obj_id`),
  CONSTRAINT `FK_gsm_order_item_product_id` FOREIGN KEY (`product_id`) REFERENCES `gsm_product` (`obj_id`)
) ENGINE=InnoDB DEFAULT CHARSET=utf8;
/*!40101 SET character_set_client = @saved_cs_client */;

--
-- Dumping data for table `gsm_order_item`
--

LOCK TABLES `gsm_order_item` WRITE;
/*!40000 ALTER TABLE `gsm_order_item` DISABLE KEYS */;
INSERT INTO `gsm_order_item` VALUES (2,1,0,1,425.00,2,1),(3,1,0,1,450.00,2,10),(4,1,0,1,45.00,2,17),(5,1,0,1,38.00,2,18),(6,1,0,1,16.00,2,36),(7,1,0,1,45.00,3,17),(8,1,0,1,38.00,3,18),(9,1,0,2,425.00,4,1),(10,1,0,2,550.00,4,6),(11,1,0,2,198.00,4,8),(12,1,0,2,198.00,5,8),(13,1,0,2,490.00,5,13),(14,1,0,2,490.00,5,15),(15,1,0,2,50.00,5,25),(16,1,0,2,16.00,5,36),(17,1,0,2,18.00,5,38),(18,1,0,2,16.00,5,40),(19,1,0,2,5.00,5,54),(20,1,0,2,425.00,6,1),(21,1,0,1,198.00,7,8),(22,1,0,1,45.00,7,17),(23,1,0,1,10.00,7,23),(24,1,0,1,13.00,7,19),(25,1,0,1,25.00,7,47),(26,1,0,1,10.00,8,23),(27,1,0,1,2.50,8,26),(28,1,0,1,2.50,8,27),(29,1,0,1,12.00,8,33),(30,1,0,1,22.00,8,35),(31,1,0,1,20.00,8,37),(32,1,0,1,20.00,8,43),(33,1,0,1,25.00,8,47),(34,1,0,1,16.00,8,48),(35,1,0,1,5.00,8,54),(36,1,0,1,19.00,8,69),(37,1,0,1,45.00,9,17),(38,1,0,1,10.00,9,23),(39,1,0,1,50.00,9,25),(40,1,0,1,12.00,9,33),(41,1,0,1,22.00,9,34),(42,1,0,1,22.00,9,35),(43,1,0,1,20.00,9,37),(44,1,0,1,18.00,9,38),(45,1,0,1,16.00,9,42),(46,1,0,1,20.00,9,43),(47,1,0,1,9.00,9,44),(48,1,0,1,16.00,9,46),(49,1,0,1,5.00,9,54),(50,1,0,1,425.00,10,1),(51,1,0,1,22.00,10,32),(52,1,0,1,12.00,10,33),(53,1,0,1,16.00,10,36),(54,1,0,1,20.00,10,37),(55,1,0,1,16.00,10,39),(56,1,0,1,16.00,10,40),(57,1,0,1,16.00,10,42),(58,1,0,1,20.00,10,43),(59,2,0,2,38.00,10,45),(60,1,0,1,25.00,10,47),(61,1,0,1,19.00,10,68),(62,1,0,3,12.00,11,22),(63,1,0,3,198.00,11,8),(64,1,0,3,50.00,11,25),(65,1,0,1,425.00,12,1),(66,1,0,1,460.00,12,7),(67,1,0,1,16.00,12,39),(68,1,0,1,425.00,13,1),(69,1,0,1,12.00,13,33),(70,1,0,1,425.00,14,1),(71,1,0,1,10.00,14,23),(72,1,0,1,22.00,14,35),(73,1,0,1,16.00,14,40),(74,1,0,1,20.00,14,43),(75,1,0,1,5.00,14,54),(76,1,0,2,425.00,15,1),(77,1,0,2,16.00,15,40),(78,1,0,2,20.00,15,43),(79,1,0,1,450.00,16,10),(80,1,0,1,38.00,16,18),(81,1,0,1,198.00,17,8),(82,1,0,1,19.00,17,69),(83,1,0,1,19.00,17,75),(84,1,0,1,19.00,17,76),(85,1,0,1,13.00,17,19),(86,1,0,1,12.00,17,21),(87,1,0,1,280.00,18,3),(88,1,0,1,460.00,18,7),(89,1,0,1,490.00,19,11),(90,1,0,1,490.00,19,13),(91,1,0,1,490.00,19,15),(92,1,0,1,45.00,19,17),(93,1,0,1,38.00,19,18),(94,1,0,1,13.00,19,19),(95,1,0,1,13.00,19,20),(96,1,0,1,12.00,19,21),(97,1,0,1,10.00,19,23),(98,1,0,1,16.00,19,36),(99,1,0,1,18.00,19,38),(100,1,0,1,25.00,19,47),(101,1,0,1,198.00,20,8),(102,1,0,1,13.00,20,19),(103,1,0,1,13.00,20,20),(104,1,0,1,50.00,20,25),(152,1,0,1,425.00,52,1),(153,1,0,1,10.00,52,23),(154,1,0,1,2.50,52,26),(155,1,0,1,2.50,52,27),(156,1,0,1,22.00,52,35),(157,1,0,1,28.00,52,41),(158,1,0,1,4.00,52,52),(159,1,0,1,5.00,52,54),(160,1,0,1,25.00,53,47),(161,1,0,1,28.00,53,55),(162,1,0,1,8.00,53,58),(163,1,0,1,8.00,53,59),(164,1,0,1,8.00,53,60),(165,1,0,1,8.00,53,61),(166,1,0,1,8.00,53,62),(167,1,0,1,8.00,53,63),(168,1,0,1,8.00,53,64),(169,1,0,1,8.00,53,65),(170,1,0,2,425.00,54,1),(171,1,0,2,198.00,54,8),(172,1,0,2,450.00,54,10),(173,1,0,2,490.00,54,11),(174,1,0,2,390.00,54,12),(175,1,0,2,490.00,54,13),(176,1,0,2,390.00,54,14),(177,1,0,2,490.00,54,15),(178,1,0,2,390.00,54,16),(179,1,0,2,50.00,54,25),(180,1,0,2,8.00,54,62),(181,1,0,2,12.00,54,33),(182,1,0,2,3.00,54,24),(183,1,0,2,22.00,54,34),(184,1,0,2,22.00,54,34),(185,1,0,2,22.00,54,35),(186,1,0,2,22.00,54,34),(187,1,0,2,9.00,54,44),(188,1,0,2,25.00,54,47),(189,1,0,2,20.00,54,37),(190,1,0,2,5.00,54,54),(191,1,0,2,28.00,54,55),(192,1,0,2,16.00,54,40),(193,1,0,1,198.00,55,8),(194,1,0,1,198.00,56,8),(195,1,0,1,3.00,56,24),(196,1,0,1,25.00,56,47),(197,1,0,1,12.00,56,33),(198,1,0,1,13.00,57,19),(199,1,0,1,13.00,57,20),(200,1,0,1,12.00,57,33),(201,1,0,1,16.00,57,39),(202,1,0,1,16.00,57,40),(203,1,0,1,20.00,57,43),(204,1,0,1,9.00,57,44),(205,1,0,1,38.00,57,45),(206,1,0,1,425.00,58,1),(207,1,0,2,210.00,59,2),(208,1,0,1,450.00,60,10),(209,1,0,1,198.00,61,8),(210,1,0,1,460.00,62,7),(211,1,0,1,425.00,63,1),(212,1,0,1,45.00,63,17),(213,1,0,1,38.00,63,18),(214,1,0,1,22.00,63,35),(215,1,0,1,16.00,63,36),(216,1,0,1,38.00,63,45),(217,1,0,1,425.00,64,1),(218,1,0,1,45.00,64,17),(219,1,0,1,38.00,64,18),(220,1,0,1,2.50,64,26),(221,1,0,1,2.50,64,27),(222,1,0,1,6.00,64,28),(223,1,0,1,198.00,65,8),(224,1,0,1,280.00,66,3),(225,1,0,1,19.00,66,68),(226,1,0,1,198.00,67,8),(227,6,0,6,10.00,68,23),(228,1,0,1,9.00,68,44),(229,1,0,1,25.00,68,47),(230,1,0,1,160.00,69,9),(231,1,0,1,28.00,69,55),(232,1,0,1,198.00,70,8),(233,1,0,0,425.00,71,1),(234,1,0,0,45.00,71,17),(235,1,0,0,38.00,71,18),(236,1,0,0,28.00,71,41),(237,1,0,0,38.00,71,45),(238,1,0,0,5.00,71,54),(239,1,0,0,450.00,72,10),(252,1,0,1,160.00,102,9),(253,1,0,1,380.00,103,5),(254,1,0,1,38.00,103,18),(255,0,0,0,15.00,103,50),(256,1,0,1,6.00,103,28),(257,1,0,1,16.00,103,39),(258,0,0,0,6.00,103,28),(259,1,0,1,28.00,103,41),(260,1,0,1,16.00,103,40),(261,1,0,1,16.00,103,48),(262,0,0,0,6.00,103,28),(263,1,0,1,5.00,103,54),(264,1,0,1,10.00,104,23),(265,1,0,1,3.00,104,24),(266,1,0,1,2.50,104,26),(267,1,0,1,2.50,104,27),(268,1,0,1,6.00,104,28),(269,1,0,1,8.00,104,53),(270,1,0,1,5.00,104,54),(271,1,0,1,13.00,105,19),(272,1,0,1,16.00,106,42),(273,1,0,1,9.00,106,44),(274,1,0,1,16.00,106,49),(275,1,0,1,28.00,106,56),(276,1,0,1,28.00,106,57),(277,1,0,1,425.00,107,1),(278,1,0,1,198.00,108,8),(279,1,0,1,10.00,108,23),(280,1,0,1,12.00,108,33),(281,1,0,1,18.00,108,38),(282,1,0,1,16.00,108,39),(283,1,0,1,28.00,108,41),(284,1,0,1,20.00,108,43),(285,1,0,1,16.00,108,49),(286,1,0,1,15.00,108,50),(287,1,0,1,4.00,108,52),(288,1,0,1,19.00,108,69),(289,1,0,1,19.00,108,70),(290,1,0,1,19.00,108,71),(291,1,0,1,19.00,108,72),(292,1,0,1,19.00,108,75),(293,1,0,1,19.00,108,76),(294,1,0,1,425.00,109,1),(295,1,0,1,3.00,109,24),(296,1,0,1,18.00,109,38),(297,1,0,1,25.00,109,47),(298,1,0,1,5.00,109,54),(299,1,0,1,425.00,110,1),(300,1,0,1,18.00,110,38),(301,1,0,1,160.00,111,9),(302,1,0,1,160.00,112,9),(303,1,0,1,460.00,113,7),(304,1,0,1,450.00,113,10),(305,1,0,1,13.00,113,19),(306,1,0,1,13.00,113,20),(307,1,0,1,12.00,113,21),(308,1,0,1,12.00,113,22),(309,1,0,1,10.00,113,23),(310,1,0,1,50.00,113,25),(311,1,0,1,2.50,113,26),(312,1,0,1,2.50,113,27),(313,1,0,1,6.00,113,28),(314,1,0,1,22.00,113,34),(315,1,0,1,18.00,113,38),(316,1,0,1,9.00,113,44),(317,1,0,1,25.00,113,47),(318,1,0,1,4.00,113,52),(319,1,0,1,28.00,113,55),(320,1,0,1,19.00,113,71),(321,1,0,1,19.00,113,72),(322,1,0,1,19.00,113,73),(323,1,0,1,19.00,113,74),(324,1,0,1,19.00,113,75),(325,1,0,1,19.00,113,76),(326,1,0,1,19.00,113,77),(327,1,0,1,16.00,114,36),(328,1,0,1,16.00,114,39),(329,1,0,1,28.00,114,57),(330,1,0,1,45.00,115,17),(331,1,0,1,425.00,116,1),(332,1,0,1,12.00,116,21),(333,0,0,0,3.00,116,24),(334,1,0,1,12.00,116,22),(335,0,0,0,3.00,116,24),(336,1,0,1,16.00,116,36),(337,1,0,1,6.00,116,28),(338,0,0,0,6.00,116,28),(339,1,0,1,20.00,116,43),(340,0,0,0,22.00,116,32),(341,1,0,1,425.00,117,1),(342,1,0,1,28.00,117,41),(343,1,0,1,425.00,118,1),(344,1,0,1,45.00,119,17),(345,1,0,1,490.00,120,13),(346,1,0,1,425.00,121,1),(352,1,0,1,425.00,152,1),(353,1,0,1,550.00,152,6),(354,1,0,1,450.00,152,10),(355,1,0,1,13.00,153,19),(356,1,0,1,12.00,153,33),(357,1,0,1,22.00,153,34),(358,1,0,1,22.00,153,35),(359,1,0,1,18.00,153,38),(360,1,0,0,38.00,153,45),(361,1,0,1,8.00,153,58),(362,1,0,1,8.00,153,59),(363,1,0,1,8.00,153,60),(364,1,0,1,8.00,153,63),(365,1,0,1,8.00,153,65),(366,1,0,1,460.00,154,7),(367,1,0,1,13.00,155,19),(368,1,0,1,13.00,155,20),(369,1,0,1,12.00,155,33),(370,1,0,1,16.00,155,42),(371,1,0,1,22.00,155,34),(372,1,0,1,20.00,155,37),(373,1,0,1,20.00,155,43),(374,1,0,1,16.00,155,46),(375,1,0,0,25.00,155,47),(376,1,0,1,8.00,155,65),(377,1,0,1,19.00,155,68),(378,1,0,1,425.00,156,1),(379,1,0,1,10.00,156,23),(380,1,0,1,2.50,156,26),(381,1,0,1,2.50,156,27),(382,1,0,1,16.00,156,40),(383,1,0,0,25.00,156,47),(384,1,0,1,5.00,156,54),(385,1,0,1,425.00,157,1),(386,1,0,0,18.00,157,38),(387,1,0,1,5.00,157,54),(388,1,0,1,15.00,157,50),(389,1,0,1,425.00,158,1),(390,1,0,1,550.00,158,6),(391,1,0,1,210.00,159,2),(392,1,0,1,425.00,160,1),(393,1,0,1,20.00,160,37),(394,1,0,0,18.00,160,38),(395,1,0,1,450.00,161,10),(396,1,0,1,280.00,162,3),(397,1,0,1,450.00,162,10),(398,1,0,1,450.00,163,10),(399,1,0,1,12.00,163,21),(400,1,0,0,18.00,163,38),(401,1,0,1,38.00,163,45),(402,1,0,1,198.00,164,8),(403,1,0,1,198.00,165,8),(404,1,0,1,160.00,165,9),(405,1,0,1,12.00,165,33),(406,1,0,1,16.00,165,39),(407,1,0,1,4.00,165,52),(408,1,0,1,425.00,166,1),(409,1,0,1,198.00,166,8),(410,1,0,1,12.00,166,21),(411,1,0,1,12.00,166,22),(412,1,0,1,45.00,167,17),(413,1,0,1,10.00,167,23),(414,1,0,1,2.50,167,26),(415,1,0,1,2.50,167,27),(416,1,0,1,12.00,167,29),(417,1,0,1,12.00,167,31),(418,1,0,1,22.00,167,32),(419,1,0,1,12.00,167,33),(420,1,0,1,22.00,167,35),(421,1,0,1,20.00,167,37),(422,1,0,1,9.00,167,44),(423,1,0,0,25.00,167,47),(424,1,0,1,5.00,167,54),(425,1,0,1,198.00,168,8),(426,1,0,1,425.00,169,1),(427,1,0,1,550.00,169,6),(428,1,0,1,45.00,169,17),(429,1,0,1,10.00,169,23),(430,1,0,1,3.00,169,24),(431,1,0,1,2.50,169,26),(432,1,0,1,2.50,169,27),(433,1,0,1,12.00,169,29),(434,1,0,1,12.00,169,30),(435,1,0,1,12.00,169,31),(436,1,0,1,22.00,169,32),(437,1,0,1,16.00,169,36),(438,1,0,1,20.00,169,37),(439,1,0,0,18.00,169,38),(440,1,0,1,16.00,169,39),(441,1,0,1,16.00,169,40),(442,1,0,1,28.00,169,41),(443,1,0,1,16.00,169,42),(444,1,0,1,20.00,169,43),(445,1,0,1,9.00,169,44),(446,1,0,0,38.00,169,45),(447,1,0,1,16.00,169,46),(448,1,0,1,16.00,169,49),(449,1,0,1,15.00,169,50),(450,1,0,1,4.00,169,52),(451,1,0,1,8.00,169,53),(452,1,0,1,5.00,169,54),(453,1,0,1,425.00,170,1),(454,1,0,1,45.00,170,17),(455,1,0,1,38.00,170,18),(456,1,0,1,425.00,171,1),(457,1,0,1,10.00,171,23),(458,1,0,1,2.50,171,26),(459,1,0,1,2.50,171,27),(460,1,0,1,16.00,171,36),(461,1,0,1,20.00,171,37),(462,1,0,0,18.00,171,38),(463,1,0,1,16.00,171,39),(464,1,0,1,16.00,171,40),(465,1,0,0,25.00,171,47),(466,1,0,1,16.00,171,49),(467,1,0,1,5.00,171,54),(468,1,0,1,12.00,171,33),(502,1,0,1,425.00,202,1),(503,1,0,1,550.00,202,6),(504,1,0,1,198.00,202,8),(505,1,0,1,450.00,202,10),(506,1,0,1,45.00,202,17),(507,1,0,1,38.00,202,18),(508,1,0,1,12.00,202,21),(509,1,0,1,3.00,202,24),(510,1,0,1,16.00,202,39),(511,1,0,1,28.00,202,41),(512,1,0,1,4.00,202,52),(513,1,0,1,8.00,202,53),(514,1,0,1,425.00,203,1),(515,1,0,1,38.00,203,18),(516,1,0,1,3.00,203,24),(517,1,0,1,28.00,203,55),(518,1,0,1,6.00,204,28),(519,1,0,1,16.00,204,36),(520,1,0,1,20.00,204,37),(521,1,0,1,16.00,204,39),(522,1,0,1,16.00,204,40),(523,1,0,0,38.00,204,45),(524,1,0,1,15.00,204,50),(525,1,0,1,4.00,204,52),(526,1,0,1,5.00,204,54),(527,1,0,1,198.00,205,8),(528,1,0,1,425.00,206,1),(529,1,0,1,550.00,206,6),(530,2,0,2,490.00,206,11),(531,1,0,1,490.00,206,13),(532,1,0,1,13.00,206,19),(533,1,0,1,13.00,206,20),(534,1,0,1,10.00,206,23),(535,1,0,1,3.00,206,24),(536,2,0,2,2.50,206,26),(537,2,0,2,2.50,206,27),(538,1,0,1,6.00,206,28),(539,1,0,1,12.00,206,29),(540,1,0,1,12.00,206,30),(541,1,0,1,12.00,206,31),(542,1,0,1,12.00,206,33),(543,1,0,1,22.00,206,35),(544,1,0,1,16.00,206,36),(545,1,0,1,20.00,206,37),(546,1,0,0,18.00,206,38),(547,1,0,1,16.00,206,39),(548,1,0,1,16.00,206,40),(549,1,0,1,16.00,206,42),(550,1,0,0,38.00,206,45),(551,1,0,1,16.00,206,46),(552,1,0,1,5.00,206,54),(553,1,0,1,425.00,207,1),(554,1,0,1,425.00,208,1),(555,1,0,1,3.00,208,24),(556,1,0,1,12.00,208,33),(557,1,0,1,20.00,208,37),(558,1,0,1,16.00,208,49),(559,1,0,1,5.00,208,54),(560,1,0,0,19.00,209,70),(561,1,0,0,19.00,209,71),(562,1,0,0,19.00,209,72),(563,1,0,0,19.00,209,75),(564,1,0,1,425.00,210,1),(565,1,0,1,198.00,211,8),(566,1,0,1,425.00,212,1),(567,1,0,1,280.00,213,3),(568,1,0,1,198.00,214,8),(569,1,0,1,38.00,214,18),(570,1,0,1,28.00,214,55),(571,1,0,0,19.00,214,70),(572,1,0,1,19.00,214,72),(573,1,0,0,19.00,214,73),(574,1,0,0,19.00,214,75),(575,1,0,1,380.00,215,5),(576,1,0,1,425.00,216,1),(577,1,0,1,460.00,216,7),(578,1,0,1,490.00,216,13),(579,1,0,1,45.00,216,17),(580,1,0,1,12.00,216,21),(581,1,0,1,12.00,216,22),(582,1,0,1,10.00,216,23),(583,1,0,1,2.50,216,26),(584,1,0,1,2.50,216,27),(585,1,0,1,16.00,216,36),(586,1,0,1,16.00,216,39),(587,1,0,1,16.00,216,42),(588,1,0,1,20.00,216,43),(589,1,0,1,9.00,216,44),(590,1,0,1,16.00,216,48),(591,1,0,1,5.00,216,54),(592,1,0,1,19.00,216,68),(593,1,0,1,19.00,216,77),(594,1,0,1,198.00,217,8),(595,1,0,1,425.00,218,1),(596,1,0,1,550.00,218,6),(597,1,0,1,390.00,218,12),(598,1,0,1,390.00,218,14),(599,1,0,1,12.00,218,21),(600,1,0,1,12.00,218,22),(601,1,0,1,6.00,218,28),(602,1,0,1,20.00,218,37),(603,1,0,1,198.00,219,8),(604,1,0,1,50.00,219,25),(605,1,0,1,22.00,219,34),(606,1,0,1,22.00,219,35),(607,1,0,1,20.00,219,43),(608,1,0,1,28.00,219,55),(609,1,0,1,19.00,219,70),(610,1,0,1,19.00,219,72),(611,1,0,1,19.00,219,74),(612,1,0,1,19.00,219,75),(613,1,0,1,19.00,219,76),(614,1,0,1,10.00,220,23),(615,1,0,1,2.50,220,26),(616,1,0,1,2.50,220,27),(617,1,0,1,12.00,220,29),(618,1,0,1,12.00,220,30),(619,1,0,1,22.00,220,32),(620,1,0,1,12.00,220,33),(621,1,0,1,22.00,220,35),(622,2,0,0,38.00,220,45),(623,1,0,1,198.00,221,8),(652,1,0,1,10.00,252,23),(653,1,0,1,6.00,252,28),(654,1,0,1,12.00,252,33),(655,1,0,1,16.00,252,36),(656,1,0,1,20.00,252,37),(657,1,0,0,18.00,252,38),(658,1,0,1,16.00,252,39),(659,1,0,1,16.00,252,40),(660,1,0,1,28.00,252,41),(661,1,0,0,16.00,252,42),(662,1,0,1,20.00,252,43),(663,1,0,1,16.00,252,46),(664,1,0,0,25.00,252,47),(665,1,0,1,16.00,252,48),(666,1,0,1,16.00,252,49),(667,1,0,1,15.00,252,50),(668,1,0,1,5.00,252,54),(669,1,0,1,28.00,252,55),(670,1,0,1,20.00,253,43),(671,1,0,1,8.00,253,58),(672,1,0,1,8.00,253,60),(673,1,0,1,8.00,253,61),(674,1,0,1,8.00,253,63),(675,1,0,1,8.00,253,65),(676,1,0,1,198.00,254,8),(677,1,0,1,450.00,254,10),(678,1,0,1,550.00,255,6),(679,1,0,1,45.00,255,17),(680,1,0,1,38.00,255,18),(681,1,0,1,10.00,256,23),(682,1,0,1,2.50,256,26),(683,1,0,1,2.50,256,27),(684,1,0,1,6.00,256,28),(685,1,0,1,12.00,256,29),(686,1,0,1,12.00,256,30),(687,1,0,1,12.00,256,31),(688,1,0,1,22.00,256,32),(689,1,0,1,12.00,256,33),(690,1,0,1,22.00,256,34),(691,1,0,1,16.00,256,36),(692,1,0,1,20.00,256,37),(693,1,0,0,18.00,256,38),(694,1,0,1,16.00,256,40),(695,1,0,0,16.00,256,42),(696,1,0,1,9.00,256,44),(697,1,0,1,16.00,256,46),(698,1,0,0,25.00,256,47),(699,1,0,1,16.00,256,49),(700,1,0,1,8.00,256,53),(701,1,0,1,5.00,256,54),(702,1,0,1,28.00,256,55),(703,1,0,1,198.00,257,8),(704,1,0,1,550.00,258,6),(705,1,0,1,450.00,258,10),(706,1,0,1,12.00,258,33),(707,1,0,1,210.00,259,2),(708,1,0,1,3.00,259,24),(709,2,0,4,425.00,260,1),(710,3,0,6,198.00,260,8),(711,1,0,2,450.00,260,10),(712,5,0,10,490.00,260,11),(713,5,0,10,490.00,260,13),(714,1,0,2,20.00,260,37),(715,1,0,1,18.00,260,38),(716,1,0,2,16.00,260,39),(717,1,0,2,28.00,260,41),(718,1,0,2,20.00,260,43),(719,1,0,2,9.00,260,44),(720,1,0,2,16.00,260,49),(721,1,0,2,15.00,260,50),(722,1,0,2,19.00,260,73),(723,1,0,1,425.00,261,1),(724,1,0,1,3.00,262,24),(725,1,0,1,2.50,262,26),(726,1,0,1,2.50,262,27),(727,1,0,1,6.00,262,28),(728,1,0,1,12.00,262,29),(729,1,0,1,12.00,262,30),(730,1,0,1,22.00,262,32),(731,1,0,1,12.00,262,33),(732,1,0,1,22.00,262,35),(733,1,0,1,16.00,262,36),(734,1,0,1,16.00,262,39),(735,1,0,1,28.00,262,41),(736,1,0,1,20.00,262,43),(737,1,0,0,38.00,262,45),(738,1,0,1,8.00,262,53),(739,1,0,1,5.00,262,54),(740,1,0,1,28.00,262,55),(741,1,0,0,19.00,262,75),(742,1,0,1,425.00,263,1),(743,1,0,1,13.00,263,19),(744,1,0,1,13.00,263,20),(745,1,0,1,10.00,263,23),(746,1,0,1,3.00,263,24),(747,1,0,1,2.50,263,26),(748,1,0,1,2.50,263,27),(749,1,0,1,12.00,263,33),(750,1,0,1,22.00,263,35),(751,1,0,0,18.00,263,38),(752,1,0,0,38.00,263,45),(753,1,0,1,8.00,263,58),(754,1,0,1,8.00,263,59),(755,1,0,1,8.00,263,60),(756,1,0,1,8.00,263,61),(757,1,0,1,8.00,263,62),(758,1,0,1,8.00,263,63),(759,1,0,1,8.00,263,64),(760,1,0,1,8.00,263,65),(761,1,0,1,2.50,264,26),(762,1,0,1,13.00,265,19),(763,2,0,2,10.00,265,23),(764,1,0,1,12.00,265,29),(765,1,0,1,12.00,265,30),(766,1,0,1,12.00,265,31),(767,1,0,1,22.00,265,32),(768,1,0,1,12.00,265,33),(769,1,0,1,16.00,265,36),(770,3,0,0,18.00,265,38),(771,1,0,1,16.00,265,39),(772,2,0,2,16.00,265,40),(773,1,0,1,28.00,265,41),(774,1,0,0,16.00,265,42),(775,2,0,2,20.00,265,43),(776,1,0,0,38.00,265,45),(777,1,0,0,25.00,265,47),(778,1,0,1,16.00,265,49),(779,1,0,1,8.00,265,53),(780,2,0,2,5.00,265,54),(781,1,0,1,28.00,265,55),(782,1,0,1,8.00,265,58),(783,1,0,1,8.00,265,59),(784,1,0,1,8.00,265,60),(785,1,0,1,8.00,265,61),(786,1,0,1,8.00,265,62),(787,1,0,1,8.00,265,63),(788,1,0,1,8.00,265,64),(789,1,0,1,8.00,265,65),(790,1,0,1,425.00,266,1),(791,1,0,1,425.00,267,1),(792,1,0,1,460.00,267,7),(793,1,0,0,18.00,267,38),(794,1,0,1,16.00,267,40),(795,1,0,0,25.00,267,47),(796,1,0,1,5.00,267,54),(797,1,0,1,425.00,268,1),(798,1,0,1,198.00,268,8),(799,1,0,1,450.00,268,10),(800,1,0,1,160.00,269,9),(801,1,0,1,425.00,270,1),(802,1,0,1,198.00,270,8),(803,1,0,1,12.00,270,21),(804,1,0,1,12.00,270,22),(805,1,0,1,198.00,271,8),(852,1,0,1,198.00,302,8),(853,1,0,1,450.00,303,10),(854,1,0,1,6.00,303,28),(855,1,0,1,16.00,303,40),(856,1,0,0,16.00,303,42),(857,1,0,1,20.00,303,43),(858,1,0,0,38.00,303,45),(859,1,0,1,198.00,304,8),(860,1,0,1,450.00,304,10),(861,1,0,1,38.00,304,18),(862,1,0,1,45.00,305,17),(863,1,0,1,38.00,305,18),(864,1,0,1,13.00,305,19),(865,1,0,1,13.00,305,20),(866,1,0,1,12.00,305,21),(867,1,0,1,12.00,305,22),(868,1,0,0,25.00,305,47),(869,1,0,1,28.00,305,55),(870,1,0,1,45.00,306,17),(871,1,0,1,38.00,306,18),(872,1,0,1,13.00,306,19),(873,1,0,1,13.00,306,20),(874,1,0,0,50.00,306,25),(875,1,0,1,2.50,306,26),(876,1,0,1,2.50,306,27),(877,1,0,1,16.00,306,36),(878,1,0,1,20.00,306,37),(879,1,0,0,18.00,306,38),(880,1,0,1,16.00,306,39),(881,1,0,1,28.00,306,41),(882,1,0,1,20.00,306,43),(883,1,0,1,9.00,306,44),(884,1,0,0,38.00,306,45),(885,1,0,1,16.00,306,48),(886,1,0,1,16.00,306,49),(887,1,0,1,15.00,306,50),(888,1,0,1,28.00,306,55),(889,1,0,1,28.00,306,57),(890,1,0,1,2.50,307,26),(891,1,0,1,2.50,307,27),(892,1,0,1,12.00,307,33),(893,1,0,1,22.00,307,35),(894,1,0,1,20.00,307,37),(895,1,0,1,28.00,307,41),(896,1,0,0,16.00,307,42),(897,1,0,1,20.00,307,43),(898,1,0,1,9.00,307,44),(899,1,0,1,16.00,307,49),(900,0,0,0,198.00,308,8),(901,1,0,0,13.00,309,19),(902,1,0,0,13.00,309,20),(903,1,0,0,10.00,309,23),(904,1,0,0,50.00,309,25),(905,1,0,0,12.00,309,33),(906,1,0,0,22.00,309,34),(907,1,0,0,22.00,309,35),(908,1,0,0,16.00,309,36),(909,1,0,0,20.00,309,37),(910,1,0,0,16.00,309,39),(911,1,0,0,38.00,309,45),(912,1,0,0,16.00,309,46),(913,1,0,0,25.00,309,47),(914,1,0,0,16.00,309,49),(915,1,0,0,18.00,310,38),(916,1,0,1,16.00,310,39),(917,1,0,0,16.00,310,42),(918,1,0,0,38.00,310,45),(919,1,0,1,16.00,310,49),(920,1,0,1,15.00,310,50),(921,1,0,1,19.00,310,68),(922,1,0,1,10.00,311,23),(923,1,0,1,12.00,311,33),(924,1,0,0,16.00,311,42),(925,1,0,1,20.00,311,43),(926,1,0,1,9.00,311,44),(927,1,0,1,16.00,311,49),(928,1,0,1,425.00,312,1),(929,1,0,1,460.00,312,7),(930,1,0,0,18.00,312,38),(931,1,0,0,38.00,312,45),(932,1,0,1,8.00,312,53),(933,1,0,1,5.00,312,54),(934,1,0,1,280.00,313,3),(935,1,0,1,425.00,314,1),(936,1,0,1,45.00,314,17),(937,1,0,1,38.00,314,18),(938,1,0,1,6.00,314,28),(939,1,0,1,16.00,314,36),(940,1,0,1,20.00,314,37),(941,1,0,0,18.00,314,38),(942,1,0,1,16.00,314,40),(943,1,0,1,8.00,314,60),(944,1,0,1,425.00,315,1),(945,1,0,1,12.00,315,33),(946,1,0,1,20.00,315,37),(947,1,0,0,18.00,315,38),(948,1,0,0,25.00,315,47),(949,1,0,1,450.00,316,10),(950,1,0,1,45.00,316,17),(951,1,0,1,38.00,316,18),(952,1,0,1,13.00,316,19),(953,1,0,1,13.00,316,20),(954,1,0,1,3.00,316,24),(955,1,0,1,6.00,316,28),(956,1,0,1,12.00,316,33),(957,1,0,1,20.00,316,37),(958,1,0,0,18.00,316,38),(959,1,0,1,16.00,316,39),(960,1,0,1,20.00,316,43),(961,1,0,1,9.00,316,44),(962,1,0,0,38.00,316,45),(963,1,0,1,16.00,316,46),(964,1,0,0,25.00,316,47),(965,1,0,1,19.00,316,68),(966,1,0,0,19.00,316,69),(967,1,0,0,19.00,316,70),(968,1,0,1,19.00,316,71),(969,1,0,0,19.00,316,72),(970,1,0,0,19.00,316,74),(971,1,0,1,425.00,317,1),(972,1,0,1,45.00,317,17),(973,1,0,0,18.00,317,38),(974,1,0,1,20.00,317,43),(975,1,0,0,38.00,317,45),(976,1,0,1,8.00,317,53),(977,1,0,1,5.00,317,54),(978,1,0,1,550.00,318,6),(979,1,0,1,198.00,318,8),(980,4,0,4,425.00,319,1),(981,4,0,4,38.00,319,18),(982,1,0,1,4.00,319,52),(983,1,0,1,425.00,320,1),(984,1,0,1,550.00,320,6),(985,1,0,1,460.00,320,7),(986,2,0,2,450.00,320,10),(987,1,0,1,490.00,320,11),(988,2,0,2,490.00,320,13),(989,1,0,1,490.00,320,15),(990,1,0,1,13.00,320,19),(991,1,0,1,13.00,320,20),(992,1,0,0,50.00,320,25),(993,1,0,1,16.00,320,36),(994,2,0,0,18.00,320,38),(995,1,0,0,38.00,320,45),(996,2,0,0,25.00,320,47),(997,1,0,1,8.00,320,60),(998,1,0,1,8.00,320,61),(999,1,0,1,8.00,320,62),(1000,1,0,1,8.00,320,63),(1001,1,0,1,8.00,320,64),(1002,2,0,2,8.00,320,65),(1003,2,0,0,19.00,320,70),(1004,1,0,0,19.00,320,71),(1005,2,0,0,19.00,320,72),(1006,1,0,1,19.00,320,73),(1007,1,0,0,19.00,320,74),(1008,1,0,0,19.00,320,75),(1009,1,0,1,19.00,320,76),(1010,1,0,1,19.00,320,77),(1011,1,0,1,425.00,321,1),(1012,1,0,1,550.00,321,6),(1013,1,0,1,12.00,321,21),(1014,1,0,1,12.00,321,22),(1015,1,0,1,10.00,321,23),(1016,1,0,1,20.00,321,37),(1017,1,0,0,18.00,321,38),(1018,1,0,1,16.00,321,39),(1019,1,0,1,20.00,321,43),(1020,1,0,1,9.00,321,44),(1021,1,0,1,28.00,321,55),(1022,1,0,1,425.00,322,1),(1023,1,0,0,50.00,322,25),(1024,1,0,0,18.00,322,38),(1025,1,0,0,38.00,322,45),(1026,1,0,1,5.00,322,54),(1027,2,0,2,19.00,322,68),(1028,3,0,0,19.00,322,69),(1052,2,0,2,425.00,352,1),(1053,1,0,1,450.00,352,10),(1054,1,0,1,198.00,353,8),(1055,1,0,1,425.00,354,1),(1056,1,0,1,45.00,354,17),(1057,1,0,1,38.00,354,18),(1058,1,0,1,3.00,354,24),(1059,1,0,1,12.00,354,30),(1060,1,0,1,12.00,354,31),(1061,1,0,1,22.00,354,32),(1062,1,0,1,16.00,354,36),(1063,1,0,0,38.00,354,45),(1064,1,0,1,5.00,354,54),(1065,1,0,1,19.00,354,68),(1066,1,0,0,19.00,354,69),(1067,2,0,2,198.00,355,8),(1068,1,0,1,13.00,356,19),(1069,1,0,1,13.00,356,20),(1070,1,0,1,6.00,356,28),(1071,1,0,1,12.00,356,33),(1072,1,0,1,22.00,356,34),(1073,1,0,1,16.00,356,46),(1074,1,0,0,25.00,356,47),(1075,1,0,1,16.00,356,49),(1076,1,0,1,28.00,356,55),(1077,1,0,1,8.00,356,58),(1078,1,0,1,8.00,356,65),(1079,1,0,0,19.00,356,70),(1080,1,0,0,19.00,356,71),(1081,1,0,0,19.00,356,74),(1082,1,0,0,19.00,356,75),(1083,1,0,0,19.00,356,76),(1084,1,0,1,425.00,357,1),(1085,1,0,1,198.00,358,8),(1086,1,0,1,38.00,359,18),(1087,1,0,1,12.00,359,21),(1088,1,0,1,2.50,359,26),(1089,1,0,1,2.50,359,27),(1090,1,0,1,6.00,359,28),(1091,1,0,0,38.00,359,45),(1092,1,0,1,425.00,360,1),(1093,1,0,1,198.00,360,8),(1094,1,0,1,6.00,360,28),(1095,1,0,1,450.00,361,10),(1096,1,0,1,16.00,361,36),(1097,1,0,1,16.00,361,39),(1098,1,0,1,16.00,361,40),(1099,1,0,1,460.00,362,7),(1100,1,0,1,12.00,362,33),(1101,1,0,0,18.00,362,38),(1102,1,0,0,25.00,362,47),(1103,1,0,1,28.00,362,55),(1104,1,0,0,19.00,362,74),(1105,1,0,1,10.00,363,23),(1106,1,0,1,2.50,363,26),(1107,1,0,1,2.50,363,27),(1108,1,0,1,6.00,363,28),(1109,1,0,1,12.00,363,29),(1110,1,0,1,12.00,363,31),(1111,1,0,1,22.00,363,32),(1112,1,0,1,22.00,363,35),(1113,1,0,1,16.00,363,36),(1114,1,0,0,18.00,363,38),(1115,1,0,0,38.00,363,45),(1116,1,0,0,25.00,363,47),(1117,1,0,1,4.00,363,52),(1118,1,0,0,198.00,364,8),(1119,1,0,0,50.00,365,25),(1120,1,0,0,6.00,365,28),(1121,1,0,0,20.00,365,37),(1122,1,0,0,28.00,365,41),(1123,1,0,0,25.00,365,47),(1124,1,0,0,28.00,365,55),(1125,1,0,1,425.00,366,1),(1126,1,0,1,550.00,366,6),(1127,1,0,1,198.00,366,8),(1128,1,0,1,490.00,366,11),(1129,1,0,1,20.00,366,37),(1130,1,0,1,425.00,367,1),(1131,1,0,1,45.00,367,17),(1132,1,0,1,16.00,367,36),(1133,1,0,1,20.00,367,43),(1134,1,0,0,25.00,367,47),(1135,1,0,1,4.00,367,52),(1136,1,0,1,5.00,367,54),(1137,1,0,1,490.00,368,13),(1138,1,0,1,490.00,368,15),(1139,1,0,1,198.00,369,8),(1152,1,0,2,490.00,59,11),(1153,1,0,2,45.00,59,17),(1154,1,0,2,38.00,59,18),(1155,1,0,2,3.00,59,24),(1156,1,0,2,5.00,59,54),(1157,1,0,1,490.00,60,11),(1158,1,0,1,490.00,60,13),(1159,1,0,1,38.00,60,18),(1160,1,0,1,13.00,60,19),(1161,1,0,1,13.00,60,20),(1162,1,0,1,50.00,60,25),(1163,1,0,1,20.00,60,37),(1164,1,0,1,28.00,60,41),(1165,1,0,1,38.00,60,45),(1166,1,0,1,198.00,62,8),(1167,1,0,1,450.00,62,10),(1168,1,0,0,13.00,62,19),(1169,1,0,1,12.00,62,21),(1170,1,0,1,50.00,62,25),(1171,1,0,1,12.00,62,22),(1172,1,0,1,2.50,62,26),(1173,1,0,1,2.50,62,27),(1174,1,0,1,22.00,62,34),(1175,1,0,1,28.00,62,41),(1176,1,0,1,16.00,62,42),(1177,1,0,1,9.00,62,44),(1178,1,0,1,25.00,62,47),(1179,1,0,1,12.00,62,51),(1180,1,0,1,5.00,62,54),(1181,1,0,1,28.00,62,55),(1182,1,0,1,28.00,62,57),(1183,1,0,1,8.00,62,59),(1184,1,0,1,2.50,65,26),(1185,1,0,1,2.50,65,27),(1186,1,0,1,18.00,65,38),(1187,1,0,1,16.00,65,39),(1188,1,0,1,16.00,65,40),(1189,1,0,1,15.00,65,50),(1190,1,0,1,5.00,65,54),(1191,1,0,1,160.00,70,9),(1192,1,0,1,16.00,70,36),(1193,1,0,1,16.00,70,39),(1194,1,0,1,16.00,70,40),(1195,1,0,1,20.00,70,43),(1196,1,0,1,13.00,105,20),(1197,1,0,1,2.50,105,26),(1198,1,0,1,2.50,105,27),(1199,1,0,1,12.00,105,33),(1200,1,0,1,22.00,105,35),(1201,1,0,1,16.00,105,36),(1202,1,0,1,16.00,105,39),(1203,1,0,1,16.00,105,42),(1204,1,0,1,20.00,105,43),(1205,1,0,1,25.00,105,47),(1206,1,0,1,16.00,105,49),(1207,1,0,1,5.00,105,54),(1208,1,0,1,19.00,105,68),(1209,1,0,1,19.00,105,69),(1210,1,0,1,16.00,106,36),(1211,1,0,1,16.00,106,39),(1212,1,0,1,198.00,107,8),(1213,1,0,1,450.00,107,10),(1214,1,0,1,490.00,107,11),(1215,1,0,1,45.00,107,17),(1216,1,0,1,38.00,107,18),(1217,1,0,1,3.00,107,24),(1218,1,0,1,12.00,107,29),(1219,1,0,1,12.00,107,30),(1220,1,0,1,38.00,107,45),(1221,1,0,1,10.00,111,23),(1222,1,0,1,22.00,111,35),(1223,1,0,1,18.00,111,38),(1224,1,0,1,5.00,111,54),(1225,1,0,1,19.00,111,69),(1226,1,0,1,19.00,111,74),(1227,1,0,1,19.00,111,75),(1228,1,0,1,25.00,112,47),(1229,1,0,1,28.00,112,55),(1230,1,0,1,38.00,115,18),(1231,1,0,1,38.00,119,18),(1232,1,0,1,13.00,119,19),(1233,1,0,1,13.00,119,20),(1234,1,0,1,12.00,119,21),(1235,1,0,1,12.00,119,22),(1236,1,0,1,3.00,119,24),(1237,1,0,1,2.50,119,26),(1238,1,0,1,2.50,119,27),(1239,1,0,1,6.00,119,28),(1240,1,0,1,22.00,119,35),(1241,1,0,1,16.00,119,36),(1242,1,0,1,18.00,119,38),(1243,1,0,1,16.00,119,39),(1244,1,0,1,25.00,119,47),(1245,1,0,1,4.00,119,52),(1246,1,0,1,8.00,119,53),(1247,1,0,1,5.00,119,54),(1248,1,0,1,28.00,119,55),(1249,1,0,1,490.00,120,15),(1250,1,0,1,13.00,120,19),(1251,1,0,1,13.00,120,20),(1252,1,0,1,16.00,120,36),(1253,1,0,1,20.00,120,37),(1254,1,0,1,38.00,120,45),(1255,1,0,1,11.00,120,66),(1256,1,0,1,38.00,161,18),(1257,1,0,1,13.00,161,19),(1258,1,0,1,13.00,161,20),(1259,1,0,1,22.00,164,35),(1260,1,0,1,12.00,164,33),(1261,1,0,1,460.00,210,7),(1262,1,0,1,198.00,213,8),(1263,1,0,1,425.00,253,1),(1302,1,0,1,450.00,257,10),(1303,0,0,0,10.00,257,23),(1304,1,0,1,490.00,257,11),(1305,1,0,1,490.00,257,13),(1306,1,0,1,490.00,257,15),(1307,1,0,1,38.00,257,18),(1308,1,0,1,2.50,264,27),(1309,1,0,0,18.00,264,38),(1310,1,0,0,38.00,264,45),(1311,1,0,0,25.00,264,47),(1312,1,0,1,19.00,264,68),(1313,1,0,1,19.00,264,69),(1314,1,0,1,19.00,264,70),(1315,1,0,1,19.00,264,71),(1316,1,0,1,19.00,264,72),(1317,1,0,1,19.00,264,73),(1318,1,0,1,19.00,264,74),(1319,1,0,0,19.00,264,75),(1320,1,0,1,19.00,264,76),(1321,1,0,1,19.00,264,77),(1352,1,0,1,425.00,402,1),(1353,1,0,1,45.00,402,17),(1354,2,0,2,10.00,402,23),(1355,1,0,1,6.00,402,28),(1356,1,0,1,9.00,402,44),(1357,2,0,0,38.00,402,45),(1358,1,0,0,25.00,402,47),(1359,1,0,1,16.00,402,48),(1360,1,0,1,425.00,403,1),(1361,1,0,1,20.00,403,43),(1362,1,0,0,38.00,403,45),(1363,1,0,1,198.00,404,8),(1364,1,0,1,13.00,404,20),(1365,1,0,1,10.00,404,23),(1366,1,0,1,3.00,404,24),(1367,1,0,0,50.00,404,25),(1368,1,0,1,2.50,404,26),(1369,1,0,1,2.50,404,27),(1370,1,0,1,22.00,404,34),(1371,1,0,1,28.00,404,41),(1372,1,0,1,20.00,404,43),(1373,1,0,1,9.00,404,44),(1374,1,0,1,16.00,404,48),(1375,1,0,1,425.00,405,1),(1376,1,0,1,550.00,405,6),(1377,1,0,0,18.00,405,38),(1378,1,0,1,160.00,406,9),(1379,1,0,1,22.00,406,35),(1380,1,0,1,460.00,407,7),(1381,1,0,1,450.00,407,10),(1382,1,0,0,25.00,407,47),(1383,1,0,0,19.00,407,73),(1384,2,0,0,19.00,407,75),(1385,2,0,0,19.00,407,76),(1386,1,0,1,425.00,408,1),(1387,1,0,1,3.00,408,24),(1388,1,0,1,5.00,408,54),(1389,1,0,1,425.00,409,1),(1390,1,0,1,450.00,409,10),(1391,1,0,1,22.00,410,35),(1392,1,0,0,18.00,410,38),(1393,1,0,1,5.00,410,54),(1394,1,0,1,12.00,410,33),(1395,1,0,1,6.00,410,28),(1396,1,0,1,10.00,410,23),(1397,1,0,1,390.00,410,14),(1398,1,0,1,3.00,411,24),(1399,1,0,1,12.00,411,33),(1400,1,0,1,16.00,411,36),(1401,1,0,1,16.00,411,39),(1402,1,0,1,16.00,411,40),(1403,1,0,1,20.00,411,43),(1404,1,0,1,9.00,411,44),(1405,1,0,0,16.00,411,48),(1406,1,0,1,19.00,411,68),(1407,1,0,1,198.00,412,8),(1408,1,0,1,450.00,412,10),(1409,1,0,1,6.00,412,28),(1410,1,0,1,22.00,412,34),(1411,1,0,1,8.00,412,58),(1412,1,0,1,8.00,412,59),(1413,1,0,1,8.00,412,60),(1414,1,0,1,8.00,412,61),(1415,1,0,1,8.00,412,62),(1416,1,0,1,8.00,412,63),(1417,1,0,1,8.00,412,64),(1418,1,0,0,8.00,412,65),(1419,1,0,1,198.00,413,8),(1420,1,0,1,45.00,414,17),(1421,1,0,1,38.00,414,18),(1422,1,0,0,18.00,414,38),(1423,1,0,0,19.00,414,73),(1424,1,0,1,198.00,415,8),(1425,1,0,1,425.00,416,1),(1426,1,0,1,450.00,416,10),(1427,1,0,1,198.00,416,8),(1428,1,0,1,6.00,416,28),(1429,1,0,1,12.00,416,33),(1430,1,0,1,22.00,416,34),(1431,1,0,0,22.00,416,35),(1432,1,0,0,18.00,416,38),(1433,1,0,0,16.00,416,42),(1434,1,0,1,20.00,416,43),(1435,1,0,1,16.00,416,46),(1436,1,0,0,16.00,416,48),(1437,1,0,1,16.00,416,49),(1438,1,0,1,15.00,416,50),(1439,1,0,1,5.00,416,54),(1440,1,0,1,28.00,416,55),(1441,1,0,1,12.00,417,29),(1442,1,0,1,12.00,417,30),(1443,1,0,1,12.00,417,31),(1444,1,0,1,22.00,417,32),(1445,1,0,1,12.00,417,33),(1446,1,0,0,20.00,417,37),(1447,1,0,0,18.00,417,38),(1448,1,0,1,16.00,417,40),(1449,1,0,0,16.00,417,42),(1450,1,0,1,20.00,417,43),(1451,1,0,1,28.00,417,55),(1452,1,0,1,425.00,452,1),(1453,1,0,0,198.00,309,8),(1454,0,0,0,198.00,319,8),(1455,0,0,0,198.00,316,8),(1502,2,0,2,22.00,502,34),(1503,1,0,1,8.00,502,59),(1504,1,0,1,8.00,502,60),(1505,1,0,1,8.00,502,61),(1506,1,0,1,8.00,502,62),(1507,1,0,1,8.00,502,63),(1508,1,0,1,8.00,502,64),(1509,1,0,0,8.00,502,65),(1510,1,0,1,280.00,503,3),(1511,1,0,1,450.00,503,10),(1512,1,0,1,45.00,503,17),(1513,1,0,1,38.00,503,18),(1514,1,0,1,8.00,503,64),(1515,1,0,1,425.00,504,1),(1516,1,0,1,425.00,505,1),(1517,1,0,1,45.00,506,17),(1518,1,0,1,38.00,506,18),(1519,1,0,0,12.00,506,21),(1520,1,0,1,425.00,507,1),(1521,1,0,0,12.00,507,21),(1522,1,0,1,3.00,507,24),(1523,1,0,0,18.00,507,38),(1524,1,0,1,16.00,508,36),(1525,1,0,0,20.00,508,37),(1526,1,0,0,18.00,508,38),(1527,1,0,1,16.00,508,39),(1528,1,0,1,16.00,508,40),(1529,1,0,1,28.00,508,41),(1530,1,0,0,16.00,508,42),(1531,1,0,1,20.00,508,43),(1532,1,0,1,425.00,509,1),(1533,1,0,1,6.00,510,28),(1534,1,0,1,13.00,510,19),(1535,1,0,1,13.00,510,20),(1536,1,0,1,10.00,510,23),(1537,1,0,1,16.00,510,40),(1538,1,0,1,12.00,510,33),(1539,1,0,1,22.00,510,34),(1540,1,0,0,22.00,510,35),(1541,1,0,1,16.00,510,36),(1542,1,0,0,19.00,510,70),(1543,1,0,0,19.00,510,71),(1544,1,0,0,19.00,510,73),(1545,1,0,0,19.00,510,75),(1546,1,0,1,16.00,510,46),(1547,1,0,0,25.00,510,47),(1548,1,0,1,198.00,511,8),(1549,1,0,1,425.00,512,1),(1550,1,0,1,280.00,512,3),(1551,1,0,1,198.00,512,8),(1552,1,0,0,19.00,512,69),(1553,1,0,1,198.00,513,8),(1554,1,0,1,198.00,514,8),(1555,1,0,0,12.00,514,21),(1556,1,0,1,12.00,514,22),(1557,1,0,1,10.00,514,23),(1558,1,0,1,6.00,514,28),(1559,1,0,1,16.00,514,36),(1560,1,0,0,18.00,514,38),(1561,1,0,1,16.00,514,39),(1562,1,0,1,16.00,514,40),(1563,1,0,1,20.00,514,43),(1564,1,0,1,9.00,514,44),(1565,1,0,1,425.00,515,1),(1566,1,0,1,460.00,515,7),(1567,1,0,1,16.00,515,36),(1568,1,0,0,18.00,515,38),(1569,3,0,3,425.00,516,1),(1570,1,0,1,550.00,516,6),(1571,1,0,1,425.00,517,1),(1572,1,0,1,550.00,517,6),(1573,1,0,0,18.00,517,38),(1574,1,0,1,16.00,517,39),(1575,1,0,1,5.00,517,54),(1576,1,0,1,425.00,518,1),(1577,1,0,1,550.00,518,6),(1578,1,0,1,16.00,519,36),(1579,1,0,1,20.00,519,37),(1580,1,0,0,18.00,519,38),(1581,1,0,1,16.00,519,39),(1582,1,0,1,16.00,519,40),(1583,1,0,0,16.00,519,42),(1584,1,0,1,20.00,519,43),(1585,1,0,1,450.00,520,10),(1586,1,0,1,198.00,520,8),(1587,1,0,0,12.00,520,21),(1588,1,0,1,28.00,521,55),(1589,1,0,1,8.00,521,58),(1590,1,0,1,8.00,521,59),(1591,1,0,1,8.00,521,60),(1592,1,0,1,8.00,521,61),(1593,1,0,1,8.00,521,62),(1594,1,0,1,8.00,521,63),(1595,1,0,0,8.00,521,64),(1596,1,0,0,8.00,521,65),(1597,1,0,1,425.00,522,1),(1598,1,0,0,18.00,522,38),(1599,1,0,1,16.00,522,40),(1600,1,0,1,425.00,523,1),(1601,1,0,1,425.00,524,1),(1602,1,0,1,550.00,524,6),(1603,1,0,1,280.00,525,3),(1604,1,0,1,280.00,526,3),(1605,1,0,1,198.00,526,8),(1606,1,0,1,425.00,527,1),(1607,1,0,1,425.00,528,1),(1608,1,0,1,2.50,528,27),(1609,1,0,1,6.00,528,28),(1610,1,0,1,12.00,528,29),(1611,1,0,1,12.00,528,31),(1612,1,0,1,22.00,528,32),(1613,1,0,0,18.00,528,38),(1614,1,0,1,5.00,528,54),(1615,1,0,1,425.00,529,1),(1616,1,0,1,198.00,529,8),(1617,1,0,1,450.00,529,10),(1652,1,0,1,20.00,106,43),(1653,1,0,1,380.00,552,5),(1752,1,0,1,390.00,652,14),(1753,1,0,1,390.00,652,16),(1754,1,0,1,2.50,652,26),(1755,1,0,1,2.50,652,27),(1756,1,0,1,12.00,652,33),(1757,1,0,1,22.00,652,34),(1758,1,0,1,9.00,652,44),(1759,1,0,1,8.00,652,58),(1760,1,0,1,8.00,652,59),(1761,1,0,1,8.00,652,60),(1762,1,0,1,8.00,652,61),(1763,1,0,0,22.00,652,35),(1764,1,0,1,8.00,652,62),(1765,1,0,0,8.00,652,64),(1766,1,0,0,8.00,652,65),(1767,1,0,0,16.00,309,42),(1768,1,0,0,28.00,309,55),(1802,1,0,1,550.00,702,6),(1803,1,0,1,12.00,702,21),(1804,1,0,1,12.00,702,22),(1805,1,0,1,2.50,702,27),(1806,1,0,1,9.00,702,44),(1807,1,0,1,16.00,702,48),(1808,1,0,1,5.00,702,54),(1809,1,0,1,198.00,703,8),(1810,1,0,1,12.00,703,21),(1811,1,0,1,12.00,703,22),(1812,1,0,1,3.00,703,24),(1813,1,0,1,20.00,703,37),(1814,1,0,0,18.00,703,38),(1815,1,0,1,16.00,703,39),(1816,1,0,1,9.00,703,44),(1817,1,0,1,5.00,703,54),(1818,1,0,0,19.00,703,71),(1819,1,0,0,19.00,703,75),(1820,1,0,0,19.00,703,76),(1821,1,0,1,425.00,704,1),(1822,1,0,1,198.00,704,8),(1823,1,0,1,38.00,704,18),(1824,1,0,1,2.50,704,26),(1825,1,0,1,2.50,704,27),(1826,1,0,0,18.00,704,38),(1827,1,0,0,38.00,704,45),(1852,1,0,1,425.00,752,1),(1853,1,0,1,2.50,752,26),(1854,1,0,1,2.50,752,27),(1855,1,0,1,28.00,752,41),(1856,1,0,1,5.00,752,54),(1857,1,0,1,425.00,753,1),(1858,1,0,1,20.00,753,37),(1859,1,0,0,18.00,753,38),(1860,1,0,1,16.00,753,39),(1861,1,0,1,450.00,754,10),(1862,1,0,1,490.00,754,13),(1863,1,0,1,490.00,754,15),(1864,1,0,1,425.00,755,1),(1865,1,0,1,425.00,756,1),(1902,1,0,1,425.00,802,1),(1903,1,0,0,425.00,803,1),(1904,1,0,0,550.00,803,6),(1905,1,0,0,18.00,803,38),(1906,1,0,0,16.00,803,39),(1907,1,0,0,5.00,803,54),(1908,1,0,1,198.00,804,8),(1909,1,0,1,450.00,804,10),(1910,1,0,1,9.00,804,44),(1911,2,0,2,425.00,805,1),(1912,1,0,1,450.00,805,10),(1913,1,0,1,6.00,805,28),(1914,1,0,1,425.00,806,1),(1915,1,0,1,20.00,806,37),(1916,1,0,1,16.00,806,36),(1917,1,0,1,425.00,807,1);
/*!40000 ALTER TABLE `gsm_order_item` ENABLE KEYS */;
UNLOCK TABLES;

--
-- Table structure for table `gsm_product`
--

DROP TABLE IF EXISTS `gsm_product`;
/*!40101 SET @saved_cs_client     = @@character_set_client */;
/*!40101 SET character_set_client = utf8 */;
CREATE TABLE `gsm_product` (
  `obj_id` bigint(20) NOT NULL,
  `net_weight` decimal(10,2) DEFAULT NULL,
  `category` varchar(20) DEFAULT NULL,
  `image_path` varchar(200) DEFAULT NULL,
  `name` varchar(100) DEFAULT NULL,
  `ref_unit_price` decimal(10,2) DEFAULT NULL,
  `code` varchar(50) DEFAULT NULL,
  `obj_version` decimal(10,0) DEFAULT NULL,
  PRIMARY KEY (`obj_id`),
  UNIQUE KEY `uk_code` (`code`)
) ENGINE=InnoDB DEFAULT CHARSET=utf8;
/*!40101 SET character_set_client = @saved_cs_client */;

--
-- Dumping data for table `gsm_product`
--

LOCK TABLES `gsm_product` WRITE;
/*!40000 ALTER TABLE `gsm_product` DISABLE KEYS */;
INSERT INTO `gsm_product` VALUES (1,3.20,'BOOK',NULL,'phonics kids 台湾正版 1-6册全套',425.00,'101',1),(2,1.50,'BOOK',NULL,'Phonics kids 台湾正版 1-3册全套',210.00,'102',1),(3,1.70,'BOOK',NULL,'Phonics kids 台湾正版 4-6册全套',280.00,'103',1),(4,1.60,'BOOK',NULL,'Phonics kids 4-6 精装版套装',280.00,'104',1),(5,2.55,'BOOK',NULL,'Phonics kids 2-6 精装版套装',380.00,'105',1),(6,3.40,'BOOK',NULL,'Love English 8级别 大全套',550.00,'106',1),(7,2.60,'BOOK',NULL,'Love English 6级别 小全套',460.00,'107',1),(8,2.00,'BOOK',NULL,'Super Phonics 1-3 全套（6书8CD）',198.00,'108',1),(9,1.40,'BOOK',NULL,'Super Phonics 2-3 级别(4书6CD）',160.00,'109',1),(10,2.60,'BOOK',NULL,'东西Sight words 平装全10册',450.00,'110',1),(11,1.26,'BOOK',NULL,'SOE GK 套装（学生用书+练习册+测评题）',490.00,'111',1),(12,0.66,'BOOK',NULL,'SOE GK 主课本（一本学生用书）',390.00,'112',1),(13,1.70,'BOOK',NULL,'SOE G1套装（学生用书+练习册+测评题）',490.00,'113',1),(14,1.00,'BOOK',NULL,'SOE G1 主课本（一本学生用书）',390.00,'114',1),(15,1.70,'BOOK',NULL,'SOE G2套装（学生用书+练习册+测评题）',490.00,'115',1),(16,1.00,'BOOK',NULL,'SOE G2 主课本（一本学生用书）',390.00,'116',1),(17,0.54,'BOOK',NULL,'TFK Phonics字母书套装',45.00,'117',1),(18,0.36,'BOOK',NULL,'TFK Phonics 字母组合Word Family 套装 ',38.00,'118',1),(19,0.24,'BOOK',NULL,'TFK 科普阅读二年级五本装',13.00,'119',1),(20,0.24,'BOOK',NULL,'TFK 科普阅读三年级五本装',13.00,'120',1),(21,0.20,'BOOK',NULL,'Longman Primary Elect 1B - 香港小学英语书-朗文',12.00,'121',1),(22,0.24,'BOOK',NULL,'Longman Primary Elect 6B -  - 香港小学英语书-朗文',12.00,'122',1),(23,0.72,'BOOK',NULL,'My First Farmyard Tales 农场的故事(精装）',10.00,'11',1),(24,0.14,'BOOK',NULL,'Baby fun numbers 彩珠手提',3.00,'12',1),(25,2.42,'BOOK',NULL,'Think Tank 思考的坦克 – 趣味数学题目游戏卡 ',50.00,'13',1),(26,0.14,'BOOK',NULL,'马戏团立体书1 - Circus Ring Leader',2.50,'14',1),(27,0.14,'BOOK',NULL,'马戏团立体书2 - Circus Animal',2.50,'15',1),(28,0.16,'BOOK',NULL,'The booktime book of fantastic First Poem ',6.00,'16',1),(29,0.32,'BOOK',NULL,'超大! 幼儿园big book 1-《Days at the Beach》',12.00,'17',1),(30,0.20,'BOOK',NULL,'超大! 幼儿园big book 2-《Mrs Wishy-Washy\'s Tub》',12.00,'18',1),(31,0.32,'BOOK',NULL,'超大! 幼儿园big book 3-《What is this》',12.00,'19',1),(32,0.62,'BOOK',NULL,'超大！30*30 开本精装 《欧洲城堡游戏&故事书》 《Knights Castle》',22.00,'20',1),(33,0.12,'BOOK',NULL,'经典彩绘童话故事书精装本 The Adventure of Pinocchio  - 皮诺曹历险记',12.00,'21',1),(34,0.54,'BOOK',NULL,'精装欧洲神话故事 Great Irish Legends for children ',22.00,'22',1),(35,0.40,'BOOK',NULL,'经典绘图童话故事精装合集 A collection of fairy tales  ',22.00,'23',1),(36,0.42,'BOOK',NULL,'亚马逊五星绘本《Oliver Who Would Not Sleep》',16.00,'24',1),(37,0.42,'BOOK',NULL,'《Good Sports 》很棒的关于体育运动项目的绘本。',20.00,'25',1),(38,0.44,'BOOK',NULL,'小车迷的最爱 - 《I\'m a truck driver》',18.00,'26',1),(39,0.42,'BOOK',NULL,'亚马逊五星绘本 - 大嘴猴《Only In Dreams》',16.00,'27',1),(40,0.42,'BOOK',NULL,'《SkippyjonJones Big Bones》',16.00,'28',1),(41,0.44,'BOOK',NULL,'芭比公主换装游戏&故事绘本书 - 超值！\n《Giant Dress-up Doll Book》',28.00,'29',1),(42,0.34,'BOOK',NULL,'《Hanukkah!》-光明节绘本',16.00,'30',1),(43,0.42,'BOOK',NULL,'《The Very Fairy Princess》',20.00,'31',1),(44,0.14,'BOOK',NULL,'《My Vancouver Sketchbook》 温哥华环游记 韵律歌谣绘本',9.00,'32',1),(45,0.62,'BOOK',NULL,'《Monsters》 发音书，好玩的书，翻到哪一页，自动读哪一页，《怪物》',38.00,'33',1),(46,0.48,'BOOK',NULL,'《The Legends of sand Dollar》',16.00,'34',1),(47,0.58,'BOOK',NULL,'All around the farm - 关于农场的一切-科普读物',25.00,'35',1),(48,0.40,'BOOK',NULL,'《Nursery Rhymes》海绵软包童谣集',16.00,'36',1),(49,0.42,'BOOK',NULL,'《Hayfest》丰收节绘本',16.00,'37',1),(50,0.64,'BOOK',NULL,'《My Inner Child： A friend forever》',15.00,'38',1),(51,0.48,'BOOK',NULL,'《lynie An Inner Child》',12.00,'39',1),(52,0.10,'BOOK',NULL,'宝宝想象力训练 - 辛普森儿童卡通贴纸&涂色书 - 变黑白为彩色！',4.00,'40',1),(53,0.24,'BOOK',NULL,'美国儿童单词书 - 《Snooze》',8.00,'41',1),(54,0.16,'BOOK',NULL,'《I am just a fish》异形纸板故事绘本 ',5.00,'42',1),(55,1.50,'BOOK',NULL,'《Lonely Planet： A Year of Adventure》 环球四季旅游探险 - 著名小行星出版社纪念版 - 全彩色',28.00,'43',1),(56,1.50,'BOOK',NULL,'《Orgnisation Theory》 - 组织管理学第5版',28.00,'44',1),(57,1.50,'BOOK',NULL,'《Framework for learning and development》儿童学习与发展',28.00,'45',1),(58,0.16,'BOOK',NULL,'美国小学畅销科普原版书Upclose-Snakes',8.00,'46',1),(59,0.16,'BOOK',NULL,'美国小学畅销科普原版书Upclose-Pirates',8.00,'47',1),(60,0.16,'BOOK',NULL,'美国小学畅销科普原版书Upclose-Dinosaurs',8.00,'48',1),(61,0.16,'BOOK',NULL,'美国小学畅销科普原版书Upclose-T.Rex',8.00,'49',1),(62,0.16,'BOOK',NULL,'美国小学畅销科普原版书Upclose-Speed Machines',8.00,'50',1),(63,0.16,'BOOK',NULL,'美国小学畅销科普原版书Upclose-Dinosaurs',8.00,'51',1),(64,0.16,'BOOK',NULL,'美国小学畅销科普原版书Upclose-Monster Trucks',8.00,'52',1),(65,0.16,'BOOK',NULL,'美国小学畅销科普原版书Upclose-Space',8.00,'53',1),(66,0.22,'BOOK',NULL,'畅销中文漫画绘本 -虹猫蓝兔1 -蓝本',11.00,'54',1),(67,0.22,'BOOK',NULL,'畅销中文漫画绘本 -虹猫蓝兔1 -红本',11.00,'55',1),(68,1.20,'BOOK',NULL,'安徒生童话精装上下册套装',19.00,'56',1),(69,2.10,'BOOK',NULL,'《世界经典童话\n故事》',19.00,'57',1),(70,2.10,'BOOK',NULL,'《人类未解之谜》',19.00,'58',1),(71,2.10,'BOOK',NULL,'《中外文化常识》',19.00,'59',1),(72,2.10,'BOOK',NULL,'《世界之最》',19.00,'60',1),(73,2.10,'BOOK',NULL,'《动物世界大百科》',19.00,'61',1),(74,2.10,'BOOK',NULL,'《十万个为什么》',19.00,'62',1),(75,2.10,'BOOK',NULL,'《世界上下五千年》',19.00,'63',1),(76,2.10,'BOOK',NULL,'《中华上下五千年》',19.00,'64',1),(77,2.10,'BOOK',NULL,'《少年儿童大百科》',19.00,'65',1);
/*!40000 ALTER TABLE `gsm_product` ENABLE KEYS */;
UNLOCK TABLES;

--
-- Table structure for table `gsm_sequence`
--

DROP TABLE IF EXISTS `gsm_sequence`;
/*!40101 SET @saved_cs_client     = @@character_set_client */;
/*!40101 SET character_set_client = utf8 */;
CREATE TABLE `gsm_sequence` (
  `name` varchar(50) NOT NULL,
  `count` decimal(38,0) DEFAULT NULL,
  PRIMARY KEY (`name`)
) ENGINE=InnoDB DEFAULT CHARSET=utf8;
/*!40101 SET character_set_client = @saved_cs_client */;

--
-- Dumping data for table `gsm_sequence`
--

LOCK TABLES `gsm_sequence` WRITE;
/*!40000 ALTER TABLE `gsm_sequence` DISABLE KEYS */;
INSERT INTO `gsm_sequence` VALUES ('gsm_delivery',251),('gsm_delivery_item',1251),('gsm_group',50),('gsm_order',851),('gsm_order_item',1951),('gsm_product',100);
/*!40000 ALTER TABLE `gsm_sequence` ENABLE KEYS */;
UNLOCK TABLES;

--
-- Table structure for table `gsm_storage`
--

DROP TABLE IF EXISTS `gsm_storage`;
/*!40101 SET @saved_cs_client     = @@character_set_client */;
/*!40101 SET character_set_client = utf8 */;
CREATE TABLE `gsm_storage` (
  `product_id` bigint(20) NOT NULL,
  `count` decimal(5,0) DEFAULT NULL,
  PRIMARY KEY (`product_id`),
  CONSTRAINT `FK_gsm_storage_product_id` FOREIGN KEY (`product_id`) REFERENCES `gsm_product` (`obj_id`)
) ENGINE=InnoDB DEFAULT CHARSET=utf8;
/*!40101 SET character_set_client = @saved_cs_client */;

--
-- Dumping data for table `gsm_storage`
--

LOCK TABLES `gsm_storage` WRITE;
/*!40000 ALTER TABLE `gsm_storage` DISABLE KEYS */;
/*!40000 ALTER TABLE `gsm_storage` ENABLE KEYS */;
UNLOCK TABLES;
/*!40103 SET TIME_ZONE=@OLD_TIME_ZONE */;

/*!40101 SET SQL_MODE=@OLD_SQL_MODE */;
/*!40014 SET FOREIGN_KEY_CHECKS=@OLD_FOREIGN_KEY_CHECKS */;
/*!40014 SET UNIQUE_CHECKS=@OLD_UNIQUE_CHECKS */;
/*!40101 SET CHARACTER_SET_CLIENT=@OLD_CHARACTER_SET_CLIENT */;
/*!40101 SET CHARACTER_SET_RESULTS=@OLD_CHARACTER_SET_RESULTS */;
/*!40101 SET COLLATION_CONNECTION=@OLD_COLLATION_CONNECTION */;
/*!40111 SET SQL_NOTES=@OLD_SQL_NOTES */;

-- Dump completed on 2011-10-22  1:21:15
